Department,Semester,Subject,Assessment Stage,Attendance,SPI,Study Hours,Backlogs,Mid1,Mid2,Expected Grade,Pass,Performance Category
Mechanical Engineering,8,Industrial Engineering,After Mid-2,81.9,7.81,19.0,0,9.8,16.1,AB,1,Excellent
Mechanical Engineering,8,Project-2,After Mid-2,84.8,6.49,18.7,0,5.9,8.0,BC,1,Good
Information Technology,3,Data Structures,After Mid-1,79.8,6.41,20.9,0,5.1,,BC,1,Good
Information Technology,3,Digital Electronics,After Mid-2,81.7,6.72,21.1,0,7.1,15.1,BB,1,Very Good
Electronics & Communication,3,Signals & Systems,After Mid-1,79.1,8.17,24.7,0,5.5,,BB,1,Very Good
Information Technology,2,English,After Mid-1,100.0,8.12,24.8,0,9.9,,AA,1,Excellent
Information Technology,1,Basic Electrical Engineering,Before Mid-1,64.1,4.66,18.5,3,,,FF,0,At Risk
Information Technology,1,Basic Electrical Engineering,After Mid-2,90.7,6.88,20.3,0,6.1,13.5,BB,1,Very Good
Computer Engineering,7,Project-1,After Mid-1,80.8,7.57,23.9,0,8.6,,AB,1,Excellent
Computer Engineering,3,Probability & Statistics,Before Mid-1,74.3,5.31,17.5,1,,,CC,1,Average
Electrical Engineering,3,Electrical Circuit Analysis,After Mid-2,75.7,6.05,22.5,2,5.1,11.3,CC,1,Average
Mechanical Engineering,5,Internal Combustion Engines,After Mid-1,85.3,6.76,16.1,0,5.7,,BB,1,Very Good
Information Technology,3,Digital Electronics,Before Mid-1,76.3,6.23,20.8,0,,,BC,1,Good
Computer Engineering,3,Database Management Systems,Before Mid-1,73.3,4.61,16.4,0,,,BC,1,Good
Electrical Engineering,4,Electromagnetic Field Theory,After Mid-2,81.4,4.0,22.4,0,4.8,7.8,CC,1,Average
Computer Engineering,8,Internet of Things,After Mid-1,100.0,8.93,22.6,0,8.7,,AA,1,Excellent
Mechanical Engineering,6,Computer Aided Design (CAD),After Mid-2,72.9,5.67,21.6,0,6.0,12.8,BC,1,Good
Mechanical Engineering,8,Project-2,Before Mid-1,77.1,6.08,22.2,2,,,CC,1,Average
Computer Engineering,1,Physics,After Mid-2,87.2,7.18,21.3,0,6.7,13.9,BB,1,Very Good
Electrical Engineering,4,Digital Electronics,After Mid-2,95.1,7.9,24.2,0,8.5,17.2,AB,1,Excellent
Mechanical Engineering,6,Computer Aided Design (CAD),Before Mid-1,69.1,6.91,21.7,0,,,BB,1,Very Good
Information Technology,2,English,After Mid-2,91.3,8.35,27.2,0,10.0,18.3,AA,1,Excellent
Electrical Engineering,7,Project-1,After Mid-2,86.3,8.24,28.4,0,8.3,16.5,AA,1,Excellent
Information Technology,6,Cyber Security & Laws,After Mid-1,93.9,9.02,19.6,0,8.9,,AA,1,Excellent
Mechanical Engineering,6,Operations Research,After Mid-2,86.5,6.51,24.0,0,6.1,12.9,BB,1,Very Good
Information Technology,4,Operating System Concepts,After Mid-2,79.9,5.95,19.3,2,3.7,7.8,CD,1,Average
Information Technology,1,Environmental Sciences,After Mid-2,77.3,4.76,11.0,2,4.1,5.8,DD,1,At Risk
Computer Engineering,2,Basic Electronics,After Mid-2,85.8,7.4,18.2,0,5.8,10.8,BB,1,Very Good
Electrical Engineering,6,Electrical Switchgear & Protection,Before Mid-1,85.4,6.56,13.5,1,,,BC,1,Good
Civil Engineering,3,Building Construction & Materials,After Mid-1,82.4,6.1,14.8,1,4.3,,CC,1,Average
Information Technology,6,Web Technology,After Mid-2,91.0,6.1,18.3,0,5.8,13.9,BB,1,Very Good
Civil Engineering,4,Concrete Technology,After Mid-1,96.1,9.88,33.5,0,9.0,,AA,1,Excellent
Mechanical Engineering,4,Fluid Mechanics & Hydraulic Machines,Before Mid-1,95.3,6.79,20.9,0,,,BC,1,Good
Computer Engineering,5,Computer Networks,Before Mid-1,88.7,7.1,28.4,0,,,AB,1,Excellent
Mechanical Engineering,3,Manufacturing Processes-1,After Mid-1,83.0,9.16,33.6,0,6.8,,AB,1,Excellent
Mechanical Engineering,1,Mathematics-1,Before Mid-1,73.9,5.95,17.6,1,,,CC,1,Average
Mechanical Engineering,6,Computer Aided Design (CAD),After Mid-2,77.7,6.29,23.2,2,6.8,14.1,BC,1,Good
Electronics & Communication,1,Mathematics-1,Before Mid-1,91.6,8.07,23.7,0,,,AB,1,Excellent
Electronics & Communication,8,Project-2,After Mid-1,79.6,8.09,20.8,0,8.3,,AB,1,Excellent
Mechanical Engineering,4,Fluid Mechanics & Hydraulic Machines,Before Mid-1,84.6,7.61,22.0,0,,,AB,1,Excellent
Information Technology,4,Object Oriented Programming - Java,After Mid-2,79.7,6.19,12.3,2,7.0,10.8,CC,1,Average
Mechanical Engineering,1,Physics,After Mid-2,84.5,7.22,21.0,0,7.6,15.5,BB,1,Very Good
Computer Engineering,1,Engineering Graphics & Design,After Mid-1,75.5,7.68,23.9,0,7.0,,BB,1,Very Good
Computer Engineering,4,Discrete Mathematics,After Mid-2,83.8,4.45,14.7,2,3.5,6.2,FF,0,At Risk
Computer Engineering,1,Mathematics-1,After Mid-2,70.7,6.4,17.1,1,5.7,12.6,BC,1,Good
Electronics & Communication,3,Network Theory,After Mid-2,84.6,7.39,22.6,2,5.4,13.1,BC,1,Good
Computer Engineering,3,Effective Technical Communication,Before Mid-1,86.0,8.97,25.2,0,,,AA,1,Excellent
Electronics & Communication,1,Mathematics-1,After Mid-1,76.1,8.44,17.9,0,8.2,,AB,1,Excellent
Information Technology,2,Programming for Problem Solving,Before Mid-1,87.3,6.94,24.0,0,,,BB,1,Very Good
Computer Engineering,1,Engineering Graphics & Design,Before Mid-1,86.2,8.63,19.0,1,,,AB,1,Excellent
Mechanical Engineering,7,Refrigeration & Air Conditioning,Before Mid-1,81.1,7.38,28.0,1,,,BB,1,Very Good
Mechanical Engineering,3,Kinematics of Machines,Before Mid-1,76.8,5.71,19.0,0,,,BC,1,Good
Mechanical Engineering,5,Internal Combustion Engines,Before Mid-1,80.4,7.1,26.1,0,,,AB,1,Excellent
Electrical Engineering,5,Microprocessor & Microcontroller,After Mid-2,97.3,9.04,24.4,0,8.4,18.1,AA,1,Excellent
Computer Engineering,6,Agile Software Development,After Mid-1,81.5,7.43,15.2,1,9.0,,BB,1,Very Good
Mechanical Engineering,3,Material Science & Metallurgy,After Mid-2,74.2,4.89,18.1,2,4.2,9.5,DD,1,At Risk
Civil Engineering,3,Fluid Mechanics,After Mid-1,87.3,10.0,33.6,0,8.2,,AA,1,Excellent
Mechanical Engineering,6,Production Technology,After Mid-1,81.8,5.82,16.9,0,5.0,,BC,1,Good
Computer Engineering,7,Cloud Computing,Before Mid-1,69.0,5.52,18.0,1,,,CD,1,Average
Information Technology,2,English,Before Mid-1,83.5,8.21,21.5,0,,,AB,1,Excellent
Computer Engineering,6,Data Analysis & Visualization,After Mid-1,90.2,9.24,28.3,0,9.0,,AA,1,Excellent
Computer Engineering,8,Internet of Things,After Mid-1,72.9,6.05,18.7,0,5.7,,BC,1,Good
Information Technology,2,Mathematics-2,Before Mid-1,66.8,6.65,25.3,0,,,BC,1,Good
Civil Engineering,2,Environmental Sciences,After Mid-2,76.7,5.75,15.6,1,4.5,6.4,CC,1,Average
Civil Engineering,2,Mathematics-2,After Mid-1,71.4,6.3,24.0,0,5.5,,BC,1,Good
Mechanical Engineering,2,Environmental Sciences,After Mid-2,75.9,6.16,21.4,1,6.3,10.5,BC,1,Good
Information Technology,2,Mathematics-2,Before Mid-1,81.0,7.93,29.9,0,,,BB,1,Very Good
Mechanical Engineering,7,Project-1,After Mid-1,83.1,4.85,23.9,2,2.6,,DD,1,At Risk
Mechanical Engineering,3,Manufacturing Processes-1,Before Mid-1,94.6,8.54,22.3,0,,,AA,1,Excellent
Information Technology,6,Web Technology,After Mid-2,85.9,7.99,25.9,0,7.5,16.0,AB,1,Excellent
Information Technology,5,Formal Languages & Automata Theory,Before Mid-1,82.5,7.61,23.8,0,,,AB,1,Excellent
Information Technology,1,Mathematics-1,After Mid-1,88.3,7.82,25.7,0,9.5,,AA,1,Excellent
Information Technology,4,Object Oriented Programming - Java,After Mid-2,80.8,5.95,19.7,0,6.3,12.9,BC,1,Good
Electrical Engineering,7,Smart Grid Technology,After Mid-1,97.0,7.72,26.4,0,8.2,,AB,1,Excellent
Computer Engineering,1,Engineering Graphics & Design,After Mid-2,85.2,8.45,23.6,0,7.1,13.7,AB,1,Excellent
Mechanical Engineering,1,Physics,After Mid-2,82.6,7.14,27.7,0,6.9,12.2,BB,1,Very Good
Computer Engineering,5,Computer Networks,After Mid-1,100.0,7.33,21.4,1,7.0,,BB,1,Very Good
Information Technology,7,Project-1,After Mid-2,89.4,6.32,17.7,0,5.8,10.7,BC,1,Good
Electronics & Communication,6,Digital Signal Processing,After Mid-1,85.3,4.9,16.2,3,3.3,,FF,0,At Risk
Mechanical Engineering,1,Engineering Graphics & Design,After Mid-2,55.8,5.08,17.7,0,5.4,10.4,CC,1,Average
Computer Engineering,5,Cyber Security,After Mid-1,86.5,8.15,27.7,0,6.6,,AB,1,Excellent
Information Technology,6,Mobile Computing,After Mid-2,95.4,10.0,28.0,0,9.5,18.7,AA,1,Excellent
Computer Engineering,6,Theory of Computation,After Mid-1,86.3,8.51,18.9,0,8.3,,AB,1,Excellent
Civil Engineering,3,Mechanics of Solids,After Mid-1,78.7,5.57,19.3,3,3.9,,FF,0,At Risk
Civil Engineering,2,Programming for Problem Solving,After Mid-1,74.5,8.69,22.4,0,7.5,,AB,1,Excellent
Information Technology,7,Information Retrieval,After Mid-2,95.4,9.33,30.9,1,9.0,15.6,AA,1,Excellent
Computer Engineering,2,Programming for Problem Solving,After Mid-1,90.3,8.0,28.4,0,8.6,,AA,1,Excellent
Civil Engineering,7,Project-1,After Mid-1,84.9,8.64,28.3,0,7.8,,AB,1,Excellent
Information Technology,5,Python Programming,After Mid-2,91.1,6.66,28.2,0,7.6,16.5,AB,1,Excellent
Computer Engineering,1,Environmental Sciences,Before Mid-1,89.3,7.49,25.8,0,,,AA,1,Excellent
Computer Engineering,7,Cloud Computing,After Mid-1,92.1,8.44,25.5,0,9.0,,AA,1,Excellent
Electronics & Communication,3,Network Theory,After Mid-2,87.3,8.93,19.2,1,6.8,11.9,BB,1,Very Good
Electronics & Communication,1,Mathematics-1,After Mid-2,74.1,7.85,30.6,1,6.8,13.0,BB,1,Very Good
Computer Engineering,8,Artificial Intelligence,After Mid-1,82.9,7.47,23.7,0,5.7,,BC,1,Good
Civil Engineering,7,Irrigation Engineering,After Mid-1,92.8,6.28,22.3,2,5.2,,CC,1,Average
Mechanical Engineering,7,Refrigeration & Air Conditioning,Before Mid-1,84.4,8.38,25.2,0,,,AA,1,Excellent
Civil Engineering,4,Structural Analysis-1,After Mid-1,97.6,8.86,26.0,0,7.8,,AB,1,Excellent
Electrical Engineering,1,Basic Electrical Engineering,Before Mid-1,85.1,5.69,18.4,2,,,CC,1,Average
Mechanical Engineering,8,Industrial Engineering,Before Mid-1,79.6,5.27,13.9,1,,,BC,1,Good
Computer Engineering,1,Environmental Sciences,After Mid-2,78.4,8.44,25.5,0,9.2,19.7,AA,1,Excellent
Civil Engineering,5,Structural Analysis-2,After Mid-2,85.0,8.69,23.3,0,5.5,10.3,BB,1,Very Good
Mechanical Engineering,8,Industrial Engineering,After Mid-1,71.6,4.68,17.9,2,5.1,,CC,1,Average
Mechanical Engineering,1,Basic Mechanical Engineering,Before Mid-1,76.5,5.86,20.9,5,,,FF,0,At Risk
Information Technology,6,Web Technology,After Mid-1,100.0,8.62,19.5,0,8.4,,AB,1,Excellent
Computer Engineering,1,Basic Electrical Engineering,After Mid-2,94.4,7.77,23.4,0,6.2,10.4,BB,1,Very Good
Electronics & Communication,1,Basic Electronics,After Mid-2,82.4,6.02,17.3,0,6.5,15.8,BB,1,Very Good
Electrical Engineering,2,Engineering Graphics & Design,After Mid-2,65.6,4.18,14.6,0,2.5,6.1,DD,1,At Risk
Electrical Engineering,2,Mathematics-2,Before Mid-1,65.5,4.83,19.7,2,,,FF,0,At Risk
Mechanical Engineering,3,Material Science & Metallurgy,Before Mid-1,90.9,7.16,22.3,0,,,AB,1,Excellent
Computer Engineering,7,Machine Learning,After Mid-2,94.2,7.87,26.2,0,7.7,16.4,AB,1,Excellent
Electronics & Communication,1,Basic Electrical Engineering,Before Mid-1,88.1,8.45,25.4,0,,,AA,1,Excellent
Computer Engineering,3,Database Management Systems,Before Mid-1,77.2,8.16,24.0,0,,,AB,1,Excellent
Electronics & Communication,1,Basic Electronics,Before Mid-1,87.9,8.64,20.9,0,,,AB,1,Excellent
Information Technology,7,Project-1,After Mid-1,82.7,6.63,14.3,0,7.3,,BB,1,Very Good
Civil Engineering,6,Environmental Engineering,After Mid-1,86.1,8.58,24.5,0,7.0,,AB,1,Excellent
Mechanical Engineering,1,Engineering Graphics & Design,Before Mid-1,80.7,7.42,17.8,2,,,BC,1,Good
Computer Engineering,5,Analysis & Design of Algorithms,After Mid-2,92.4,6.65,16.7,0,5.1,8.4,BC,1,Good
Computer Engineering,5,Cyber Security,After Mid-2,95.3,5.59,14.0,0,6.3,14.7,BC,1,Good
Civil Engineering,8,Construction Project Management,After Mid-2,84.3,7.77,28.8,0,8.8,15.7,AB,1,Excellent
Electronics & Communication,8,Wireless Communication,Before Mid-1,79.1,5.03,14.8,1,,,CD,1,Average
Mechanical Engineering,6,Operations Research,After Mid-2,94.9,8.68,28.4,0,9.1,18.5,AA,1,Excellent
Mechanical Engineering,2,Workshop Practices,After Mid-1,72.2,6.31,20.1,2,5.1,,CC,1,Average
Electronics & Communication,1,Basic Electrical Engineering,After Mid-1,92.9,8.39,22.7,0,7.7,,AB,1,Excellent
Civil Engineering,8,Project-2,After Mid-1,100.0,9.02,27.1,0,8.6,,AA,1,Excellent
Civil Engineering,2,Environmental Sciences,After Mid-2,91.6,8.81,32.6,0,8.2,17.3,AA,1,Excellent
Computer Engineering,3,Database Management Systems,Before Mid-1,74.3,5.76,20.8,1,,,BC,1,Good
Electrical Engineering,5,Electrical Machines-2,After Mid-1,100.0,6.46,19.6,0,5.4,,BC,1,Good
Electrical Engineering,1,Basic Electrical Engineering,After Mid-1,90.0,7.62,21.1,0,8.8,,AB,1,Excellent
Civil Engineering,4,Concrete Technology,After Mid-1,100.0,9.06,28.0,2,9.2,,AB,1,Excellent
Civil Engineering,8,Construction Project Management,After Mid-1,96.0,8.89,27.0,0,7.9,,AB,1,Excellent
Mechanical Engineering,2,Programming for Problem Solving,After Mid-1,78.8,6.19,16.5,0,5.9,,BB,1,Very Good
Mechanical Engineering,3,Manufacturing Processes-1,After Mid-1,73.7,6.63,16.1,0,7.3,,BC,1,Good
Civil Engineering,4,Structural Analysis-1,Before Mid-1,74.3,4.38,14.7,1,,,CD,1,Average
Information Technology,6,Data Warehousing & Mining,After Mid-1,79.5,8.93,27.4,0,6.4,,AB,1,Excellent
Civil Engineering,2,Environmental Sciences,After Mid-2,80.7,6.76,20.6,0,6.9,14.0,BB,1,Very Good
Information Technology,5,Python Programming,After Mid-1,80.4,6.33,20.4,2,6.4,,BC,1,Good
Electronics & Communication,5,Digital Communication,After Mid-1,78.5,5.71,18.8,0,5.2,,CC,1,Average
Electrical Engineering,7,Smart Grid Technology,After Mid-1,83.9,6.85,24.1,2,6.5,,BC,1,Good
Electrical Engineering,3,Electrical Measurements & Instrumentation,After Mid-2,88.9,7.59,23.4,1,6.8,14.2,BB,1,Very Good
Electrical Engineering,2,Engineering Graphics & Design,After Mid-1,81.5,6.1,22.9,2,5.1,,CC,1,Average
Information Technology,7,Project-1,After Mid-2,87.1,8.27,22.9,0,8.6,14.7,AB,1,Excellent
Mechanical Engineering,5,Heat Transfer,After Mid-1,100.0,8.84,18.4,0,9.1,,AA,1,Excellent
Computer Engineering,7,Project-1,Before Mid-1,79.4,7.32,25.9,0,,,AB,1,Excellent
Information Technology,2,English,After Mid-2,76.1,4.98,8.5,2,4.3,8.7,CD,1,Average
Electronics & Communication,3,Digital Electronics,Before Mid-1,89.3,8.09,24.2,0,,,AB,1,Excellent
Computer Engineering,7,Cloud Computing,Before Mid-1,100.0,7.7,24.8,0,,,AB,1,Excellent
Electrical Engineering,7,Project-1,After Mid-2,69.2,6.32,19.4,1,5.5,10.8,CC,1,Average
Information Technology,8,Distributed Systems,Before Mid-1,84.1,6.36,19.5,0,,,BC,1,Good
Electronics & Communication,3,Network Theory,After Mid-1,87.8,7.26,22.1,0,6.6,,BB,1,Very Good
Civil Engineering,5,Hydrology & Water Resources Engg,After Mid-1,86.2,7.33,16.5,0,7.4,,BB,1,Very Good
Electronics & Communication,2,Mathematics-2,After Mid-2,79.2,7.41,30.1,0,5.5,12.6,BB,1,Very Good
Civil Engineering,4,Advanced Surveying,After Mid-1,74.0,6.39,17.6,1,5.2,,CC,1,Average
Electronics & Communication,7,Satellite Communication,After Mid-1,90.7,6.06,25.2,1,5.3,,BC,1,Good
Information Technology,1,Engineering Graphics & Design,After Mid-2,85.6,6.13,23.4,0,7.6,13.1,BB,1,Very Good
Computer Engineering,3,Digital Fundamentals,After Mid-1,73.7,7.4,23.4,0,7.7,,BB,1,Very Good
Information Technology,8,Internet of Things,Before Mid-1,66.3,5.15,17.3,0,,,CC,1,Average
Mechanical Engineering,2,Mathematics-2,After Mid-1,83.5,6.22,14.2,2,3.4,,DD,1,At Risk
Computer Engineering,6,Agile Software Development,Before Mid-1,75.5,5.68,22.7,1,,,BC,1,Good
Computer Engineering,7,Information & Network Security,Before Mid-1,90.1,7.75,19.3,0,,,BB,1,Very Good
Electronics & Communication,6,VLSI Design,Before Mid-1,82.0,7.68,28.8,0,,,AB,1,Excellent
Electronics & Communication,1,Basic Electrical Engineering,After Mid-2,86.1,8.29,25.2,0,8.2,15.7,AB,1,Excellent
Electrical Engineering,5,Electrical Power System-1,Before Mid-1,77.4,6.54,20.7,1,,,BC,1,Good
Computer Engineering,7,Machine Learning,After Mid-2,92.9,10.0,25.7,0,9.5,16.5,AA,1,Excellent
Civil Engineering,4,Concrete Technology,Before Mid-1,64.6,8.34,24.0,0,,,AB,1,Excellent
Computer Engineering,7,Compiler Design,After Mid-1,77.5,5.88,14.7,1,5.5,,CC,1,Average
Computer Engineering,1,Engineering Graphics & Design,After Mid-2,79.4,6.2,17.7,0,5.6,10.2,BC,1,Good
Mechanical Engineering,2,Workshop Practices,After Mid-2,100.0,9.08,23.4,0,8.5,17.9,AA,1,Excellent
Electronics & Communication,1,Basic Electrical Engineering,After Mid-1,74.7,5.32,13.6,2,3.0,,DD,1,At Risk
Electronics & Communication,7,Microwave Engineering,After Mid-1,81.3,6.59,23.5,0,5.2,,BC,1,Good
Electronics & Communication,6,Antenna & Wave Propagation,After Mid-2,87.4,7.08,22.0,0,5.6,9.3,BC,1,Good
Information Technology,3,Effective Technical Communication,Before Mid-1,92.8,8.52,28.3,0,,,AA,1,Excellent
Electronics & Communication,2,Environmental Sciences,After Mid-2,72.2,5.02,16.7,1,5.9,12.7,BC,1,Good
Electronics & Communication,5,Integrated Circuits & Applications,After Mid-1,78.3,7.14,23.3,0,6.2,,BB,1,Very Good
Mechanical Engineering,4,Applied Thermodynamics,After Mid-2,88.3,6.06,15.9,2,3.8,4.9,DD,1,At Risk
Electronics & Communication,7,Project-1,Before Mid-1,94.6,8.64,28.5,0,,,AB,1,Excellent
Information Technology,3,Data Structures,Before Mid-1,81.5,6.83,20.9,1,,,BC,1,Good
Mechanical Engineering,5,Machine Design-1,After Mid-2,100.0,8.99,28.4,0,8.8,16.7,AA,1,Excellent
Electronics & Communication,2,Programming for Problem Solving,After Mid-1,76.7,6.79,13.4,0,7.3,,BB,1,Very Good
Electronics & Communication,3,Signals & Systems,Before Mid-1,90.7,7.5,25.5,1,,,BC,1,Good
Electrical Engineering,5,Electrical Power System-1,After Mid-2,96.5,7.58,26.6,0,6.3,15.1,BB,1,Very Good
Computer Engineering,1,Physics,Before Mid-1,91.7,8.16,24.1,0,,,BB,1,Very Good
Electronics & Communication,8,Radar & Navigational Aids,After Mid-2,80.6,5.98,22.7,0,6.0,12.6,BC,1,Good
Information Technology,8,Project-2,Before Mid-1,76.4,6.83,19.0,0,,,BB,1,Very Good
Electrical Engineering,7,High Voltage Engineering,After Mid-2,71.5,7.99,27.8,1,6.7,14.3,BB,1,Very Good
Computer Engineering,4,Principles of Economics & Management,After Mid-1,75.3,6.51,17.5,0,4.8,,BC,1,Good
Computer Engineering,8,Big Data Analytics,After Mid-2,73.0,6.56,23.9,0,6.0,11.7,BB,1,Very Good
Electronics & Communication,7,Project-1,After Mid-1,100.0,9.78,31.1,0,9.9,,AA,1,Excellent
Civil Engineering,2,Programming for Problem Solving,Before Mid-1,94.9,8.49,25.0,0,,,AA,1,Excellent
Electrical Engineering,4,Electrical Machines-1,After Mid-1,93.6,8.11,20.8,0,6.9,,BB,1,Very Good
Electrical Engineering,3,Electrical Circuit Analysis,After Mid-1,89.1,6.62,27.2,0,7.5,,BB,1,Very Good
Civil Engineering,1,Mathematics-1,Before Mid-1,86.0,6.41,13.5,3,,,CD,1,Average
Information Technology,8,Big Data Analytics,After Mid-2,82.4,7.77,19.0,0,4.4,8.8,BC,1,Good
Electronics & Communication,1,Basic Electronics,After Mid-1,93.5,8.27,25.4,0,7.0,,AB,1,Excellent
Computer Engineering,8,Artificial Intelligence,Before Mid-1,83.2,8.25,23.9,0,,,AB,1,Excellent
Mechanical Engineering,1,Basic Mechanical Engineering,After Mid-1,77.2,4.0,17.4,0,3.9,,CC,1,Average
Electrical Engineering,3,Electrical Circuit Analysis,After Mid-2,86.8,8.61,26.8,0,8.8,15.8,AB,1,Excellent
Information Technology,3,Data Structures,After Mid-1,86.2,7.2,19.0,0,6.2,,BC,1,Good
Information Technology,8,Distributed Systems,After Mid-2,85.6,7.59,21.0,0,5.6,11.2,BB,1,Very Good
Mechanical Engineering,7,Refrigeration & Air Conditioning,Before Mid-1,57.4,5.71,20.1,1,,,CC,1,Average
Mechanical Engineering,4,Fluid Mechanics & Hydraulic Machines,Before Mid-1,83.4,6.71,21.0,0,,,BC,1,Good
Computer Engineering,5,Analysis & Design of Algorithms,Before Mid-1,84.1,8.61,19.9,0,,,BB,1,Very Good
Information Technology,5,Software Engineering,After Mid-2,100.0,9.48,25.9,0,8.5,18.7,AA,1,Excellent
Electronics & Communication,2,Mathematics-2,After Mid-2,89.2,6.55,20.8,0,4.7,9.8,BC,1,Good
Mechanical Engineering,4,Mechanical Measurement & Metrology,After Mid-1,81.2,5.62,18.5,0,6.4,,BC,1,Good
Mechanical Engineering,2,Workshop Practices,After Mid-2,85.4,6.75,18.9,1,6.3,11.2,BC,1,Good
Computer Engineering,1,Environmental Sciences,After Mid-2,81.4,7.54,18.9,0,7.6,15.7,AB,1,Excellent
Civil Engineering,8,Construction Project Management,After Mid-1,88.7,7.85,24.0,0,7.2,,AB,1,Excellent
Electronics & Communication,5,Digital Communication,Before Mid-1,90.0,7.46,18.5,1,,,BC,1,Good
Computer Engineering,5,Analysis & Design of Algorithms,Before Mid-1,81.5,7.42,25.3,0,,,BB,1,Very Good
Computer Engineering,5,Computer Networks,After Mid-1,85.6,8.4,25.9,0,8.0,,AB,1,Excellent
Information Technology,7,Mobile Application Development,After Mid-1,78.8,7.71,22.2,1,6.5,,BC,1,Good
Computer Engineering,5,Analysis & Design of Algorithms,Before Mid-1,79.5,8.44,27.1,0,,,AB,1,Excellent
Electrical Engineering,5,Microprocessor & Microcontroller,Before Mid-1,65.3,5.07,15.2,0,,,CC,1,Average
Mechanical Engineering,3,Manufacturing Processes-1,Before Mid-1,80.8,6.57,22.3,1,,,BC,1,Good
Mechanical Engineering,1,Basic Mechanical Engineering,After Mid-1,86.3,6.4,21.4,0,7.9,,BB,1,Very Good
Information Technology,4,Object Oriented Programming - Java,Before Mid-1,82.8,8.47,26.1,0,,,AA,1,Excellent
Civil Engineering,3,Mechanics of Solids,Before Mid-1,71.5,4.99,18.2,2,,,DD,1,At Risk
Electronics & Communication,3,Signals & Systems,Before Mid-1,92.0,8.37,25.1,0,,,AB,1,Excellent
Mechanical Engineering,1,Physics,After Mid-1,75.2,6.59,19.3,2,4.9,,CC,1,Average
Electronics & Communication,5,Microcontroller & Applications,Before Mid-1,78.6,5.84,17.9,1,,,CC,1,Average
Electronics & Communication,7,Microwave Engineering,After Mid-2,69.3,6.29,20.2,3,4.2,6.9,FF,0,At Risk
Electronics & Communication,7,Satellite Communication,After Mid-1,75.5,5.27,12.3,0,5.8,,CC,1,Average
Information Technology,2,Programming for Problem Solving,Before Mid-1,87.0,7.49,21.4,0,,,BB,1,Very Good
Information Technology,4,Operating System Concepts,After Mid-2,78.0,6.09,16.3,0,5.7,12.0,BC,1,Good
Electrical Engineering,2,Basic Electronics,After Mid-2,78.9,7.02,26.6,1,5.8,10.4,BC,1,Good
Electronics & Communication,8,Radar & Navigational Aids,After Mid-1,81.9,6.47,25.9,0,7.1,,BB,1,Very Good
Mechanical Engineering,3,Engineering Thermodynamics,Before Mid-1,100.0,8.57,24.1,0,,,AB,1,Excellent
Computer Engineering,6,Theory of Computation,After Mid-2,77.4,8.63,25.7,0,8.3,15.1,AB,1,Excellent
Computer Engineering,1,Physics,After Mid-1,92.7,7.83,14.6,0,8.5,,BB,1,Very Good
Information Technology,6,Web Technology,After Mid-1,83.9,8.75,28.6,0,8.6,,AA,1,Excellent
Civil Engineering,4,Advanced Surveying,After Mid-1,92.1,7.44,20.4,0,6.1,,BB,1,Very Good
Computer Engineering,5,Computer Networks,After Mid-1,82.0,4.71,21.9,2,4.9,,CD,1,Average
Electronics & Communication,1,Physics,After Mid-1,85.6,6.9,13.0,0,6.6,,BC,1,Good
Electrical Engineering,2,Mathematics-2,After Mid-1,99.7,8.35,20.0,1,6.9,,BB,1,Very Good
Civil Engineering,2,Mathematics-2,After Mid-2,78.3,5.65,18.0,3,4.0,4.1,FF,0,At Risk
Computer Engineering,2,Mathematics-2,After Mid-2,71.6,4.76,16.1,4,3.2,6.2,FF,0,At Risk
Civil Engineering,3,Mechanics of Solids,Before Mid-1,80.1,5.7,27.8,0,,,CC,1,Average
Civil Engineering,8,Construction Project Management,After Mid-1,75.0,6.08,18.8,0,5.4,,BC,1,Good
Civil Engineering,7,Irrigation Engineering,After Mid-1,74.8,6.88,20.4,0,8.6,,AB,1,Excellent
Computer Engineering,4,Discrete Mathematics,Before Mid-1,80.3,6.5,29.6,0,,,BC,1,Good
Electrical Engineering,2,Programming for Problem Solving,Before Mid-1,96.5,7.52,23.1,0,,,AB,1,Excellent
Civil Engineering,1,Physics,After Mid-1,92.0,7.43,17.3,0,6.0,,BB,1,Very Good
Electronics & Communication,5,Microcontroller & Applications,After Mid-2,60.0,4.24,20.6,3,4.7,8.9,FF,0,At Risk
Information Technology,8,Project-2,After Mid-2,88.0,8.62,24.5,0,9.1,18.7,AA,1,Excellent
Civil Engineering,3,Surveying,After Mid-1,95.9,8.56,22.1,0,8.6,,AA,1,Excellent
Electrical Engineering,6,Power Electronics-1,After Mid-2,91.9,8.98,30.0,0,6.8,14.6,AB,1,Excellent
Computer Engineering,1,Mathematics-1,After Mid-2,80.9,6.1,16.5,0,5.9,10.5,BC,1,Good
Mechanical Engineering,7,Power Plant Engineering,After Mid-1,100.0,8.53,22.3,0,8.6,,AB,1,Excellent
Information Technology,7,Mobile Application Development,Before Mid-1,69.7,5.01,14.3,2,,,DD,1,At Risk
Computer Engineering,6,Web Technology,Before Mid-1,91.4,8.6,19.7,0,,,AB,1,Excellent
Computer Engineering,5,Cyber Security,Before Mid-1,90.5,7.11,29.3,0,,,AB,1,Excellent
Computer Engineering,3,Effective Technical Communication,After Mid-1,72.2,6.1,21.3,0,4.7,,BC,1,Good
Computer Engineering,3,Database Management Systems,After Mid-1,76.9,6.2,17.8,1,5.8,,BC,1,Good
Mechanical Engineering,6,Production Technology,After Mid-1,90.7,7.35,14.9,2,6.2,,BC,1,Good
Electrical Engineering,1,Physics,After Mid-2,84.1,8.44,24.0,0,8.4,16.5,AB,1,Excellent
Electronics & Communication,1,Physics,Before Mid-1,79.9,7.2,18.9,0,,,BB,1,Very Good
Computer Engineering,5,Software Engineering,After Mid-2,85.3,7.22,19.7,0,6.7,12.5,BB,1,Very Good
Mechanical Engineering,8,Renewable Energy Engineering,After Mid-1,86.4,8.38,20.9,0,7.9,,AB,1,Excellent
Electrical Engineering,2,Basic Electronics,After Mid-1,89.0,6.02,20.6,1,6.3,,BC,1,Good
Electrical Engineering,8,Project-2,After Mid-1,81.7,7.28,30.7,0,6.1,,BB,1,Very Good
Information Technology,3,Data Structures,Before Mid-1,75.2,4.83,11.3,0,,,DD,1,At Risk
Electrical Engineering,6,Electrical Switchgear & Protection,After Mid-2,84.9,7.96,26.7,1,6.0,11.7,BC,1,Good
Information Technology,7,Data Mining & Business Intelligence,After Mid-1,92.1,8.03,25.2,0,7.3,,AB,1,Excellent
Civil Engineering,8,Project-2,After Mid-1,68.2,5.53,15.2,1,5.6,,BC,1,Good
Civil Engineering,4,Concrete Technology,After Mid-1,91.6,7.97,15.6,0,6.9,,BB,1,Very Good
Mechanical Engineering,2,Environmental Sciences,Before Mid-1,100.0,8.2,31.5,0,,,AA,1,Excellent
Computer Engineering,4,Object Oriented Programming - C++,Before Mid-1,79.2,6.61,25.0,0,,,BB,1,Very Good
Mechanical Engineering,8,Project-2,After Mid-2,78.5,7.67,27.2,0,6.4,13.8,BB,1,Very Good
Computer Engineering,6,Advanced Java Programming,Before Mid-1,76.6,5.68,18.6,0,,,BC,1,Good
Civil Engineering,8,Project-2,Before Mid-1,92.1,6.87,13.4,0,,,BB,1,Very Good
Electronics & Communication,3,Signals & Systems,After Mid-2,81.9,6.01,19.3,0,5.6,9.6,BC,1,Good
Information Technology,7,Project-1,After Mid-2,86.0,7.16,20.3,0,5.5,11.5,BB,1,Very Good
Electrical Engineering,6,Testing & Maintenance of Electrical Equipment,Before Mid-1,91.5,7.8,27.9,0,,,AB,1,Excellent
Mechanical Engineering,6,Production Technology,After Mid-1,71.3,6.79,22.9,0,6.8,,BB,1,Very Good
Electrical Engineering,7,Electric Drives,Before Mid-1,81.1,5.47,21.1,1,,,CD,1,Average
Civil Engineering,5,Soil Mechanics & Geotechnical Engg,After Mid-1,84.8,10.0,35.0,0,8.6,,AA,1,Excellent
Computer Engineering,4,Object Oriented Programming - C++,After Mid-2,74.5,7.63,27.6,0,6.0,12.9,BB,1,Very Good
Information Technology,1,Basic Electrical Engineering,Before Mid-1,86.1,6.57,20.8,0,,,BB,1,Very Good
Computer Engineering,6,Advanced Java Programming,After Mid-2,74.5,6.82,26.0,1,5.7,12.0,BC,1,Good
Civil Engineering,2,Mathematics-2,After Mid-1,73.3,6.38,18.8,0,6.0,,BC,1,Good
Computer Engineering,5,Software Engineering,After Mid-2,88.5,6.25,20.0,1,7.1,13.2,BB,1,Very Good
Electronics & Communication,6,Antenna & Wave Propagation,After Mid-2,80.1,6.22,15.9,0,4.6,10.2,BC,1,Good
Electrical Engineering,2,Basic Electronics,After Mid-1,69.5,5.72,21.6,0,6.0,,BC,1,Good
Civil Engineering,4,Structural Analysis-1,After Mid-1,81.8,8.02,19.5,0,7.3,,BB,1,Very Good
Computer Engineering,7,Information & Network Security,Before Mid-1,95.4,7.64,25.1,0,,,BB,1,Very Good
Mechanical Engineering,8,Automobile Engineering,After Mid-2,82.8,6.0,19.0,0,6.3,12.0,BC,1,Good
Civil Engineering,5,Hydrology & Water Resources Engg,After Mid-2,85.9,6.55,18.5,0,6.9,14.0,BB,1,Very Good
Mechanical Engineering,1,Physics,After Mid-2,76.9,9.22,25.6,0,6.3,13.7,AB,1,Excellent
Civil Engineering,3,Mechanics of Solids,Before Mid-1,73.0,5.13,20.4,1,,,CC,1,Average
Civil Engineering,8,Project-2,Before Mid-1,86.0,7.34,25.8,0,,,AB,1,Excellent
Information Technology,8,Project-2,Before Mid-1,100.0,8.55,25.1,0,,,AB,1,Excellent
Electrical Engineering,3,Electrical Measurements & Instrumentation,After Mid-2,87.3,8.41,19.5,0,8.5,15.8,AB,1,Excellent
Civil Engineering,5,Structural Analysis-2,Before Mid-1,85.1,7.8,28.0,0,,,AB,1,Excellent
Information Technology,4,Operating System Concepts,After Mid-1,81.4,7.06,22.9,0,6.4,,BC,1,Good
Electronics & Communication,5,Integrated Circuits & Applications,After Mid-1,71.0,5.15,17.0,0,3.7,,CC,1,Average
Computer Engineering,5,Professional Ethics & Human Values,Before Mid-1,79.7,5.56,24.4,1,,,BC,1,Good
Information Technology,4,Object Oriented Programming - Java,Before Mid-1,96.7,8.65,19.5,0,,,AA,1,Excellent
Information Technology,7,Data Mining & Business Intelligence,Before Mid-1,87.8,9.9,22.7,0,,,AA,1,Excellent
Computer Engineering,2,Programming for Problem Solving,Before Mid-1,85.9,7.84,27.2,0,,,AB,1,Excellent
Mechanical Engineering,4,Mechanical Measurement & Metrology,After Mid-2,72.0,5.01,22.9,0,4.4,12.1,BC,1,Good
Civil Engineering,5,Soil Mechanics & Geotechnical Engg,After Mid-2,82.9,5.85,22.6,0,5.8,10.0,BC,1,Good
Information Technology,6,Web Technology,After Mid-1,82.1,6.35,21.7,3,5.7,,CC,1,Average
Mechanical Engineering,8,Automobile Engineering,After Mid-2,96.2,7.3,21.4,1,6.3,13.8,BB,1,Very Good
Civil Engineering,3,Mechanics of Solids,After Mid-2,86.9,8.4,28.2,0,7.9,14.0,AB,1,Excellent
Mechanical Engineering,2,Environmental Sciences,Before Mid-1,86.6,6.39,18.7,0,,,BB,1,Very Good
Information Technology,4,Operating System Concepts,Before Mid-1,73.5,6.21,22.2,0,,,BC,1,Good
Mechanical Engineering,5,Internal Combustion Engines,After Mid-2,85.3,7.28,19.6,0,7.3,12.6,BB,1,Very Good
Information Technology,4,Database Management Systems,After Mid-1,81.8,8.21,22.3,0,8.3,,AB,1,Excellent
Electronics & Communication,5,Integrated Circuits & Applications,After Mid-1,76.2,6.8,21.6,0,9.2,,AB,1,Excellent
Mechanical Engineering,1,Physics,After Mid-2,92.5,6.59,16.6,0,6.4,12.4,BC,1,Good
Civil Engineering,2,Workshop Practices,Before Mid-1,94.9,8.37,20.1,0,,,AA,1,Excellent
Electrical Engineering,1,Environmental Sciences,After Mid-1,79.8,5.84,16.5,0,5.2,,BC,1,Good
Civil Engineering,4,Structural Analysis-1,Before Mid-1,87.1,7.25,14.6,0,,,BB,1,Very Good
Electronics & Communication,4,Microprocessor & Interfacing,After Mid-2,72.8,6.3,27.7,0,6.8,13.9,BB,1,Very Good
Information Technology,6,Data Warehousing & Mining,After Mid-2,84.9,7.56,19.1,0,7.3,15.6,AB,1,Excellent
Mechanical Engineering,8,Industrial Engineering,After Mid-1,77.8,7.04,28.6,0,8.0,,AB,1,Excellent
Information Technology,7,Data Mining & Business Intelligence,After Mid-1,84.4,6.75,19.5,0,5.5,,BC,1,Good
Electronics & Communication,2,Environmental Sciences,After Mid-2,78.8,6.06,23.7,3,5.0,9.8,CC,1,Average
Electronics & Communication,7,Satellite Communication,After Mid-2,92.5,7.3,21.9,0,7.5,13.7,BB,1,Very Good
Information Technology,6,Data Warehousing & Mining,After Mid-1,89.0,5.95,17.5,0,5.8,,BC,1,Good
Civil Engineering,7,Project-1,After Mid-2,82.3,6.84,23.1,0,7.2,16.4,BB,1,Very Good
Electronics & Communication,3,Network Theory,After Mid-1,94.7,8.56,22.0,0,9.2,,AB,1,Excellent
Electronics & Communication,7,Project-1,After Mid-2,96.3,7.8,25.9,0,7.9,14.5,AB,1,Excellent
Electronics & Communication,2,Engineering Graphics & Design,After Mid-1,89.7,6.05,14.9,1,6.1,,BC,1,Good
Mechanical Engineering,2,Workshop Practices,Before Mid-1,89.3,5.92,20.8,2,,,BC,1,Good
Electronics & Communication,1,Basic Electrical Engineering,After Mid-2,73.5,7.31,21.6,0,8.0,17.0,AB,1,Excellent
Mechanical Engineering,1,Mathematics-1,After Mid-2,90.7,7.82,20.8,0,8.1,14.3,AB,1,Excellent
Computer Engineering,6,Data Analysis & Visualization,Before Mid-1,72.7,4.89,20.0,3,,,DD,1,At Risk
Electronics & Communication,4,Control Systems,After Mid-1,84.8,7.97,21.9,0,7.7,,AB,1,Excellent
Civil Engineering,2,Mathematics-2,After Mid-1,78.7,4.81,17.2,4,3.1,,FF,0,At Risk
Electrical Engineering,7,Project-1,After Mid-1,82.0,5.54,22.9,0,6.1,,BB,1,Very Good
Mechanical Engineering,7,Power Plant Engineering,After Mid-2,63.6,4.82,14.3,2,3.8,8.0,DD,1,At Risk
Information Technology,6,Cyber Security & Laws,After Mid-1,76.2,7.75,24.3,0,5.8,,AB,1,Excellent
Electronics & Communication,1,Basic Electrical Engineering,After Mid-1,78.5,7.01,25.6,0,7.7,,AB,1,Excellent
Mechanical Engineering,5,Heat Transfer,After Mid-1,76.1,6.13,23.8,0,7.0,,BB,1,Very Good
Electronics & Communication,4,Microprocessor & Interfacing,After Mid-1,73.6,6.87,27.8,1,5.3,,BC,1,Good
Computer Engineering,3,Digital Fundamentals,Before Mid-1,78.6,4.95,17.4,2,,,CD,1,Average
Computer Engineering,2,Basic Electronics,Before Mid-1,83.5,7.31,17.2,0,,,AB,1,Excellent
Electronics & Communication,8,Optical Communication,After Mid-2,81.0,7.92,26.6,4,5.7,11.1,CC,1,Average
Computer Engineering,2,Basic Electronics,After Mid-2,83.4,6.52,17.5,0,4.6,10.3,BC,1,Good
Electrical Engineering,7,Smart Grid Technology,Before Mid-1,78.7,6.23,17.4,1,,,CC,1,Average
Information Technology,3,Effective Technical Communication,After Mid-1,85.3,7.53,24.5,0,6.6,,BB,1,Very Good
Computer Engineering,3,Digital Fundamentals,Before Mid-1,82.6,7.87,21.9,1,,,BC,1,Good
Information Technology,2,Programming for Problem Solving,After Mid-2,77.2,7.41,18.2,0,7.0,13.4,BB,1,Very Good
Electrical Engineering,3,Electrical Measurements & Instrumentation,After Mid-1,84.5,7.05,18.0,0,7.7,,BB,1,Very Good
Computer Engineering,4,Computer Organization & Architecture,After Mid-2,88.5,7.73,24.4,1,5.0,8.2,BC,1,Good
Mechanical Engineering,3,Engineering Thermodynamics,After Mid-1,100.0,8.07,27.6,0,8.6,,AB,1,Excellent
Computer Engineering,8,Project-2,After Mid-1,83.3,6.46,21.1,1,4.9,,BC,1,Good
Civil Engineering,8,Bridge Engineering,After Mid-2,85.1,7.22,19.5,1,5.9,11.1,BC,1,Good
Civil Engineering,8,Construction Project Management,Before Mid-1,86.4,6.39,16.2,0,,,BB,1,Very Good
Electronics & Communication,8,Optical Communication,After Mid-1,97.5,7.78,31.8,0,9.7,,AA,1,Excellent
Electronics & Communication,2,Engineering Graphics & Design,After Mid-2,95.3,8.86,25.0,0,7.4,14.9,AB,1,Excellent
Civil Engineering,2,Mathematics-2,After Mid-2,88.3,8.01,25.1,0,8.5,17.3,AB,1,Excellent
Civil Engineering,4,Advanced Surveying,After Mid-1,83.7,9.62,31.3,0,8.7,,AA,1,Excellent
Civil Engineering,3,Building Construction & Materials,After Mid-2,90.1,9.09,27.1,0,8.3,16.3,AA,1,Excellent
Computer Engineering,7,Information & Network Security,Before Mid-1,82.7,6.36,14.7,0,,,BC,1,Good
Electronics & Communication,8,Project-2,Before Mid-1,99.4,9.59,28.1,0,,,AA,1,Excellent
Information Technology,4,Operating System Concepts,Before Mid-1,68.7,6.3,16.4,0,,,CC,1,Average
Computer Engineering,4,Object Oriented Programming - C++,After Mid-2,73.8,6.31,24.7,1,7.2,15.2,BB,1,Very Good
Electronics & Communication,1,Mathematics-1,After Mid-2,98.3,8.24,22.0,0,7.8,14.2,AB,1,Excellent
Information Technology,1,Mathematics-1,After Mid-1,74.7,5.3,15.9,1,4.3,,CD,1,Average
Computer Engineering,5,Cyber Security,After Mid-2,82.5,5.39,15.9,0,5.0,12.0,BC,1,Good
Information Technology,2,Mathematics-2,After Mid-1,86.6,8.31,28.3,0,6.5,,BB,1,Very Good
Civil Engineering,5,Hydrology & Water Resources Engg,After Mid-1,86.3,7.39,22.1,0,6.0,,BB,1,Very Good
Civil Engineering,2,Programming for Problem Solving,After Mid-1,75.5,5.53,18.6,3,3.6,,DD,1,At Risk
Mechanical Engineering,5,Machine Design-1,After Mid-2,93.7,7.44,24.9,0,7.1,14.5,BB,1,Very Good
Computer Engineering,1,Engineering Graphics & Design,Before Mid-1,77.8,6.83,21.6,0,,,BB,1,Very Good
Mechanical Engineering,8,Project-2,Before Mid-1,100.0,7.65,16.7,1,,,BB,1,Very Good
Computer Engineering,7,Compiler Design,Before Mid-1,94.5,6.56,22.4,0,,,BC,1,Good
Electrical Engineering,5,Electrical Power System-1,After Mid-2,83.8,6.47,20.5,0,5.3,9.7,BC,1,Good
Electronics & Communication,3,Network Theory,After Mid-2,71.4,6.38,21.7,0,6.0,9.0,BC,1,Good
Electronics & Communication,1,Basic Electronics,Before Mid-1,82.2,6.41,26.5,3,,,CD,1,Average
Information Technology,5,Python Programming,After Mid-2,86.8,7.18,20.6,0,7.6,15.8,AB,1,Excellent
Electronics & Communication,1,Basic Electronics,Before Mid-1,72.8,8.03,27.7,0,,,AB,1,Excellent
Civil Engineering,1,Mathematics-1,After Mid-2,89.2,9.17,34.3,0,10.0,19.5,AA,1,Excellent
Information Technology,1,Mathematics-1,Before Mid-1,75.1,5.54,18.7,0,,,BC,1,Good
Information Technology,2,Physics,After Mid-2,78.6,7.03,16.2,0,5.4,9.5,BC,1,Good
Civil Engineering,3,Surveying,After Mid-2,88.3,9.21,25.2,0,8.9,19.2,AA,1,Excellent
Civil Engineering,1,Physics,After Mid-1,84.6,6.86,20.9,0,7.3,,BB,1,Very Good
Civil Engineering,2,Workshop Practices,After Mid-2,91.5,8.73,28.7,0,9.8,19.1,AA,1,Excellent
Electrical Engineering,8,E-Vehicle Technology,After Mid-2,87.1,8.85,25.7,0,8.1,15.2,AB,1,Excellent
Mechanical Engineering,1,Basic Mechanical Engineering,Before Mid-1,80.7,5.42,19.5,0,,,CC,1,Average
Civil Engineering,2,Workshop Practices,After Mid-1,92.9,7.95,19.7,1,9.0,,AB,1,Excellent
Computer Engineering,3,Data Structures,After Mid-2,84.7,6.94,18.1,0,5.4,9.6,BC,1,Good
Computer Engineering,4,Computer Organization & Architecture,After Mid-2,87.1,6.2,22.5,0,4.7,9.3,BC,1,Good
Information Technology,5,Python Programming,After Mid-1,94.4,9.13,26.2,0,8.2,,AA,1,Excellent
Information Technology,1,Environmental Sciences,After Mid-2,74.7,6.18,19.2,0,5.6,12.8,BC,1,Good
Electronics & Communication,6,VLSI Design,After Mid-1,68.6,4.59,18.5,1,1.6,,FF,0,At Risk
Computer Engineering,6,Web Technology,After Mid-2,94.6,9.29,22.8,0,7.3,15.1,AB,1,Excellent
Computer Engineering,6,Agile Software Development,After Mid-1,82.7,5.87,14.3,2,6.3,,BC,1,Good
Electrical Engineering,4,Electromagnetic Field Theory,After Mid-1,87.4,7.46,22.9,0,5.7,,BB,1,Very Good
Mechanical Engineering,1,Engineering Graphics & Design,After Mid-1,83.4,5.54,21.3,2,6.6,,CC,1,Average
Information Technology,7,Mobile Application Development,After Mid-1,87.7,9.85,27.7,0,10.0,,AA,1,Excellent
Mechanical Engineering,4,Manufacturing Processes-2,After Mid-2,93.1,9.01,28.1,0,8.0,17.6,AA,1,Excellent
Computer Engineering,3,Database Management Systems,Before Mid-1,86.6,7.99,27.6,0,,,AB,1,Excellent
Computer Engineering,5,Professional Ethics & Human Values,Before Mid-1,82.4,6.25,14.2,0,,,BB,1,Very Good
Electronics & Communication,4,Control Systems,Before Mid-1,91.2,5.71,14.1,0,,,BC,1,Good
Computer Engineering,6,Theory of Computation,After Mid-2,79.6,5.58,18.1,1,4.6,8.9,CC,1,Average
Electrical Engineering,5,Electrical Machines-2,Before Mid-1,85.5,5.8,25.4,3,,,CD,1,Average
Electronics & Communication,1,Mathematics-1,After Mid-1,78.9,5.1,16.4,3,4.3,,FF,0,At Risk
Electrical Engineering,2,Programming for Problem Solving,After Mid-1,100.0,7.97,20.5,0,7.5,,AB,1,Excellent
Civil Engineering,3,Building Construction & Materials,After Mid-1,70.7,5.79,20.8,0,4.3,,BC,1,Good
Electrical Engineering,6,Electrical Switchgear & Protection,After Mid-1,71.2,6.4,16.1,0,5.6,,CC,1,Average
Computer Engineering,4,Operating System,After Mid-2,92.4,8.76,21.0,0,7.0,14.9,AB,1,Excellent
Computer Engineering,6,Theory of Computation,After Mid-2,85.0,8.85,22.7,0,8.2,16.6,AB,1,Excellent
Computer Engineering,4,Discrete Mathematics,After Mid-2,80.4,5.56,25.5,2,3.5,6.6,DD,1,At Risk
Information Technology,1,Engineering Graphics & Design,After Mid-1,70.9,5.82,22.0,1,4.6,,CC,1,Average
Computer Engineering,3,Data Structures,After Mid-1,93.5,9.66,24.3,0,7.7,,AA,1,Excellent
Civil Engineering,4,Transportation Engineering,Before Mid-1,93.9,8.41,26.1,0,,,AB,1,Excellent
Computer Engineering,3,Digital Fundamentals,After Mid-2,86.7,5.77,15.3,2,6.6,8.5,CC,1,Average
Electronics & Communication,6,Digital Signal Processing,After Mid-1,87.3,6.25,13.4,2,6.0,,CC,1,Average
Computer Engineering,3,Effective Technical Communication,Before Mid-1,67.9,4.42,12.5,4,,,FF,0,At Risk
Information Technology,2,Basic Electronics,After Mid-1,65.1,4.16,7.2,3,2.1,,FF,0,At Risk
Mechanical Engineering,1,Mathematics-1,After Mid-1,100.0,8.99,19.9,0,7.8,,AB,1,Excellent
Electrical Engineering,3,Electrical Measurements & Instrumentation,After Mid-1,83.1,5.81,18.4,0,5.4,,BC,1,Good
Computer Engineering,8,Artificial Intelligence,After Mid-1,78.5,7.26,21.3,0,7.2,,BB,1,Very Good
Electronics & Communication,8,Optical Communication,After Mid-1,100.0,7.74,21.9,0,5.9,,BB,1,Very Good
Information Technology,7,Mobile Application Development,After Mid-1,89.9,7.74,23.7,0,7.4,,AB,1,Excellent
Electrical Engineering,6,Power Electronics-1,After Mid-1,98.7,10.0,28.7,0,9.5,,AA,1,Excellent
Computer Engineering,3,Probability & Statistics,After Mid-1,80.4,6.81,26.6,1,6.0,,BC,1,Good
Computer Engineering,3,Data Structures,After Mid-2,81.6,4.79,17.4,3,4.7,9.4,DD,1,At Risk
Electronics & Communication,7,Satellite Communication,Before Mid-1,83.6,7.83,22.2,0,,,BB,1,Very Good
Electrical Engineering,5,Electrical Machines-2,Before Mid-1,94.6,8.92,20.2,0,,,AB,1,Excellent
Civil Engineering,2,Environmental Sciences,Before Mid-1,84.6,5.98,13.3,2,,,BC,1,Good
Electronics & Communication,4,Microprocessor & Interfacing,After Mid-1,100.0,9.3,27.0,1,9.1,,AA,1,Excellent
Computer Engineering,1,Mathematics-1,After Mid-1,93.2,5.6,20.8,5,4.1,,FF,0,At Risk
Mechanical Engineering,2,Programming for Problem Solving,Before Mid-1,86.0,7.51,21.4,0,,,BB,1,Very Good
Electrical Engineering,7,High Voltage Engineering,After Mid-2,85.6,9.42,25.5,1,8.1,16.0,AB,1,Excellent
Mechanical Engineering,6,Design of Machine Elements,After Mid-1,80.4,5.46,14.7,0,5.1,,CC,1,Average
Civil Engineering,2,Environmental Sciences,After Mid-1,83.6,7.75,21.3,0,8.4,,AB,1,Excellent
Electrical Engineering,5,Microprocessor & Microcontroller,Before Mid-1,82.5,7.79,26.4,0,,,BB,1,Very Good
Civil Engineering,6,Foundation Engineering,Before Mid-1,82.3,6.07,23.8,0,,,CC,1,Average
Computer Engineering,4,Operating System,After Mid-1,87.6,4.85,15.8,1,3.3,,DD,1,At Risk
Civil Engineering,1,Mathematics-1,After Mid-1,77.2,8.59,20.8,0,8.2,,AA,1,Excellent
Mechanical Engineering,4,Manufacturing Processes-2,After Mid-2,82.0,7.04,22.6,0,8.1,16.7,AB,1,Excellent
Computer Engineering,7,Compiler Design,Before Mid-1,78.0,5.67,12.0,3,,,FF,0,At Risk
Computer Engineering,5,Cyber Security,After Mid-1,86.5,8.19,22.9,0,8.1,,AB,1,Excellent
Computer Engineering,4,Discrete Mathematics,After Mid-1,80.4,4.25,18.7,1,3.7,,DD,1,At Risk
Electrical Engineering,4,Electromagnetic Field Theory,After Mid-2,81.3,5.11,14.3,0,3.6,7.4,CD,1,Average
Electrical Engineering,4,Electrical Machines-1,After Mid-1,100.0,9.86,34.4,0,7.9,,AA,1,Excellent
Electronics & Communication,8,Wireless Communication,Before Mid-1,78.3,8.7,28.6,0,,,AB,1,Excellent
Electrical Engineering,3,Electrical Circuit Analysis,Before Mid-1,89.8,6.96,28.0,0,,,BB,1,Very Good
Computer Engineering,2,Basic Electronics,After Mid-1,80.2,6.59,19.1,0,5.1,,BC,1,Good
Information Technology,5,Formal Languages & Automata Theory,Before Mid-1,84.3,7.14,21.1,0,,,BB,1,Very Good
Electronics & Communication,5,Digital Communication,After Mid-1,86.4,7.0,26.3,0,7.1,,BB,1,Very Good
Mechanical Engineering,3,Manufacturing Processes-1,After Mid-2,70.9,6.45,17.3,2,4.9,8.7,CC,1,Average
Electronics & Communication,7,Microwave Engineering,After Mid-2,79.1,7.62,22.1,0,6.8,12.6,BB,1,Very Good
Electronics & Communication,5,Microcontroller & Applications,Before Mid-1,84.5,8.39,23.1,0,,,AB,1,Excellent
Electrical Engineering,6,Electrical Switchgear & Protection,After Mid-2,80.3,6.59,16.5,0,6.6,11.5,BC,1,Good
Mechanical Engineering,1,Engineering Graphics & Design,After Mid-2,80.8,8.65,27.6,0,8.6,18.5,AA,1,Excellent
Electrical Engineering,1,Physics,After Mid-2,80.7,6.11,23.9,1,6.5,13.4,BC,1,Good
Computer Engineering,1,Mathematics-1,After Mid-1,88.9,6.64,21.8,0,6.2,,BB,1,Very Good
Electronics & Communication,8,Optical Communication,After Mid-1,89.0,8.76,27.1,0,9.1,,AA,1,Excellent
Information Technology,6,Cyber Security & Laws,After Mid-1,89.5,7.57,21.9,1,6.6,,AB,1,Excellent
Computer Engineering,2,Basic Electronics,After Mid-2,90.8,8.35,24.1,0,8.1,16.3,AB,1,Excellent
Mechanical Engineering,6,Computer Aided Design (CAD),After Mid-1,87.6,8.42,35.0,0,10.0,,AA,1,Excellent
Information Technology,4,Database Management Systems,After Mid-1,64.9,4.0,16.3,0,4.7,,CC,1,Average
Mechanical Engineering,6,Design of Machine Elements,After Mid-1,83.5,7.1,20.8,0,6.9,,BC,1,Good
Electronics & Communication,7,Satellite Communication,Before Mid-1,100.0,8.0,26.5,0,,,AB,1,Excellent
Information Technology,8,Distributed Systems,After Mid-2,77.0,5.81,11.2,0,5.4,11.4,CC,1,Average
Civil Engineering,1,Basic Civil Engineering,After Mid-2,81.7,8.09,26.6,0,6.4,15.8,AB,1,Excellent
Electronics & Communication,3,Digital Electronics,After Mid-2,89.5,8.58,24.1,1,9.2,18.0,AB,1,Excellent
Information Technology,1,Mathematics-1,Before Mid-1,86.9,7.54,26.2,0,,,AB,1,Excellent
Electronics & Communication,4,Microprocessor & Interfacing,After Mid-1,83.0,7.96,27.0,0,6.7,,BB,1,Very Good
Computer Engineering,5,Software Engineering,After Mid-1,72.9,6.72,17.6,2,4.0,,CC,1,Average
Information Technology,1,Engineering Graphics & Design,Before Mid-1,70.5,5.73,15.4,2,,,CD,1,Average
Electrical Engineering,4,Electromagnetic Field Theory,After Mid-1,91.1,9.32,25.9,0,7.4,,AB,1,Excellent
Mechanical Engineering,7,Project-1,After Mid-2,84.0,6.89,17.7,0,5.8,12.7,BC,1,Good
Information Technology,8,Distributed Systems,After Mid-1,82.9,5.89,23.3,1,4.9,,CC,1,Average
Information Technology,5,Software Engineering,Before Mid-1,64.3,5.46,16.7,0,,,CC,1,Average
Information Technology,6,Cyber Security & Laws,After Mid-1,92.6,7.14,20.2,0,9.6,,AA,1,Excellent
Electrical Engineering,7,Smart Grid Technology,Before Mid-1,90.9,7.46,18.0,0,,,BB,1,Very Good
Electrical Engineering,7,Project-1,After Mid-2,76.2,5.84,16.7,0,5.0,11.6,BC,1,Good
Information Technology,1,Basic Electrical Engineering,After Mid-1,94.4,8.14,23.5,0,6.6,,BB,1,Very Good
Computer Engineering,3,Digital Fundamentals,After Mid-1,85.7,5.66,19.0,0,5.1,,BC,1,Good
Electronics & Communication,2,Programming for Problem Solving,Before Mid-1,77.2,5.1,16.1,0,,,BC,1,Good
Computer Engineering,4,Object Oriented Programming - C++,Before Mid-1,96.7,7.52,23.0,0,,,AB,1,Excellent
Mechanical Engineering,8,Renewable Energy Engineering,After Mid-1,83.4,7.37,31.6,0,7.1,,AB,1,Excellent
Electrical Engineering,7,High Voltage Engineering,After Mid-1,81.5,8.07,23.3,0,7.9,,AB,1,Excellent
Electronics & Communication,6,Antenna & Wave Propagation,Before Mid-1,89.7,7.24,19.8,0,,,BC,1,Good
Electrical Engineering,6,Testing & Maintenance of Electrical Equipment,After Mid-1,95.6,8.91,27.1,0,8.9,,AA,1,Excellent
Electrical Engineering,3,Analog Electronics,After Mid-1,88.6,6.14,15.5,1,6.2,,BC,1,Good
Electrical Engineering,8,Power Quality & Management,After Mid-2,75.0,5.15,17.0,1,5.2,10.0,CC,1,Average
Computer Engineering,3,Digital Fundamentals,After Mid-1,98.0,8.59,15.3,0,8.7,,AB,1,Excellent
Computer Engineering,5,Computer Networks,After Mid-1,81.1,7.64,29.5,1,6.9,,BB,1,Very Good
Information Technology,2,Mathematics-2,After Mid-1,76.2,6.65,22.0,0,7.0,,BB,1,Very Good
Computer Engineering,2,Mathematics-2,Before Mid-1,82.9,8.89,28.3,0,,,AB,1,Excellent
Civil Engineering,8,Construction Project Management,Before Mid-1,73.5,7.92,24.9,0,,,AB,1,Excellent
Computer Engineering,7,Cloud Computing,Before Mid-1,82.8,6.31,21.0,1,,,CC,1,Average
Civil Engineering,1,Engineering Graphics & Design,After Mid-2,90.6,7.34,19.2,0,7.7,14.2,BB,1,Very Good
Electrical Engineering,2,Programming for Problem Solving,After Mid-1,75.2,4.42,10.8,3,3.6,,FF,0,At Risk
Electronics & Communication,6,Digital Signal Processing,After Mid-2,83.6,6.64,15.3,0,5.3,9.9,BC,1,Good
Mechanical Engineering,4,Fluid Mechanics & Hydraulic Machines,After Mid-1,94.5,9.24,23.3,1,8.0,,AB,1,Excellent
Civil Engineering,6,Foundation Engineering,After Mid-1,90.3,9.05,24.9,0,9.6,,AA,1,Excellent
Electronics & Communication,6,VLSI Design,After Mid-1,85.9,7.07,20.0,0,7.6,,BB,1,Very Good
Computer Engineering,7,Machine Learning,After Mid-2,69.6,6.42,19.9,1,4.8,6.4,CC,1,Average
Mechanical Engineering,4,Manufacturing Processes-2,After Mid-1,84.8,6.73,21.5,0,7.5,,BB,1,Very Good
Information Technology,1,Engineering Graphics & Design,After Mid-1,57.5,5.6,15.5,0,6.0,,BC,1,Good
Computer Engineering,1,Engineering Graphics & Design,Before Mid-1,79.4,6.86,21.4,0,,,BC,1,Good
Civil Engineering,1,Physics,After Mid-2,79.1,8.88,26.4,0,7.3,13.0,AB,1,Excellent
Electronics & Communication,2,Programming for Problem Solving,After Mid-2,83.9,6.5,15.5,0,6.5,11.0,BC,1,Good
Electrical Engineering,3,Electrical Circuit Analysis,Before Mid-1,86.5,7.35,18.0,0,,,BB,1,Very Good
Computer Engineering,3,Data Structures,After Mid-2,72.7,4.99,21.1,1,4.0,7.5,CD,1,Average
Information Technology,7,Project-1,After Mid-2,87.3,6.34,11.0,1,6.1,9.4,BC,1,Good
Civil Engineering,2,Programming for Problem Solving,Before Mid-1,59.9,6.28,26.6,0,,,BC,1,Good
Information Technology,3,Digital Electronics,Before Mid-1,92.4,7.94,22.9,0,,,AB,1,Excellent
Computer Engineering,5,Cyber Security,After Mid-1,77.6,7.95,26.9,0,8.3,,AA,1,Excellent
Civil Engineering,1,Basic Civil Engineering,After Mid-1,77.4,5.65,15.6,3,3.7,,FF,0,At Risk
Computer Engineering,1,Mathematics-1,Before Mid-1,65.6,5.59,18.7,2,,,DD,1,At Risk
Computer Engineering,8,Internet of Things,After Mid-2,79.5,6.83,15.7,1,6.7,12.7,BC,1,Good
Electrical Engineering,8,Renewable Energy Sources,After Mid-2,70.5,7.3,21.7,0,7.8,17.8,AB,1,Excellent
Computer Engineering,6,Web Technology,After Mid-1,67.6,4.04,12.2,2,3.4,,FF,0,At Risk
Electrical Engineering,8,Renewable Energy Sources,Before Mid-1,87.1,6.39,20.3,2,,,CC,1,Average
Information Technology,6,Web Technology,After Mid-1,77.7,6.84,14.1,0,6.1,,BC,1,Good
Electronics & Communication,8,Wireless Communication,After Mid-2,78.3,5.71,19.0,2,4.9,9.6,CD,1,Average
Electronics & Communication,3,Digital Electronics,Before Mid-1,87.3,7.61,27.2,0,,,BB,1,Very Good
Civil Engineering,7,Irrigation Engineering,After Mid-2,86.8,7.98,23.8,1,6.8,13.1,BB,1,Very Good
Electronics & Communication,4,Microprocessor & Interfacing,Before Mid-1,68.9,6.22,16.9,0,,,CC,1,Average
Information Technology,4,Computer Networks,Before Mid-1,91.2,9.47,21.7,0,,,AA,1,Excellent
Computer Engineering,4,Discrete Mathematics,After Mid-2,87.5,7.16,28.3,0,6.1,15.3,AB,1,Excellent
Computer Engineering,8,Artificial Intelligence,Before Mid-1,82.0,7.0,20.3,0,,,BC,1,Good
Computer Engineering,6,Agile Software Development,After Mid-2,73.4,6.58,17.5,0,5.0,12.6,BC,1,Good
Computer Engineering,6,Web Technology,After Mid-1,85.2,6.33,20.0,0,4.8,,BC,1,Good
Electronics & Communication,4,Analog Communication,Before Mid-1,97.6,8.36,23.1,0,,,AA,1,Excellent
Electronics & Communication,1,Mathematics-1,Before Mid-1,65.3,4.16,13.8,5,,,FF,0,At Risk
Electrical Engineering,6,Electrical Switchgear & Protection,After Mid-2,79.2,6.66,18.6,0,5.6,11.1,BC,1,Good
Mechanical Engineering,6,Operations Research,After Mid-1,74.1,5.79,14.1,1,3.4,,CC,1,Average
Civil Engineering,4,Advanced Surveying,Before Mid-1,85.1,7.53,20.0,0,,,BB,1,Very Good
Electrical Engineering,8,E-Vehicle Technology,Before Mid-1,79.0,8.67,21.4,0,,,AB,1,Excellent
Information Technology,8,Big Data Analytics,After Mid-2,81.7,7.11,20.9,0,7.3,15.2,BB,1,Very Good
Computer Engineering,7,Project-1,Before Mid-1,91.6,9.09,26.4,0,,,AA,1,Excellent
Mechanical Engineering,7,Power Plant Engineering,After Mid-1,76.5,6.3,19.3,0,7.0,,BB,1,Very Good
Electrical Engineering,2,Programming for Problem Solving,After Mid-2,78.9,7.99,26.2,0,7.7,16.2,AB,1,Excellent
Electronics & Communication,3,Network Theory,Before Mid-1,72.1,7.27,19.2,0,,,BB,1,Very Good
Computer Engineering,7,Compiler Design,Before Mid-1,72.6,4.54,16.0,1,,,FF,0,At Risk
Computer Engineering,8,Project-2,After Mid-2,90.5,7.63,23.6,1,6.8,12.8,BB,1,Very Good
Civil Engineering,3,Mechanics of Solids,After Mid-2,100.0,9.52,33.0,0,6.4,12.7,AB,1,Excellent
Information Technology,6,Data Warehousing & Mining,After Mid-1,80.1,7.62,21.0,0,7.6,,BB,1,Very Good
Information Technology,5,Python Programming,After Mid-2,76.7,5.74,21.3,0,7.2,13.0,BB,1,Very Good
Computer Engineering,2,Programming for Problem Solving,Before Mid-1,69.8,6.21,20.2,2,,,CC,1,Average
Electrical Engineering,1,Physics,After Mid-2,83.9,6.81,16.2,0,4.0,9.9,BC,1,Good
Mechanical Engineering,8,Automobile Engineering,After Mid-2,90.9,8.09,28.5,0,9.0,17.9,AA,1,Excellent
Information Technology,3,Digital Electronics,Before Mid-1,79.5,7.28,23.0,0,,,BB,1,Very Good
Mechanical Engineering,4,Mechanical Measurement & Metrology,Before Mid-1,84.7,7.01,13.8,0,,,BB,1,Very Good
Computer Engineering,6,Advanced Java Programming,After Mid-1,79.3,7.56,23.0,1,6.4,,BB,1,Very Good
Information Technology,4,Computer Networks,After Mid-1,89.7,7.61,32.5,0,7.4,,AB,1,Excellent
Mechanical Engineering,7,Computer Aided Manufacturing (CAM),After Mid-1,90.5,6.82,23.1,0,4.9,,BB,1,Very Good
Mechanical Engineering,2,Workshop Practices,After Mid-2,72.6,6.58,20.0,0,7.2,13.3,BB,1,Very Good
Electrical Engineering,8,Renewable Energy Sources,After Mid-2,68.1,5.6,12.9,0,5.9,12.0,BC,1,Good
Information Technology,8,Project-2,After Mid-2,82.3,5.73,15.6,0,5.3,11.5,BC,1,Good
Civil Engineering,7,Irrigation Engineering,Before Mid-1,73.5,4.31,18.9,1,,,DD,1,At Risk
Electrical Engineering,5,Electrical Machines-2,After Mid-2,86.3,6.5,15.4,2,6.3,10.7,CC,1,Average
Computer Engineering,1,Basic Electrical Engineering,After Mid-2,76.1,6.41,23.1,0,6.1,13.1,BB,1,Very Good
Computer Engineering,6,Data Analysis & Visualization,Before Mid-1,81.5,7.96,25.1,0,,,AB,1,Excellent
Civil Engineering,3,Fluid Mechanics,After Mid-2,91.3,6.89,23.1,0,6.0,9.9,BC,1,Good
Computer Engineering,4,Principles of Economics & Management,After Mid-1,86.9,7.3,18.8,0,7.0,,BB,1,Very Good
Information Technology,7,Data Mining & Business Intelligence,Before Mid-1,60.6,5.3,20.2,1,,,CD,1,Average
Electronics & Communication,5,Digital Communication,Before Mid-1,72.4,5.45,17.1,1,,,DD,1,At Risk
Information Technology,3,Data Structures,Before Mid-1,97.5,8.52,20.9,0,,,AB,1,Excellent
Mechanical Engineering,3,Engineering Thermodynamics,After Mid-1,91.6,5.75,12.3,2,4.2,,DD,1,At Risk
Electrical Engineering,1,Physics,After Mid-1,88.4,8.48,23.1,0,6.7,,AB,1,Excellent
Computer Engineering,1,Environmental Sciences,After Mid-1,82.7,7.46,24.9,0,6.5,,AB,1,Excellent
Electronics & Communication,3,Network Theory,After Mid-1,77.4,6.9,17.3,0,6.8,,BB,1,Very Good
Information Technology,8,Big Data Analytics,After Mid-2,78.2,6.32,22.7,0,5.1,9.8,BC,1,Good
Information Technology,6,Web Technology,After Mid-1,94.0,9.52,28.4,0,8.2,,AA,1,Excellent
Mechanical Engineering,2,Mathematics-2,After Mid-2,89.4,9.41,24.0,0,8.9,16.0,AA,1,Excellent
Civil Engineering,4,Structural Analysis-1,After Mid-1,84.5,7.09,20.6,0,7.6,,BB,1,Very Good
Computer Engineering,3,Data Structures,After Mid-1,75.9,5.68,17.3,0,5.5,,CC,1,Average
Computer Engineering,2,Basic Electronics,After Mid-2,97.0,8.32,25.5,0,8.2,17.8,AB,1,Excellent
Electronics & Communication,5,Digital Communication,Before Mid-1,87.9,9.25,32.2,0,,,AA,1,Excellent
Computer Engineering,3,Database Management Systems,After Mid-1,78.8,6.14,25.9,1,7.0,,BC,1,Good
Mechanical Engineering,7,Computer Aided Manufacturing (CAM),After Mid-1,77.6,7.78,16.1,0,4.8,,BC,1,Good
Electrical Engineering,7,High Voltage Engineering,After Mid-2,81.1,6.17,17.1,2,4.2,5.7,DD,1,At Risk
Electrical Engineering,2,Programming for Problem Solving,After Mid-1,78.7,5.7,15.7,1,5.1,,CC,1,Average
Computer Engineering,2,Workshop/Manufacturing Practices,Before Mid-1,86.0,8.03,21.4,0,,,AA,1,Excellent
Electrical Engineering,4,Electromagnetic Field Theory,Before Mid-1,82.0,5.46,21.3,1,,,CC,1,Average
Mechanical Engineering,2,Mathematics-2,After Mid-1,80.6,7.01,22.1,4,3.7,,DD,1,At Risk
Electrical Engineering,3,Electrical Circuit Analysis,After Mid-1,68.1,5.45,17.0,0,5.0,,CC,1,Average
Information Technology,7,Data Mining & Business Intelligence,Before Mid-1,89.4,8.13,20.5,0,,,BB,1,Very Good
Information Technology,2,Mathematics-2,After Mid-1,89.8,7.74,25.0,1,6.2,,BB,1,Very Good
Mechanical Engineering,7,Power Plant Engineering,After Mid-1,84.7,7.6,20.3,3,5.0,,BC,1,Good
Civil Engineering,5,Soil Mechanics & Geotechnical Engg,Before Mid-1,87.9,8.04,27.2,0,,,AB,1,Excellent
Information Technology,6,Cyber Security & Laws,Before Mid-1,97.6,7.15,21.4,0,,,AB,1,Excellent
Computer Engineering,3,Digital Fundamentals,Before Mid-1,80.8,6.12,23.9,1,,,BC,1,Good
Electrical Engineering,8,Renewable Energy Sources,Before Mid-1,89.5,7.91,30.6,1,,,BB,1,Very Good
Computer Engineering,8,Project-2,After Mid-2,85.3,7.25,21.6,0,6.3,12.7,BB,1,Very Good
Electronics & Communication,8,Wireless Communication,After Mid-1,85.0,6.23,15.3,1,6.0,,BC,1,Good
Information Technology,5,Formal Languages & Automata Theory,Before Mid-1,77.3,5.79,22.8,1,,,CC,1,Average
Electronics & Communication,7,Project-1,After Mid-1,86.7,8.5,13.2,0,7.3,,BB,1,Very Good
Computer Engineering,4,Computer Organization & Architecture,After Mid-1,85.9,7.27,24.2,0,8.7,,AB,1,Excellent
Electronics & Communication,8,Radar & Navigational Aids,After Mid-1,72.3,7.73,15.8,0,7.9,,BB,1,Very Good
Computer Engineering,4,Object Oriented Programming - C++,Before Mid-1,73.9,4.77,15.3,2,,,DD,1,At Risk
Mechanical Engineering,8,Industrial Engineering,After Mid-1,78.3,5.29,16.4,2,5.4,,CC,1,Average
Information Technology,5,Python Programming,After Mid-2,81.3,6.89,18.2,0,7.1,15.2,BB,1,Very Good
Mechanical Engineering,3,Engineering Thermodynamics,Before Mid-1,89.4,7.08,19.7,0,,,BC,1,Good
Mechanical Engineering,5,Internal Combustion Engines,Before Mid-1,94.1,7.17,18.9,0,,,BB,1,Very Good
Civil Engineering,3,Surveying,Before Mid-1,77.9,8.37,29.3,0,,,AA,1,Excellent
Electrical Engineering,7,Electric Drives,After Mid-1,83.8,6.37,10.8,1,7.8,,BC,1,Good
Information Technology,7,Information Retrieval,Before Mid-1,82.8,6.22,18.7,0,,,BC,1,Good
Computer Engineering,1,Environmental Sciences,Before Mid-1,74.4,5.26,24.3,0,,,BC,1,Good
Mechanical Engineering,3,Material Science & Metallurgy,After Mid-2,100.0,10.0,23.6,0,9.8,20.0,AA,1,Excellent
Mechanical Engineering,3,Material Science & Metallurgy,After Mid-1,75.9,6.77,18.4,0,6.2,,BB,1,Very Good
Electronics & Communication,1,Basic Electronics,After Mid-2,88.8,7.06,25.2,0,6.3,13.6,BB,1,Very Good
Civil Engineering,8,Bridge Engineering,After Mid-1,91.1,7.97,22.2,0,6.3,,BB,1,Very Good
Civil Engineering,7,Design of Reinforced Concrete Structures,After Mid-1,89.3,6.5,20.5,0,4.0,,BC,1,Good
Civil Engineering,2,Environmental Sciences,After Mid-1,92.6,7.65,25.9,1,7.9,,AB,1,Excellent
Information Technology,2,English,After Mid-1,78.1,6.55,23.8,0,6.9,,BB,1,Very Good
Information Technology,7,Project-1,After Mid-1,99.2,9.09,24.4,0,9.3,,AA,1,Excellent
Civil Engineering,1,Basic Civil Engineering,After Mid-1,87.6,6.6,24.7,0,7.6,,AB,1,Excellent
Mechanical Engineering,7,Computer Aided Manufacturing (CAM),After Mid-2,82.8,7.74,28.4,0,7.7,16.4,AB,1,Excellent
Computer Engineering,4,Object Oriented Programming - C++,After Mid-1,86.6,7.03,20.4,2,5.3,,BC,1,Good
Computer Engineering,5,Cyber Security,Before Mid-1,96.9,8.68,24.8,0,,,AA,1,Excellent
Information Technology,2,Programming for Problem Solving,After Mid-1,66.0,4.41,17.2,3,1.4,,FF,0,At Risk
Information Technology,3,Effective Technical Communication,After Mid-2,68.6,5.66,19.4,0,4.6,10.5,BC,1,Good
Civil Engineering,3,Fluid Mechanics,After Mid-1,77.3,4.37,15.2,2,3.9,,DD,1,At Risk
Computer Engineering,8,Project-2,After Mid-1,87.7,9.01,26.8,0,9.2,,AA,1,Excellent
Mechanical Engineering,4,Applied Thermodynamics,After Mid-1,80.2,6.87,21.3,0,6.4,,BC,1,Good
Civil Engineering,7,Highway & Traffic Engineering,Before Mid-1,92.4,6.73,22.9,1,,,BC,1,Good
Mechanical Engineering,5,Heat Transfer,After Mid-1,71.2,6.86,29.1,0,4.9,,BC,1,Good
Computer Engineering,4,Principles of Economics & Management,After Mid-2,80.3,5.52,23.8,1,6.5,14.4,BB,1,Very Good
Civil Engineering,5,Hydrology & Water Resources Engg,After Mid-2,100.0,8.03,31.3,0,7.3,14.3,AB,1,Excellent
Mechanical Engineering,4,Fluid Mechanics & Hydraulic Machines,Before Mid-1,87.6,9.06,25.9,0,,,AB,1,Excellent
Civil Engineering,3,Mechanics of Solids,After Mid-1,94.8,7.59,23.1,0,7.2,,BB,1,Very Good
Mechanical Engineering,6,Computer Aided Design (CAD),After Mid-2,79.7,6.92,20.2,0,7.6,12.1,BB,1,Very Good
Mechanical Engineering,5,Heat Transfer,After Mid-2,85.9,6.25,23.0,0,4.1,7.5,BC,1,Good
Mechanical Engineering,5,Heat Transfer,Before Mid-1,96.2,9.16,31.6,0,,,AA,1,Excellent
Electronics & Communication,8,Optical Communication,After Mid-2,95.8,8.44,27.3,0,7.0,13.0,AB,1,Excellent
Civil Engineering,5,Structural Analysis-2,After Mid-1,69.0,4.73,11.5,0,5.7,,CD,1,Average
Civil Engineering,1,Physics,After Mid-2,87.9,7.07,24.3,0,6.8,12.0,BB,1,Very Good
Computer Engineering,3,Data Structures,After Mid-1,89.2,7.14,22.0,0,5.6,,BB,1,Very Good
Information Technology,6,Data Warehousing & Mining,Before Mid-1,73.4,7.05,21.0,0,,,BB,1,Very Good
Electrical Engineering,1,Environmental Sciences,After Mid-2,70.7,6.34,23.3,0,6.3,13.6,BB,1,Very Good
Mechanical Engineering,6,Computer Aided Design (CAD),Before Mid-1,77.3,7.03,23.5,1,,,BB,1,Very Good
Electronics & Communication,2,Mathematics-2,Before Mid-1,95.4,8.85,26.1,0,,,AB,1,Excellent
Computer Engineering,4,Operating System,After Mid-2,87.9,7.43,21.2,0,6.9,12.5,BB,1,Very Good
Information Technology,6,Cyber Security & Laws,Before Mid-1,79.6,6.16,22.5,4,,,CC,1,Average
Computer Engineering,6,Agile Software Development,After Mid-1,78.2,7.26,17.9,0,7.4,,BB,1,Very Good
Mechanical Engineering,3,Manufacturing Processes-1,Before Mid-1,73.4,7.67,23.7,0,,,AB,1,Excellent
Computer Engineering,1,Environmental Sciences,After Mid-1,98.9,7.81,18.6,0,6.5,,AB,1,Excellent
Mechanical Engineering,3,Manufacturing Processes-1,After Mid-1,89.1,7.11,23.9,1,6.9,,BC,1,Good
Civil Engineering,3,Mechanics of Solids,After Mid-1,92.3,6.8,17.8,1,4.6,,CC,1,Average
Computer Engineering,3,Database Management Systems,Before Mid-1,89.6,7.29,30.4,0,,,AB,1,Excellent
Mechanical Engineering,1,Mathematics-1,Before Mid-1,87.6,8.04,26.3,0,,,AB,1,Excellent
Mechanical Engineering,4,Manufacturing Processes-2,After Mid-1,74.0,5.35,18.6,1,3.2,,CD,1,Average
Information Technology,2,Programming for Problem Solving,Before Mid-1,93.2,7.88,29.7,0,,,AB,1,Excellent
Electrical Engineering,4,Electrical Machines-1,After Mid-2,77.7,7.0,16.4,0,6.8,10.8,BC,1,Good
Information Technology,1,Environmental Sciences,After Mid-1,85.4,6.71,23.8,1,6.5,,BB,1,Very Good
Information Technology,8,Distributed Systems,Before Mid-1,63.2,4.46,22.4,2,,,FF,0,At Risk
Civil Engineering,4,Transportation Engineering,After Mid-1,84.5,8.73,26.2,0,8.6,,AA,1,Excellent
Computer Engineering,6,Agile Software Development,Before Mid-1,90.4,8.24,30.9,0,,,AA,1,Excellent
Mechanical Engineering,1,Engineering Graphics & Design,After Mid-2,81.5,8.55,26.9,0,6.2,12.3,AB,1,Excellent
Electronics & Communication,4,Microprocessor & Interfacing,Before Mid-1,69.9,6.91,18.2,0,,,BC,1,Good
Civil Engineering,4,Transportation Engineering,After Mid-2,69.2,5.15,22.0,3,3.9,10.3,DD,1,At Risk
Electronics & Communication,2,Programming for Problem Solving,After Mid-1,70.4,4.0,13.3,0,3.7,,CD,1,Average
Computer Engineering,2,Programming for Problem Solving,After Mid-1,89.8,8.31,25.4,0,8.4,,AA,1,Excellent
Information Technology,8,Project-2,Before Mid-1,74.0,5.14,16.6,0,,,BC,1,Good
Electrical Engineering,4,Electrical Machines-1,After Mid-2,76.3,5.64,21.0,1,5.3,10.6,CC,1,Average
Information Technology,1,Engineering Graphics & Design,After Mid-2,70.2,5.01,10.7,0,5.3,10.1,CC,1,Average
Computer Engineering,2,Workshop/Manufacturing Practices,Before Mid-1,75.9,6.1,17.6,2,,,CC,1,Average
Electrical Engineering,6,Testing & Maintenance of Electrical Equipment,Before Mid-1,91.0,8.92,26.1,0,,,AB,1,Excellent
Electronics & Communication,2,Mathematics-2,After Mid-1,61.6,7.91,27.4,1,5.6,,BC,1,Good
Information Technology,6,Cyber Security & Laws,After Mid-1,83.7,5.66,17.2,0,5.8,,BB,1,Very Good
Mechanical Engineering,7,Power Plant Engineering,After Mid-1,90.1,7.85,18.8,0,7.8,,AB,1,Excellent
Information Technology,2,English,After Mid-1,78.0,6.63,20.0,0,8.5,,AB,1,Excellent
Computer Engineering,7,Information & Network Security,Before Mid-1,90.5,5.92,22.0,3,,,DD,1,At Risk
Civil Engineering,5,Structural Analysis-2,After Mid-2,75.4,7.97,29.1,0,7.6,12.3,BB,1,Very Good
Electrical Engineering,8,Renewable Energy Sources,After Mid-1,86.8,9.93,31.7,0,8.0,,AA,1,Excellent
Electrical Engineering,6,Testing & Maintenance of Electrical Equipment,Before Mid-1,86.1,7.36,19.7,0,,,BB,1,Very Good
Mechanical Engineering,1,Basic Mechanical Engineering,After Mid-2,79.0,5.99,13.8,2,6.3,9.1,CC,1,Average
Mechanical Engineering,6,Production Technology,After Mid-1,90.3,8.61,32.4,0,8.0,,AA,1,Excellent
Computer Engineering,3,Effective Technical Communication,After Mid-1,72.9,5.21,12.9,0,6.2,,BC,1,Good
Computer Engineering,2,Workshop/Manufacturing Practices,After Mid-1,84.7,7.54,20.5,0,7.1,,BB,1,Very Good
Electrical Engineering,7,High Voltage Engineering,After Mid-1,83.9,6.87,28.2,0,6.8,,BB,1,Very Good
Electrical Engineering,6,Testing & Maintenance of Electrical Equipment,After Mid-1,76.6,6.9,14.3,0,6.3,,BC,1,Good
Information Technology,5,Software Engineering,After Mid-1,82.6,6.89,20.5,1,6.0,,BC,1,Good
Information Technology,2,Basic Electronics,Before Mid-1,94.0,6.88,20.5,1,,,BC,1,Good
Electronics & Communication,5,Integrated Circuits & Applications,After Mid-2,87.8,7.15,23.6,0,6.8,12.8,BB,1,Very Good
Mechanical Engineering,6,Design of Machine Elements,After Mid-1,96.0,6.61,22.1,0,5.0,,BC,1,Good
Mechanical Engineering,1,Engineering Graphics & Design,Before Mid-1,66.7,5.13,18.6,1,,,CD,1,Average
Mechanical Engineering,1,Basic Mechanical Engineering,After Mid-2,67.8,6.28,15.5,0,5.8,10.8,BC,1,Good
Computer Engineering,3,Effective Technical Communication,After Mid-2,62.1,5.73,21.7,0,6.3,11.8,BB,1,Very Good
Civil Engineering,8,Earthquake Engineering,After Mid-2,66.4,5.49,15.5,0,4.2,6.9,CC,1,Average
Civil Engineering,7,Project-1,After Mid-2,84.6,6.79,17.9,1,7.3,12.5,BB,1,Very Good
Electronics & Communication,3,Digital Electronics,After Mid-2,78.0,8.09,27.7,0,7.5,14.9,AB,1,Excellent
Electrical Engineering,5,Electrical Power System-1,After Mid-1,81.2,5.84,18.2,1,5.6,,CC,1,Average
Civil Engineering,8,Earthquake Engineering,After Mid-1,72.6,4.83,20.1,2,3.6,,FF,0,At Risk
Mechanical Engineering,5,Heat Transfer,After Mid-2,95.5,9.72,25.8,0,9.1,17.4,AA,1,Excellent
Computer Engineering,6,Web Technology,After Mid-2,81.8,6.68,23.0,0,5.9,11.9,BB,1,Very Good
Electrical Engineering,8,E-Vehicle Technology,After Mid-1,71.2,4.7,16.6,2,3.6,,DD,1,At Risk
Civil Engineering,7,Highway & Traffic Engineering,After Mid-2,75.4,6.66,24.7,0,6.6,14.2,BB,1,Very Good
Mechanical Engineering,8,Project-2,After Mid-1,73.5,6.33,27.3,1,5.6,,BC,1,Good
Information Technology,1,Environmental Sciences,Before Mid-1,88.3,8.27,26.5,0,,,AA,1,Excellent
Electrical Engineering,6,Power Electronics-1,After Mid-1,82.8,7.24,21.8,0,5.8,,BB,1,Very Good
Information Technology,8,Project-2,After Mid-2,74.4,7.03,23.6,0,7.0,13.0,BB,1,Very Good
Civil Engineering,8,Construction Project Management,After Mid-2,88.0,10.0,28.5,0,8.9,18.0,AA,1,Excellent
Mechanical Engineering,7,Computer Aided Manufacturing (CAM),After Mid-1,82.1,5.52,21.0,1,4.7,,CC,1,Average
Civil Engineering,8,Project-2,After Mid-1,95.7,9.18,32.4,0,7.7,,AA,1,Excellent
Electronics & Communication,7,Embedded Systems,Before Mid-1,85.7,6.04,23.1,0,,,BB,1,Very Good
Mechanical Engineering,7,Project-1,After Mid-1,70.8,6.47,22.7,0,6.8,,BB,1,Very Good
Mechanical Engineering,5,Heat Transfer,After Mid-1,100.0,8.63,29.5,0,4.8,,BB,1,Very Good
Information Technology,1,Basic Electrical Engineering,Before Mid-1,72.8,4.88,19.5,4,,,FF,0,At Risk
Computer Engineering,7,Compiler Design,After Mid-1,88.9,7.61,24.3,0,6.9,,BB,1,Very Good
Mechanical Engineering,5,Internal Combustion Engines,After Mid-2,87.1,6.96,21.2,0,6.6,10.3,BB,1,Very Good
Information Technology,5,Formal Languages & Automata Theory,Before Mid-1,82.4,5.97,24.8,2,,,CC,1,Average
Computer Engineering,6,Advanced Java Programming,Before Mid-1,67.0,6.28,15.2,0,,,BB,1,Very Good
Information Technology,4,Database Management Systems,After Mid-2,59.8,4.52,13.1,3,5.1,8.5,FF,0,At Risk
Information Technology,1,Basic Electrical Engineering,After Mid-1,76.8,4.8,15.2,0,5.0,,CC,1,Average
Civil Engineering,8,Construction Project Management,Before Mid-1,70.1,4.15,12.0,2,,,FF,0,At Risk
Mechanical Engineering,1,Physics,Before Mid-1,81.0,8.23,15.4,0,,,BB,1,Very Good
Electrical Engineering,2,Mathematics-2,After Mid-1,81.7,7.24,24.1,0,6.4,,BB,1,Very Good
Information Technology,6,Cyber Security & Laws,Before Mid-1,91.8,7.87,19.2,0,,,AA,1,Excellent
Electronics & Communication,6,Antenna & Wave Propagation,Before Mid-1,90.4,8.78,22.0,0,,,BB,1,Very Good
Civil Engineering,4,Concrete Technology,After Mid-2,85.6,6.88,21.1,0,6.1,13.0,BB,1,Very Good
Civil Engineering,5,Hydrology & Water Resources Engg,Before Mid-1,95.8,8.38,21.7,0,,,AB,1,Excellent
Electronics & Communication,2,Programming for Problem Solving,After Mid-1,93.4,10.0,31.9,0,10.0,,AA,1,Excellent
Electrical Engineering,7,Project-1,After Mid-1,80.4,6.04,14.9,5,4.2,,FF,0,At Risk
Computer Engineering,7,Compiler Design,Before Mid-1,86.5,9.52,20.8,0,,,AB,1,Excellent
Information Technology,3,IT Infrastructure & Management,After Mid-1,74.5,6.96,30.6,0,6.7,,BB,1,Very Good
Information Technology,5,Computer Networks,After Mid-1,60.8,5.16,19.9,1,4.1,,CD,1,Average
Civil Engineering,3,Mechanics of Solids,Before Mid-1,83.2,5.94,15.9,0,,,BC,1,Good
Computer Engineering,4,Object Oriented Programming - C++,After Mid-2,83.2,5.83,17.9,2,4.0,7.7,CC,1,Average
Computer Engineering,6,Theory of Computation,Before Mid-1,92.5,6.75,22.9,0,,,BB,1,Very Good
Computer Engineering,6,Advanced Java Programming,After Mid-1,76.4,7.97,18.4,0,9.0,,AB,1,Excellent
Mechanical Engineering,2,Programming for Problem Solving,After Mid-1,90.1,8.49,25.9,0,8.4,,AB,1,Excellent
Electrical Engineering,8,Renewable Energy Sources,After Mid-2,73.2,4.0,22.1,0,4.0,8.6,CC,1,Average
Civil Engineering,3,Surveying,Before Mid-1,82.8,6.59,17.1,1,,,BC,1,Good
Electrical Engineering,5,Microprocessor & Microcontroller,After Mid-1,79.1,7.94,27.9,0,7.6,,AB,1,Excellent
Computer Engineering,6,Advanced Java Programming,After Mid-2,83.7,7.76,18.5,0,7.6,15.3,AB,1,Excellent
Mechanical Engineering,4,Applied Thermodynamics,After Mid-1,72.6,7.89,26.2,0,7.5,,AB,1,Excellent
Computer Engineering,4,Operating System,After Mid-2,78.7,8.7,29.5,0,9.7,18.3,AA,1,Excellent
Electrical Engineering,4,Electromagnetic Field Theory,After Mid-2,74.5,6.91,19.3,0,6.1,12.0,BC,1,Good
Computer Engineering,5,Cyber Security,Before Mid-1,79.5,7.27,24.5,0,,,AB,1,Excellent
Computer Engineering,2,Basic Electronics,After Mid-1,79.6,8.18,18.6,0,7.9,,AB,1,Excellent
Computer Engineering,7,Compiler Design,After Mid-1,80.2,6.96,17.2,0,6.3,,BB,1,Very Good
Mechanical Engineering,2,Workshop Practices,After Mid-1,89.1,6.11,22.8,1,7.3,,BB,1,Very Good
Electrical Engineering,4,Electrical Machines-1,After Mid-2,92.6,5.69,18.9,0,5.5,11.5,BC,1,Good
Electronics & Communication,7,Microwave Engineering,After Mid-2,76.3,7.5,21.5,0,7.2,14.3,BB,1,Very Good
Computer Engineering,8,Internet of Things,After Mid-2,80.7,5.04,15.1,1,4.7,7.9,CC,1,Average
Computer Engineering,1,Basic Electrical Engineering,After Mid-2,96.1,9.93,27.3,0,10.0,19.6,AA,1,Excellent
Computer Engineering,4,Object Oriented Programming - C++,After Mid-1,89.3,8.33,20.2,0,7.4,,AB,1,Excellent
Information Technology,3,Data Structures,After Mid-1,80.8,6.17,21.6,2,5.6,,CC,1,Average
Civil Engineering,6,Environmental Engineering,Before Mid-1,90.8,7.7,21.2,0,,,AB,1,Excellent
Information Technology,7,Mobile Application Development,After Mid-2,87.7,9.0,24.0,1,7.4,14.5,AB,1,Excellent
Computer Engineering,2,English,After Mid-2,99.2,10.0,24.8,0,10.0,18.8,AA,1,Excellent
Information Technology,1,Mathematics-1,After Mid-2,75.8,7.85,23.9,0,7.8,14.0,AB,1,Excellent
Mechanical Engineering,3,Manufacturing Processes-1,After Mid-2,96.7,9.45,24.7,0,10.0,18.9,AA,1,Excellent
Computer Engineering,2,Workshop/Manufacturing Practices,Before Mid-1,72.0,5.41,15.2,3,,,CD,1,Average
Information Technology,3,IT Infrastructure & Management,After Mid-1,88.1,8.07,23.4,0,7.2,,AB,1,Excellent
Mechanical Engineering,4,Fluid Mechanics & Hydraulic Machines,Before Mid-1,79.6,7.4,20.2,0,,,BB,1,Very Good
Civil Engineering,4,Transportation Engineering,After Mid-2,63.9,5.88,23.5,2,4.7,13.2,CC,1,Average
Electronics & Communication,4,Analog Communication,Before Mid-1,77.2,7.7,22.2,0,,,AB,1,Excellent
Computer Engineering,7,Information & Network Security,After Mid-2,92.7,7.67,21.5,1,4.8,9.8,BC,1,Good
Electronics & Communication,1,Basic Electronics,Before Mid-1,85.1,8.52,24.9,0,,,AB,1,Excellent
Mechanical Engineering,4,Fluid Mechanics & Hydraulic Machines,After Mid-1,89.6,5.84,21.1,0,5.5,,BC,1,Good
Electrical Engineering,3,Analog Electronics,After Mid-2,89.9,9.66,23.8,2,7.1,13.6,BB,1,Very Good
Electrical Engineering,7,High Voltage Engineering,Before Mid-1,76.1,6.89,21.5,0,,,BC,1,Good
Electrical Engineering,3,Electrical Measurements & Instrumentation,After Mid-1,98.0,7.7,22.0,0,6.4,,BB,1,Very Good
Civil Engineering,8,Bridge Engineering,Before Mid-1,96.7,9.8,27.2,0,,,AA,1,Excellent
Information Technology,1,Environmental Sciences,After Mid-1,93.7,7.64,22.7,0,9.1,,AA,1,Excellent
Information Technology,1,Mathematics-1,After Mid-1,77.0,7.37,28.3,1,5.8,,BC,1,Good
Civil Engineering,6,Environmental Engineering,After Mid-1,65.4,4.9,15.8,6,1.7,,FF,0,At Risk
Information Technology,6,Data Warehousing & Mining,Before Mid-1,100.0,10.0,23.9,0,,,AA,1,Excellent
Mechanical Engineering,5,Internal Combustion Engines,After Mid-1,92.2,9.38,28.6,0,8.8,,AA,1,Excellent
Electrical Engineering,7,High Voltage Engineering,After Mid-2,60.8,6.5,21.9,0,6.2,12.7,BC,1,Good
Mechanical Engineering,7,Computer Aided Manufacturing (CAM),Before Mid-1,83.3,8.18,25.0,0,,,AB,1,Excellent
Computer Engineering,8,Internet of Things,After Mid-2,88.1,9.48,31.6,0,9.4,20.0,AA,1,Excellent
Mechanical Engineering,8,Automobile Engineering,After Mid-1,82.9,5.99,21.5,2,4.9,,CC,1,Average
Electrical Engineering,2,Engineering Graphics & Design,After Mid-2,79.4,7.02,20.4,4,4.8,11.1,CC,1,Average
Electronics & Communication,2,Environmental Sciences,Before Mid-1,75.9,5.8,23.7,3,,,CC,1,Average
Computer Engineering,8,Internet of Things,After Mid-2,96.5,9.75,26.5,0,9.5,18.2,AA,1,Excellent
Electronics & Communication,2,Mathematics-2,After Mid-1,81.9,6.58,23.7,3,4.9,,CD,1,Average
Civil Engineering,5,Hydrology & Water Resources Engg,After Mid-1,93.9,8.15,20.7,0,8.5,,AB,1,Excellent
Information Technology,6,Data Warehousing & Mining,After Mid-2,92.4,6.79,22.7,0,7.1,13.1,BB,1,Very Good
Computer Engineering,1,Physics,After Mid-1,86.8,7.25,18.9,0,5.6,,BC,1,Good
Electrical Engineering,2,Mathematics-2,Before Mid-1,89.5,7.26,26.5,0,,,BB,1,Very Good
Mechanical Engineering,2,Programming for Problem Solving,After Mid-1,81.2,5.49,21.9,1,5.8,,BC,1,Good
Computer Engineering,5,Analysis & Design of Algorithms,Before Mid-1,70.9,6.08,15.3,1,,,BC,1,Good
Electrical Engineering,2,Mathematics-2,After Mid-1,81.7,5.43,18.6,0,4.7,,CC,1,Average
Computer Engineering,2,English,After Mid-1,78.5,7.02,22.4,1,6.4,,BC,1,Good
Mechanical Engineering,1,Physics,Before Mid-1,81.5,6.91,21.3,1,,,CC,1,Average
Civil Engineering,8,Earthquake Engineering,After Mid-1,100.0,9.82,27.6,0,8.6,,AA,1,Excellent
Mechanical Engineering,7,Refrigeration & Air Conditioning,Before Mid-1,82.8,6.65,16.4,0,,,BC,1,Good
Information Technology,1,Engineering Graphics & Design,After Mid-1,76.1,6.03,18.4,1,5.3,,CC,1,Average
Mechanical Engineering,6,Operations Research,After Mid-2,74.1,6.13,14.9,1,5.0,8.7,CC,1,Average
Computer Engineering,1,Basic Electrical Engineering,Before Mid-1,72.7,6.77,25.3,3,,,CC,1,Average
Information Technology,7,Project-1,After Mid-2,86.6,7.0,23.2,0,5.7,12.3,BB,1,Very Good
Information Technology,1,Engineering Graphics & Design,After Mid-2,70.5,5.03,13.9,0,5.6,8.0,CC,1,Average
Civil Engineering,4,Concrete Technology,After Mid-2,77.4,6.13,22.0,0,5.5,15.1,BB,1,Very Good
Computer Engineering,1,Engineering Graphics & Design,After Mid-1,83.5,6.57,23.7,0,5.0,,BC,1,Good
Civil Engineering,6,Environmental Engineering,After Mid-2,87.1,5.43,19.7,0,5.3,11.1,BC,1,Good
Civil Engineering,8,Bridge Engineering,Before Mid-1,80.3,7.84,18.3,0,,,BC,1,Good
Electronics & Communication,4,Microprocessor & Interfacing,Before Mid-1,99.8,9.09,23.8,0,,,AB,1,Excellent
Computer Engineering,5,Cyber Security,After Mid-2,71.8,6.23,19.7,0,6.6,11.8,BC,1,Good
Computer Engineering,7,Compiler Design,After Mid-2,67.6,4.97,15.1,1,2.9,3.5,FF,0,At Risk
Mechanical Engineering,2,Workshop Practices,Before Mid-1,72.6,6.61,20.0,0,,,BB,1,Very Good
Information Technology,6,Mobile Computing,After Mid-1,86.2,7.37,23.2,0,7.6,,AB,1,Excellent
Computer Engineering,3,Database Management Systems,After Mid-2,76.1,6.45,16.7,1,5.4,10.6,CC,1,Average
Mechanical Engineering,6,Computer Aided Design (CAD),Before Mid-1,72.4,5.01,21.2,1,,,CC,1,Average
Civil Engineering,8,Construction Project Management,Before Mid-1,88.8,8.14,19.5,0,,,AA,1,Excellent
Information Technology,4,Database Management Systems,After Mid-1,87.9,8.31,24.2,0,7.9,,AB,1,Excellent
Information Technology,8,Distributed Systems,Before Mid-1,92.8,7.07,18.0,0,,,BB,1,Very Good
Electrical Engineering,8,Project-2,After Mid-1,75.9,8.26,23.5,0,8.8,,AB,1,Excellent
Computer Engineering,4,Principles of Economics & Management,After Mid-2,89.6,7.85,28.7,0,9.1,19.6,AA,1,Excellent
Electrical Engineering,1,Physics,After Mid-1,78.4,6.45,25.3,6,4.4,,FF,0,At Risk
Mechanical Engineering,4,Applied Thermodynamics,After Mid-1,86.3,5.08,19.8,1,4.0,,CC,1,Average
Civil Engineering,6,Foundation Engineering,After Mid-1,95.3,9.43,29.0,0,7.6,,AA,1,Excellent
Information Technology,6,Web Technology,Before Mid-1,76.7,5.76,11.7,0,,,BC,1,Good
Mechanical Engineering,4,Mechanical Measurement & Metrology,After Mid-2,93.5,7.38,21.8,2,5.4,11.4,BC,1,Good
Civil Engineering,1,Physics,After Mid-2,76.4,6.92,26.8,1,5.8,12.6,BC,1,Good
Electrical Engineering,7,Smart Grid Technology,Before Mid-1,82.5,7.59,21.4,0,,,AB,1,Excellent
Electronics & Communication,1,Basic Electrical Engineering,After Mid-2,90.3,6.9,21.0,0,6.1,13.4,BB,1,Very Good
Electrical Engineering,7,Project-1,Before Mid-1,70.8,7.1,20.0,0,,,BC,1,Good
Electronics & Communication,5,Integrated Circuits & Applications,Before Mid-1,85.7,7.68,26.3,0,,,BB,1,Very Good
Computer Engineering,4,Discrete Mathematics,After Mid-2,80.8,4.68,19.2,1,3.4,7.7,DD,1,At Risk
Civil Engineering,6,Environmental Engineering,After Mid-1,74.3,5.23,9.2,0,5.3,,CC,1,Average
Information Technology,3,Effective Technical Communication,After Mid-2,75.1,5.91,16.6,1,7.1,14.7,BC,1,Good
Civil Engineering,5,Structural Analysis-2,After Mid-2,80.7,8.29,14.8,0,7.3,14.7,BB,1,Very Good
Information Technology,6,Web Technology,After Mid-2,79.1,7.18,23.8,0,5.5,10.5,BC,1,Good
Mechanical Engineering,4,Manufacturing Processes-2,After Mid-1,86.8,7.59,23.5,0,7.6,,AB,1,Excellent
Electronics & Communication,3,Network Theory,After Mid-2,83.3,8.18,27.0,0,4.9,9.7,BC,1,Good
Information Technology,2,Physics,After Mid-2,96.5,8.32,29.6,0,7.7,15.1,AB,1,Excellent
Computer Engineering,2,Workshop/Manufacturing Practices,After Mid-1,82.9,7.01,22.8,0,6.7,,BB,1,Very Good
Civil Engineering,6,Foundation Engineering,Before Mid-1,78.4,5.47,15.5,0,,,CD,1,Average
Electrical Engineering,7,Smart Grid Technology,Before Mid-1,84.3,7.48,26.4,0,,,BB,1,Very Good
Computer Engineering,5,Analysis & Design of Algorithms,After Mid-2,88.6,8.65,17.3,0,6.5,13.6,BB,1,Very Good
Computer Engineering,2,Basic Electronics,After Mid-1,94.4,7.99,26.1,0,8.0,,AA,1,Excellent
Electronics & Communication,7,Satellite Communication,Before Mid-1,74.6,6.38,23.7,0,,,BB,1,Very Good
Computer Engineering,8,Artificial Intelligence,After Mid-1,89.2,6.45,17.4,3,4.8,,CD,1,Average
Computer Engineering,5,Analysis & Design of Algorithms,Before Mid-1,84.6,7.13,16.9,0,,,BC,1,Good
Electronics & Communication,6,Antenna & Wave Propagation,After Mid-2,86.5,6.23,19.6,0,4.9,7.7,CC,1,Average
Computer Engineering,1,Physics,Before Mid-1,80.6,8.64,21.6,0,,,BB,1,Very Good
Information Technology,3,Data Structures,After Mid-2,81.9,7.58,23.3,0,8.0,15.8,BB,1,Very Good
Mechanical Engineering,4,Manufacturing Processes-2,After Mid-2,96.6,7.49,15.0,0,7.7,13.0,AB,1,Excellent
Electrical Engineering,8,Renewable Energy Sources,After Mid-2,84.3,7.21,29.9,0,6.7,12.7,BB,1,Very Good
Civil Engineering,1,Basic Civil Engineering,After Mid-1,79.5,6.78,21.0,1,5.0,,BC,1,Good
Mechanical Engineering,5,Heat Transfer,After Mid-2,80.6,8.37,20.6,0,8.0,12.6,BB,1,Very Good
Civil Engineering,1,Mathematics-1,After Mid-1,88.1,7.11,20.6,0,7.7,,BB,1,Very Good
Electronics & Communication,7,Satellite Communication,After Mid-1,84.3,7.7,17.0,0,8.8,,AB,1,Excellent
Computer Engineering,5,Cyber Security,After Mid-1,77.2,5.25,10.7,0,4.3,,BC,1,Good
Computer Engineering,2,English,Before Mid-1,78.7,7.73,23.2,0,,,AB,1,Excellent
Mechanical Engineering,3,Material Science & Metallurgy,After Mid-1,84.1,6.47,14.5,1,7.0,,BC,1,Good
Mechanical Engineering,8,Renewable Energy Engineering,After Mid-1,81.3,6.53,18.3,1,5.9,,CC,1,Average
Computer Engineering,2,English,After Mid-1,94.9,7.9,24.7,1,8.0,,AB,1,Excellent
Mechanical Engineering,8,Renewable Energy Engineering,After Mid-2,79.7,8.37,27.7,0,7.7,18.5,AB,1,Excellent
Electronics & Communication,1,Physics,After Mid-2,92.8,7.8,26.9,2,7.4,14.4,BB,1,Very Good
Electronics & Communication,5,Integrated Circuits & Applications,Before Mid-1,70.1,5.35,19.7,0,,,CC,1,Average
Information Technology,8,Distributed Systems,After Mid-1,77.1,5.77,12.8,0,4.6,,CC,1,Average
Information Technology,6,Cyber Security & Laws,After Mid-1,77.3,5.55,19.0,0,5.1,,BC,1,Good
Information Technology,4,Operating System Concepts,After Mid-2,71.8,6.16,19.4,0,4.1,8.5,CC,1,Average
Civil Engineering,5,Soil Mechanics & Geotechnical Engg,Before Mid-1,80.8,6.18,22.7,2,,,CC,1,Average
Computer Engineering,2,Mathematics-2,Before Mid-1,88.0,6.21,23.4,1,,,CD,1,Average
Electronics & Communication,1,Basic Electronics,Before Mid-1,76.2,6.68,20.7,0,,,BC,1,Good
Civil Engineering,4,Transportation Engineering,Before Mid-1,77.9,5.7,24.1,0,,,BC,1,Good
Civil Engineering,2,Programming for Problem Solving,After Mid-2,73.6,5.9,14.7,1,5.4,8.9,CC,1,Average
Mechanical Engineering,2,Programming for Problem Solving,After Mid-1,96.9,8.79,19.1,0,9.4,,AA,1,Excellent
Information Technology,8,Internet of Things,Before Mid-1,79.3,8.41,20.9,0,,,BB,1,Very Good
Computer Engineering,6,Web Technology,Before Mid-1,94.8,7.97,19.6,0,,,AB,1,Excellent
Electrical Engineering,2,Basic Electronics,After Mid-2,83.6,7.75,23.7,0,7.9,15.0,AB,1,Excellent
Computer Engineering,2,Workshop/Manufacturing Practices,After Mid-2,83.9,7.26,28.4,0,6.2,11.8,BB,1,Very Good
Computer Engineering,6,Advanced Java Programming,After Mid-2,91.6,6.17,26.4,0,6.9,13.9,BB,1,Very Good
Mechanical Engineering,6,Operations Research,Before Mid-1,77.3,4.39,8.9,1,,,FF,0,At Risk
Information Technology,4,Database Management Systems,After Mid-1,75.0,8.12,26.4,0,7.4,,AB,1,Excellent
Civil Engineering,5,Structural Analysis-2,After Mid-2,82.1,6.2,18.8,0,4.6,11.0,BC,1,Good
Electronics & Communication,3,Signals & Systems,After Mid-1,80.9,7.24,20.8,0,6.8,,BB,1,Very Good
Computer Engineering,5,Computer Networks,After Mid-1,75.9,6.86,19.2,0,6.8,,BB,1,Very Good
Computer Engineering,2,Basic Electronics,After Mid-2,68.7,5.06,9.1,2,3.6,5.5,FF,0,At Risk
Electronics & Communication,7,Microwave Engineering,Before Mid-1,77.6,4.88,12.7,3,,,FF,0,At Risk
Electronics & Communication,2,Engineering Graphics & Design,After Mid-1,72.2,6.28,17.7,1,6.2,,BC,1,Good
Mechanical Engineering,5,Heat Transfer,After Mid-2,95.6,9.1,23.5,0,8.4,13.7,AB,1,Excellent
Electrical Engineering,7,Project-1,Before Mid-1,79.9,7.77,27.9,0,,,AB,1,Excellent
Civil Engineering,4,Transportation Engineering,After Mid-1,82.2,6.76,17.6,2,7.3,,BC,1,Good
Civil Engineering,7,Irrigation Engineering,After Mid-1,99.7,7.9,20.6,2,7.4,,BB,1,Very Good
Electronics & Communication,6,VLSI Design,After Mid-2,89.7,7.17,20.1,0,8.0,13.0,BB,1,Very Good
Computer Engineering,4,Principles of Economics & Management,Before Mid-1,81.8,7.51,22.3,0,,,AB,1,Excellent
Mechanical Engineering,6,Design of Machine Elements,Before Mid-1,83.0,5.46,17.9,0,,,CC,1,Average
Electronics & Communication,1,Basic Electrical Engineering,After Mid-1,72.7,5.86,17.6,1,5.4,,CC,1,Average
Electrical Engineering,5,Electrical Machines-2,After Mid-2,78.4,6.5,19.3,0,4.3,10.3,CC,1,Average
Mechanical Engineering,7,Project-1,After Mid-2,85.6,6.83,22.8,0,6.5,14.1,BB,1,Very Good
Electrical Engineering,3,Electrical Circuit Analysis,After Mid-2,90.1,6.41,8.8,0,6.3,9.9,BC,1,Good
Computer Engineering,2,Workshop/Manufacturing Practices,After Mid-2,71.8,7.24,23.0,1,6.3,13.3,BB,1,Very Good
Mechanical Engineering,7,Computer Aided Manufacturing (CAM),Before Mid-1,66.9,6.6,24.6,0,,,BC,1,Good
Computer Engineering,1,Engineering Graphics & Design,After Mid-2,79.7,6.95,24.7,0,6.9,15.3,BB,1,Very Good
Civil Engineering,7,Highway & Traffic Engineering,After Mid-2,76.3,8.64,22.8,0,9.0,16.9,AB,1,Excellent
Electrical Engineering,3,Electrical Measurements & Instrumentation,After Mid-2,62.2,6.72,24.0,1,5.0,11.8,BC,1,Good
Information Technology,2,Mathematics-2,After Mid-2,89.9,6.99,24.0,0,6.7,12.9,BB,1,Very Good
Electronics & Communication,8,Optical Communication,After Mid-2,95.9,9.6,23.1,0,9.9,18.8,AA,1,Excellent
Information Technology,2,English,After Mid-1,88.1,5.31,23.8,0,5.9,,BC,1,Good
Civil Engineering,6,Environmental Engineering,After Mid-2,84.1,6.32,23.8,1,6.3,14.1,BC,1,Good
Information Technology,2,Basic Electronics,After Mid-1,89.8,5.75,19.5,2,5.8,,CC,1,Average
Mechanical Engineering,6,Computer Aided Design (CAD),Before Mid-1,75.8,4.36,14.2,2,,,DD,1,At Risk
Electronics & Communication,1,Physics,Before Mid-1,94.6,7.48,22.4,0,,,BB,1,Very Good
Computer Engineering,7,Cloud Computing,After Mid-1,91.7,6.95,25.5,0,7.0,,BB,1,Very Good
Information Technology,6,Web Technology,After Mid-2,99.9,8.03,23.4,0,8.5,17.7,AA,1,Excellent
Civil Engineering,2,Programming for Problem Solving,After Mid-1,93.3,8.43,27.5,0,8.3,,AB,1,Excellent
Computer Engineering,7,Information & Network Security,After Mid-1,67.4,6.44,22.9,1,4.7,,CC,1,Average
Information Technology,4,Database Management Systems,After Mid-2,62.5,7.22,12.3,0,7.6,12.7,BB,1,Very Good
Electronics & Communication,2,Engineering Graphics & Design,After Mid-2,78.1,7.59,19.8,0,6.8,11.7,BB,1,Very Good
Electrical Engineering,4,Electrical Machines-1,After Mid-1,74.6,6.32,24.3,0,5.7,,BC,1,Good
Electrical Engineering,7,Smart Grid Technology,After Mid-2,72.1,5.61,20.1,0,4.9,10.8,CC,1,Average
Computer Engineering,1,Basic Electrical Engineering,After Mid-1,81.6,7.81,24.3,2,8.1,,BB,1,Very Good
Information Technology,8,Project-2,After Mid-1,88.4,5.65,15.2,0,6.8,,BC,1,Good
Information Technology,8,Internet of Things,After Mid-2,90.6,8.8,26.9,0,9.3,20.0,AA,1,Excellent
Civil Engineering,3,Surveying,After Mid-1,100.0,9.42,28.9,0,9.1,,AA,1,Excellent
Information Technology,2,English,Before Mid-1,70.5,6.04,19.2,2,,,BC,1,Good
Computer Engineering,8,Big Data Analytics,After Mid-1,88.7,5.93,15.8,2,5.4,,CC,1,Average
Computer Engineering,6,Web Technology,Before Mid-1,100.0,7.07,21.5,0,,,BB,1,Very Good
Electrical Engineering,8,Power Quality & Management,After Mid-1,89.8,6.08,21.3,4,3.8,,FF,0,At Risk
Civil Engineering,8,Bridge Engineering,After Mid-2,90.1,7.0,16.5,0,5.8,10.1,BC,1,Good
Electrical Engineering,3,Analog Electronics,After Mid-1,78.0,5.16,15.4,1,5.6,,BC,1,Good
Electrical Engineering,5,Electrical Machines-2,After Mid-2,98.3,7.38,21.2,0,7.9,14.8,BB,1,Very Good
Civil Engineering,2,Environmental Sciences,After Mid-2,77.0,7.92,30.6,1,6.8,18.8,AB,1,Excellent
Electronics & Communication,5,Microcontroller & Applications,After Mid-1,86.3,6.61,14.0,0,7.5,,BB,1,Very Good
Electronics & Communication,6,Antenna & Wave Propagation,After Mid-1,82.7,6.45,15.3,2,6.0,,CC,1,Average
Electrical Engineering,5,Microprocessor & Microcontroller,Before Mid-1,84.7,5.63,12.1,0,,,BC,1,Good
Electrical Engineering,5,Electrical Power System-1,Before Mid-1,80.6,6.07,18.5,0,,,BC,1,Good
Computer Engineering,3,Digital Fundamentals,After Mid-1,72.4,7.36,25.0,0,6.9,,BB,1,Very Good
Electrical Engineering,7,Project-1,Before Mid-1,80.5,6.21,20.9,0,,,BC,1,Good
Mechanical Engineering,3,Manufacturing Processes-1,Before Mid-1,70.8,6.3,17.7,4,,,DD,1,At Risk
Electronics & Communication,6,VLSI Design,After Mid-2,85.8,6.66,13.7,0,5.3,10.8,BC,1,Good
Mechanical Engineering,3,Material Science & Metallurgy,After Mid-2,80.5,7.39,15.3,0,5.3,11.5,BC,1,Good
Information Technology,2,Physics,After Mid-2,73.1,4.18,21.9,4,2.2,3.1,FF,0,At Risk
Information Technology,2,Physics,After Mid-2,81.9,5.89,26.9,0,5.4,10.0,BC,1,Good
Electronics & Communication,5,Integrated Circuits & Applications,After Mid-1,85.7,7.82,23.5,0,6.1,,BB,1,Very Good
Electronics & Communication,1,Physics,After Mid-2,80.4,7.22,20.4,1,5.4,9.0,CC,1,Average
Computer Engineering,6,Theory of Computation,After Mid-2,75.7,4.01,18.3,4,1.0,0.3,FF,0,At Risk
Mechanical Engineering,5,Internal Combustion Engines,After Mid-1,84.5,8.83,22.9,0,7.7,,AA,1,Excellent
Computer Engineering,2,Workshop/Manufacturing Practices,Before Mid-1,79.5,5.47,13.5,1,,,CC,1,Average
Civil Engineering,4,Advanced Surveying,Before Mid-1,86.3,7.89,26.1,0,,,AA,1,Excellent
Mechanical Engineering,4,Mechanical Measurement & Metrology,After Mid-2,93.1,7.47,25.1,0,6.2,12.9,BB,1,Very Good
Mechanical Engineering,7,Project-1,After Mid-1,89.9,6.63,20.1,0,6.1,,BB,1,Very Good
Computer Engineering,2,English,Before Mid-1,86.6,6.95,20.4,0,,,BB,1,Very Good
Electrical Engineering,6,Power Electronics-1,After Mid-2,78.0,5.69,16.3,0,6.4,11.6,CC,1,Average
Information Technology,6,Web Technology,Before Mid-1,91.8,9.02,25.6,0,,,AB,1,Excellent
Computer Engineering,2,Basic Electronics,After Mid-2,83.7,7.58,24.2,1,7.7,13.8,BB,1,Very Good
Computer Engineering,5,Analysis & Design of Algorithms,Before Mid-1,87.4,8.19,28.0,0,,,BB,1,Very Good
Information Technology,7,Project-1,After Mid-1,80.0,7.73,24.1,0,6.7,,BB,1,Very Good
Electronics & Communication,5,Digital Communication,After Mid-2,79.1,7.85,23.3,0,6.1,13.6,BB,1,Very Good
Computer Engineering,6,Theory of Computation,After Mid-1,73.7,6.26,18.0,0,4.9,,BC,1,Good
Electronics & Communication,6,Antenna & Wave Propagation,Before Mid-1,92.6,8.53,19.1,0,,,AB,1,Excellent
Mechanical Engineering,6,Computer Aided Design (CAD),After Mid-1,94.8,9.67,24.0,0,10.0,,AA,1,Excellent
Computer Engineering,6,Web Technology,After Mid-1,69.4,7.23,22.7,0,7.9,,BB,1,Very Good
Civil Engineering,8,Construction Project Management,Before Mid-1,78.3,6.38,15.6,2,,,CC,1,Average
Electronics & Communication,1,Mathematics-1,Before Mid-1,73.5,5.39,18.0,1,,,CC,1,Average
Information Technology,2,Programming for Problem Solving,After Mid-2,91.3,7.1,20.3,0,6.5,11.3,BB,1,Very Good
Electronics & Communication,5,Digital Communication,After Mid-1,73.6,6.19,21.5,2,4.1,,CD,1,Average
Computer Engineering,1,Engineering Graphics & Design,Before Mid-1,74.2,6.49,27.6,0,,,BB,1,Very Good
Information Technology,6,Mobile Computing,After Mid-1,92.7,8.02,29.3,0,8.6,,AA,1,Excellent
Information Technology,8,Project-2,After Mid-1,69.6,8.64,26.7,0,8.8,,AA,1,Excellent
Civil Engineering,1,Basic Civil Engineering,After Mid-2,77.3,6.11,25.0,0,5.9,11.2,BC,1,Good
Computer Engineering,1,Mathematics-1,Before Mid-1,87.5,7.81,27.6,0,,,AB,1,Excellent
Information Technology,8,Project-2,After Mid-2,74.6,5.78,23.5,1,5.0,10.6,CC,1,Average
Civil Engineering,5,Structural Analysis-2,Before Mid-1,79.5,6.29,20.8,1,,,CC,1,Average
Information Technology,7,Mobile Application Development,Before Mid-1,92.3,9.5,24.0,0,,,AA,1,Excellent
Computer Engineering,5,Cyber Security,After Mid-2,96.9,8.05,23.8,0,8.6,16.7,AA,1,Excellent
Computer Engineering,6,Web Technology,Before Mid-1,88.3,7.52,22.5,0,,,AB,1,Excellent
Civil Engineering,6,Foundation Engineering,After Mid-1,91.3,7.35,16.4,0,5.6,,BC,1,Good
Computer Engineering,1,Engineering Graphics & Design,After Mid-2,85.0,6.72,23.6,1,6.8,12.5,BB,1,Very Good
Information Technology,7,Data Mining & Business Intelligence,After Mid-2,79.4,7.38,22.5,0,7.4,14.0,BB,1,Very Good
Civil Engineering,7,Design of Reinforced Concrete Structures,After Mid-1,83.1,7.35,24.8,1,6.3,,BC,1,Good
Mechanical Engineering,2,Mathematics-2,Before Mid-1,84.2,6.19,21.8,0,,,BC,1,Good
Electronics & Communication,7,Project-1,After Mid-2,97.3,7.76,23.9,2,8.2,16.4,BB,1,Very Good
Electrical Engineering,2,Basic Electronics,After Mid-2,84.2,6.42,23.8,0,5.4,12.3,BB,1,Very Good
Mechanical Engineering,2,Workshop Practices,After Mid-2,86.9,7.19,23.5,0,7.1,13.8,BB,1,Very Good
Mechanical Engineering,1,Physics,After Mid-1,87.6,6.85,23.3,0,6.0,,BB,1,Very Good
Mechanical Engineering,2,Programming for Problem Solving,Before Mid-1,71.1,4.91,17.8,2,,,CD,1,Average
Electrical Engineering,7,Electric Drives,After Mid-1,93.9,8.47,26.9,1,5.8,,BB,1,Very Good
Information Technology,2,Physics,Before Mid-1,92.9,7.79,22.6,0,,,BB,1,Very Good
Civil Engineering,2,Environmental Sciences,After Mid-2,75.3,4.3,14.5,1,5.7,12.2,CC,1,Average
Information Technology,1,Basic Electrical Engineering,Before Mid-1,100.0,9.08,35.0,0,,,AA,1,Excellent
Information Technology,6,Cyber Security & Laws,After Mid-1,74.3,8.12,26.2,0,8.4,,AB,1,Excellent
Civil Engineering,7,Design of Reinforced Concrete Structures,After Mid-1,77.9,8.62,27.0,0,7.4,,AB,1,Excellent
Information Technology,2,Basic Electronics,Before Mid-1,91.6,6.83,19.9,1,,,CC,1,Average
Electronics & Communication,7,Microwave Engineering,After Mid-2,84.3,7.63,21.0,0,6.7,13.8,BB,1,Very Good
Information Technology,2,Programming for Problem Solving,After Mid-1,81.7,6.66,19.7,0,6.0,,BB,1,Very Good
Electrical Engineering,5,Electrical Machines-2,Before Mid-1,85.8,7.68,25.1,2,,,BC,1,Good
Computer Engineering,6,Agile Software Development,After Mid-2,84.6,7.39,20.3,0,9.6,18.4,AA,1,Excellent
Information Technology,3,Digital Electronics,After Mid-2,92.0,6.87,20.5,0,7.5,10.8,BB,1,Very Good
Information Technology,4,Operating System Concepts,After Mid-1,71.6,5.64,18.7,0,4.5,,CC,1,Average
Computer Engineering,3,Digital Fundamentals,After Mid-2,77.6,6.77,21.1,0,5.5,9.1,BC,1,Good
Computer Engineering,1,Physics,After Mid-1,98.7,9.67,25.5,0,8.8,,AA,1,Excellent
Civil Engineering,3,Fluid Mechanics,Before Mid-1,83.9,5.36,17.1,4,,,FF,0,At Risk
Computer Engineering,4,Object Oriented Programming - C++,After Mid-1,72.5,7.41,21.4,0,9.2,,AB,1,Excellent
Electronics & Communication,6,VLSI Design,After Mid-1,99.2,8.53,33.0,0,6.4,,AB,1,Excellent
Information Technology,7,Mobile Application Development,Before Mid-1,78.8,7.41,23.1,0,,,BB,1,Very Good
Information Technology,4,Database Management Systems,Before Mid-1,92.5,5.97,18.5,0,,,BC,1,Good
Electronics & Communication,7,Satellite Communication,Before Mid-1,100.0,8.23,22.4,0,,,AB,1,Excellent
Mechanical Engineering,6,Computer Aided Design (CAD),Before Mid-1,85.1,7.28,17.4,0,,,BC,1,Good
Computer Engineering,6,Data Analysis & Visualization,After Mid-1,74.4,6.15,27.0,1,6.5,,BC,1,Good
Civil Engineering,7,Design of Reinforced Concrete Structures,After Mid-2,62.1,5.51,17.7,0,5.7,10.4,CC,1,Average
Mechanical Engineering,6,Design of Machine Elements,Before Mid-1,85.7,9.6,30.3,0,,,AA,1,Excellent
Computer Engineering,8,Project-2,After Mid-1,81.1,6.84,16.0,0,7.4,,BB,1,Very Good
Information Technology,1,Environmental Sciences,After Mid-2,80.9,8.17,19.3,0,8.6,17.7,AB,1,Excellent
Information Technology,8,Project-2,After Mid-2,85.0,7.39,19.5,0,6.8,13.4,BB,1,Very Good
Computer Engineering,8,Internet of Things,After Mid-1,80.2,7.77,19.5,0,6.5,,BB,1,Very Good
Civil Engineering,3,Mechanics of Solids,After Mid-2,74.6,6.3,12.6,2,5.1,10.2,CD,1,Average
Information Technology,2,Physics,Before Mid-1,65.7,5.85,19.0,0,,,CC,1,Average
Computer Engineering,2,Workshop/Manufacturing Practices,Before Mid-1,85.8,7.96,23.6,0,,,AA,1,Excellent
Information Technology,2,Physics,After Mid-2,66.2,4.0,13.1,1,1.5,3.0,FF,0,At Risk
Civil Engineering,8,Earthquake Engineering,After Mid-1,80.3,7.22,22.3,1,5.7,,BC,1,Good
Electrical Engineering,6,Electrical Switchgear & Protection,Before Mid-1,76.0,6.88,22.0,0,,,BC,1,Good
Mechanical Engineering,2,Mathematics-2,After Mid-1,85.6,8.5,25.5,0,8.9,,AB,1,Excellent
Electrical Engineering,2,Mathematics-2,After Mid-2,81.3,8.24,23.5,0,7.6,14.7,AB,1,Excellent
Civil Engineering,1,Mathematics-1,After Mid-1,79.9,6.05,18.0,2,6.5,,CC,1,Average
Mechanical Engineering,8,Automobile Engineering,Before Mid-1,70.5,6.46,20.0,2,,,CC,1,Average
Electrical Engineering,6,Power Electronics-1,After Mid-1,86.3,6.17,24.8,4,3.9,,DD,1,At Risk
Mechanical Engineering,7,Refrigeration & Air Conditioning,After Mid-2,89.3,10.0,25.7,0,8.1,12.9,AB,1,Excellent
Information Technology,8,Big Data Analytics,After Mid-2,77.5,6.05,22.4,2,5.1,8.7,CC,1,Average
Computer Engineering,8,Internet of Things,After Mid-2,78.2,5.4,18.8,1,4.1,8.8,CC,1,Average
Electronics & Communication,3,Digital Electronics,After Mid-2,79.9,6.69,28.1,0,7.0,17.8,AB,1,Excellent
Electrical Engineering,6,Power Electronics-1,After Mid-1,86.9,5.15,13.2,2,5.7,,CD,1,Average
Information Technology,1,Mathematics-1,Before Mid-1,91.1,7.91,20.6,1,,,BB,1,Very Good
Electrical Engineering,6,Testing & Maintenance of Electrical Equipment,Before Mid-1,100.0,7.81,22.6,0,,,BB,1,Very Good
Electronics & Communication,8,Optical Communication,After Mid-2,96.5,6.54,19.5,0,7.2,9.6,BB,1,Very Good
Electronics & Communication,2,Mathematics-2,After Mid-2,88.8,7.34,18.8,0,6.3,12.7,BC,1,Good
Electronics & Communication,4,Analog Communication,After Mid-1,73.0,4.97,16.4,2,4.2,,CD,1,Average
Mechanical Engineering,1,Basic Mechanical Engineering,Before Mid-1,94.8,9.6,34.2,0,,,AA,1,Excellent
Information Technology,4,Operating System Concepts,After Mid-1,81.8,6.85,13.3,0,6.0,,BC,1,Good
Electronics & Communication,3,Digital Electronics,Before Mid-1,80.5,5.98,20.5,1,,,BC,1,Good
Computer Engineering,1,Basic Electrical Engineering,After Mid-1,75.1,7.24,16.2,0,7.5,,BB,1,Very Good
Information Technology,5,Formal Languages & Automata Theory,After Mid-2,89.1,7.9,21.3,0,7.3,13.1,BB,1,Very Good
Electronics & Communication,3,Network Theory,After Mid-1,98.4,6.99,24.2,0,8.5,,AB,1,Excellent
Civil Engineering,8,Project-2,After Mid-2,85.9,7.38,28.4,1,6.4,13.4,BB,1,Very Good
Mechanical Engineering,8,Project-2,After Mid-2,79.9,7.27,15.6,0,6.2,10.5,BB,1,Very Good
Electronics & Communication,1,Basic Electrical Engineering,After Mid-2,69.4,5.65,22.5,1,6.5,12.0,BC,1,Good
Civil Engineering,2,Programming for Problem Solving,After Mid-1,100.0,9.45,27.0,0,10.0,,AA,1,Excellent
Mechanical Engineering,6,Production Technology,After Mid-1,88.5,7.14,21.7,0,7.1,,BB,1,Very Good
Computer Engineering,7,Information & Network Security,After Mid-1,86.6,6.48,22.8,3,4.8,,CD,1,Average
Electrical Engineering,8,Power Quality & Management,After Mid-1,96.1,6.76,19.2,0,5.9,,BB,1,Very Good
Information Technology,7,Project-1,After Mid-1,71.7,5.14,18.8,1,5.4,,CC,1,Average
Computer Engineering,8,Artificial Intelligence,After Mid-1,68.7,5.48,17.5,4,4.3,,FF,0,At Risk
Computer Engineering,4,Discrete Mathematics,Before Mid-1,66.2,5.59,21.0,2,,,DD,1,At Risk
Mechanical Engineering,2,Programming for Problem Solving,Before Mid-1,89.2,8.15,24.3,0,,,AB,1,Excellent
Information Technology,4,Database Management Systems,After Mid-1,84.1,6.02,14.3,3,3.8,,DD,1,At Risk
Electronics & Communication,2,Environmental Sciences,After Mid-2,73.5,6.72,14.9,0,6.7,14.6,BB,1,Very Good
Mechanical Engineering,1,Physics,After Mid-2,92.8,7.4,24.5,0,6.6,9.7,BB,1,Very Good
Mechanical Engineering,5,Dynamics of Machinery,After Mid-2,96.2,7.22,19.7,0,8.2,14.8,BB,1,Very Good
Mechanical Engineering,4,Fluid Mechanics & Hydraulic Machines,Before Mid-1,83.7,7.02,19.5,0,,,BC,1,Good
Mechanical Engineering,3,Manufacturing Processes-1,After Mid-1,87.9,7.26,21.1,0,6.3,,BB,1,Very Good
Information Technology,5,Formal Languages & Automata Theory,After Mid-2,83.3,7.38,28.4,0,6.5,12.9,BB,1,Very Good
Computer Engineering,1,Mathematics-1,Before Mid-1,78.3,6.87,19.4,0,,,BB,1,Very Good
Mechanical Engineering,5,Machine Design-1,After Mid-2,70.9,6.17,19.9,0,5.9,11.0,BC,1,Good
Civil Engineering,1,Engineering Graphics & Design,After Mid-1,89.9,7.54,16.9,0,6.1,,BB,1,Very Good
Electrical Engineering,1,Physics,Before Mid-1,80.1,5.73,20.1,1,,,CC,1,Average
Computer Engineering,4,Object Oriented Programming - C++,Before Mid-1,81.8,7.72,23.5,0,,,BB,1,Very Good
Mechanical Engineering,8,Industrial Engineering,Before Mid-1,75.3,4.87,13.4,3,,,CD,1,Average
Computer Engineering,6,Advanced Java Programming,Before Mid-1,87.8,6.09,19.0,0,,,BC,1,Good
Electrical Engineering,4,Electromagnetic Field Theory,Before Mid-1,81.3,6.01,19.2,2,,,CD,1,Average
Electronics & Communication,8,Radar & Navigational Aids,After Mid-2,84.4,6.32,19.9,3,5.8,11.9,CC,1,Average
Information Technology,1,Engineering Graphics & Design,After Mid-1,83.5,7.54,22.7,0,8.2,,AB,1,Excellent
Civil Engineering,7,Irrigation Engineering,Before Mid-1,66.1,5.8,23.0,0,,,BC,1,Good
Computer Engineering,3,Data Structures,After Mid-2,68.7,5.95,20.8,1,6.1,10.6,CC,1,Average
Computer Engineering,5,Professional Ethics & Human Values,Before Mid-1,87.6,7.29,23.7,0,,,AB,1,Excellent
Information Technology,3,Digital Electronics,After Mid-2,80.3,7.61,21.1,1,6.9,13.4,BB,1,Very Good
Computer Engineering,3,Effective Technical Communication,Before Mid-1,92.3,8.93,25.9,0,,,AA,1,Excellent
Civil Engineering,3,Fluid Mechanics,After Mid-1,97.8,8.63,29.0,0,7.9,,AB,1,Excellent
Computer Engineering,1,Engineering Graphics & Design,After Mid-2,82.6,7.42,24.2,0,7.2,14.6,BB,1,Very Good
Electrical Engineering,4,Electrical Machines-1,After Mid-2,74.7,4.17,15.8,2,2.6,5.0,FF,0,At Risk
Mechanical Engineering,4,Mechanical Measurement & Metrology,Before Mid-1,89.8,6.67,26.8,0,,,BC,1,Good
Information Technology,3,Digital Electronics,Before Mid-1,83.8,8.2,28.5,0,,,AB,1,Excellent
Mechanical Engineering,2,Environmental Sciences,After Mid-1,94.6,7.9,18.4,0,9.7,,AA,1,Excellent
Mechanical Engineering,1,Engineering Graphics & Design,Before Mid-1,88.3,8.83,21.9,0,,,AB,1,Excellent
Information Technology,3,IT Infrastructure & Management,After Mid-1,85.6,7.72,14.0,0,6.9,,BB,1,Very Good
Information Technology,4,Computer Networks,Before Mid-1,87.2,4.95,20.6,2,,,CC,1,Average
Mechanical Engineering,1,Engineering Graphics & Design,After Mid-1,82.5,6.58,18.0,0,7.0,,BB,1,Very Good
Civil Engineering,2,Programming for Problem Solving,After Mid-2,89.3,5.71,20.1,3,5.1,7.7,CD,1,Average
Electronics & Communication,5,Digital Communication,After Mid-1,81.7,5.68,20.5,0,5.0,,BC,1,Good
Civil Engineering,5,Structural Analysis-2,After Mid-2,85.2,10.0,30.8,0,10.0,17.6,AA,1,Excellent
Information Technology,1,Mathematics-1,After Mid-2,77.1,7.36,24.9,0,6.4,12.0,BB,1,Very Good
Civil Engineering,1,Basic Civil Engineering,After Mid-2,93.3,8.15,27.4,0,7.9,16.2,AB,1,Excellent
Electrical Engineering,4,Electromagnetic Field Theory,After Mid-1,90.2,8.23,20.2,0,8.7,,AB,1,Excellent
Mechanical Engineering,2,Environmental Sciences,After Mid-1,91.7,7.19,22.2,0,7.4,,AB,1,Excellent
Mechanical Engineering,4,Mechanical Measurement & Metrology,Before Mid-1,91.3,6.94,22.2,0,,,BB,1,Very Good
Mechanical Engineering,2,Mathematics-2,After Mid-2,80.3,5.22,23.6,3,4.4,6.7,DD,1,At Risk
Information Technology,1,Basic Electrical Engineering,After Mid-1,91.1,9.12,27.8,0,8.1,,AA,1,Excellent
Civil Engineering,7,Design of Reinforced Concrete Structures,After Mid-1,62.2,4.27,12.9,0,2.4,,FF,0,At Risk
Civil Engineering,6,Environmental Engineering,After Mid-2,80.0,6.92,32.3,0,7.4,15.5,AB,1,Excellent
Computer Engineering,3,Effective Technical Communication,After Mid-2,81.5,7.14,18.8,0,7.9,15.4,AB,1,Excellent
Electronics & Communication,7,Embedded Systems,After Mid-1,90.1,6.12,19.9,1,6.6,,BC,1,Good
Civil Engineering,1,Basic Civil Engineering,After Mid-2,74.7,5.19,19.4,1,4.8,9.3,CC,1,Average
Computer Engineering,7,Compiler Design,After Mid-2,82.7,7.31,15.6,0,6.8,10.6,BC,1,Good
Electrical Engineering,2,Programming for Problem Solving,After Mid-1,93.2,9.22,31.9,0,8.4,,AA,1,Excellent
Computer Engineering,5,Analysis & Design of Algorithms,After Mid-2,99.8,8.86,25.6,0,9.0,17.7,AA,1,Excellent
Electronics & Communication,2,Engineering Graphics & Design,After Mid-2,78.7,5.53,20.4,1,4.9,9.3,CC,1,Average
Electronics & Communication,3,Signals & Systems,Before Mid-1,90.5,7.9,25.1,0,,,BB,1,Very Good
Electrical Engineering,2,Mathematics-2,After Mid-2,79.0,7.28,14.3,0,6.5,9.9,BC,1,Good
Information Technology,7,Data Mining & Business Intelligence,After Mid-2,86.5,7.29,22.3,0,7.2,13.8,BB,1,Very Good
Mechanical Engineering,2,Programming for Problem Solving,After Mid-2,98.6,9.39,22.4,0,9.9,17.4,AA,1,Excellent
Information Technology,2,English,Before Mid-1,80.5,5.57,23.9,2,,,CC,1,Average
Electrical Engineering,7,Electric Drives,After Mid-1,94.9,8.95,23.2,0,8.8,,AB,1,Excellent
Computer Engineering,4,Principles of Economics & Management,Before Mid-1,83.8,8.1,22.9,0,,,AB,1,Excellent
Computer Engineering,1,Basic Electrical Engineering,Before Mid-1,87.1,8.94,25.1,0,,,AA,1,Excellent
Computer Engineering,6,Theory of Computation,After Mid-1,69.5,5.06,20.6,1,4.6,,CD,1,Average
Civil Engineering,7,Highway & Traffic Engineering,After Mid-2,72.1,4.8,18.2,1,4.1,6.3,CD,1,Average
Computer Engineering,8,Internet of Things,After Mid-1,67.0,5.42,18.5,1,5.9,,CC,1,Average
Computer Engineering,1,Mathematics-1,After Mid-1,89.7,6.64,13.6,0,7.1,,BB,1,Very Good
Mechanical Engineering,2,Mathematics-2,Before Mid-1,84.3,6.95,17.9,0,,,BC,1,Good
Electrical Engineering,7,Electric Drives,After Mid-2,85.4,6.07,16.8,1,3.5,4.0,CD,1,Average
Civil Engineering,4,Concrete Technology,After Mid-2,76.9,5.69,14.6,0,6.1,11.8,BC,1,Good
Electrical Engineering,2,Engineering Graphics & Design,Before Mid-1,82.7,6.62,20.6,0,,,BB,1,Very Good
Electrical Engineering,3,Electrical Circuit Analysis,Before Mid-1,94.4,8.72,28.4,0,,,AA,1,Excellent
Civil Engineering,2,Workshop Practices,After Mid-2,83.1,6.12,13.1,0,7.0,13.1,BB,1,Very Good
Computer Engineering,2,English,Before Mid-1,86.3,8.34,26.0,0,,,AA,1,Excellent
Information Technology,4,Operating System Concepts,After Mid-2,84.8,9.32,26.0,0,8.2,16.0,AB,1,Excellent
Civil Engineering,4,Concrete Technology,Before Mid-1,75.5,7.61,22.4,0,,,BB,1,Very Good
Electronics & Communication,1,Basic Electronics,After Mid-1,75.6,6.22,25.0,1,5.3,,BC,1,Good
Information Technology,6,Cyber Security & Laws,Before Mid-1,82.5,6.93,22.9,0,,,BB,1,Very Good
Electrical Engineering,3,Electrical Circuit Analysis,After Mid-2,69.6,6.61,24.7,0,5.5,11.6,BC,1,Good
Mechanical Engineering,1,Basic Mechanical Engineering,After Mid-1,76.7,5.87,16.4,0,5.6,,BC,1,Good
Computer Engineering,2,Programming for Problem Solving,After Mid-1,80.1,5.01,20.1,0,4.3,,BC,1,Good
Computer Engineering,6,Theory of Computation,After Mid-1,80.2,7.48,22.4,0,6.4,,BB,1,Very Good
Civil Engineering,3,Mechanics of Solids,After Mid-2,98.4,4.64,13.8,2,4.8,7.4,DD,1,At Risk
Information Technology,6,Web Technology,After Mid-1,91.6,6.22,17.6,2,6.9,,BC,1,Good
Electrical Engineering,1,Physics,After Mid-1,69.5,4.83,16.0,2,3.5,,FF,0,At Risk
Computer Engineering,4,Object Oriented Programming - C++,After Mid-2,78.4,8.14,22.8,0,8.6,17.2,AB,1,Excellent
Information Technology,5,Formal Languages & Automata Theory,After Mid-2,77.2,7.64,19.6,1,7.5,11.3,BB,1,Very Good
Civil Engineering,4,Concrete Technology,After Mid-1,73.6,6.66,16.9,0,4.8,,BC,1,Good
Electrical Engineering,5,Microprocessor & Microcontroller,After Mid-2,83.6,6.6,21.5,0,6.3,12.5,BB,1,Very Good
Computer Engineering,5,Analysis & Design of Algorithms,After Mid-1,90.4,7.54,24.5,1,4.7,,BC,1,Good
Electronics & Communication,3,Digital Electronics,Before Mid-1,86.6,6.85,17.0,0,,,BB,1,Very Good
Electronics & Communication,1,Physics,After Mid-2,94.3,9.09,32.5,1,8.4,16.2,AB,1,Excellent
Computer Engineering,1,Environmental Sciences,After Mid-1,94.2,9.24,24.2,0,7.5,,AA,1,Excellent
Civil Engineering,3,Building Construction & Materials,After Mid-1,87.1,7.99,25.7,0,8.2,,AA,1,Excellent
Computer Engineering,3,Effective Technical Communication,After Mid-2,76.4,5.12,16.8,0,3.6,6.4,CC,1,Average
Information Technology,5,Software Engineering,Before Mid-1,76.7,8.44,24.9,0,,,AB,1,Excellent
Computer Engineering,8,Project-2,Before Mid-1,88.2,7.23,21.7,0,,,BB,1,Very Good
Information Technology,8,Big Data Analytics,After Mid-1,91.0,5.9,17.9,2,6.7,,CC,1,Average
Civil Engineering,3,Building Construction & Materials,After Mid-2,76.5,6.2,16.0,3,6.3,10.9,CC,1,Average
Civil Engineering,5,Structural Analysis-2,After Mid-2,86.2,8.73,21.6,0,7.4,15.1,AB,1,Excellent
Electrical Engineering,8,E-Vehicle Technology,After Mid-2,88.8,6.4,17.1,1,4.6,10.1,CC,1,Average
Computer Engineering,5,Cyber Security,Before Mid-1,70.9,4.32,18.0,4,,,FF,0,At Risk
Computer Engineering,1,Mathematics-1,Before Mid-1,91.3,7.67,25.0,0,,,AB,1,Excellent
Mechanical Engineering,1,Mathematics-1,Before Mid-1,65.6,5.64,22.1,0,,,CC,1,Average
Computer Engineering,2,English,After Mid-1,89.3,6.52,23.8,1,6.7,,BB,1,Very Good
Information Technology,3,Digital Electronics,Before Mid-1,63.3,5.21,10.9,0,,,CC,1,Average
Mechanical Engineering,6,Design of Machine Elements,Before Mid-1,87.7,7.03,21.7,0,,,BB,1,Very Good
Computer Engineering,4,Operating System,Before Mid-1,82.6,7.02,21.6,0,,,BB,1,Very Good
Mechanical Engineering,4,Applied Thermodynamics,Before Mid-1,86.9,7.72,26.7,0,,,AB,1,Excellent
Electronics & Communication,7,Satellite Communication,Before Mid-1,81.4,5.94,24.6,0,,,BB,1,Very Good
Mechanical Engineering,3,Manufacturing Processes-1,After Mid-1,83.9,4.6,18.3,0,4.0,,CC,1,Average
Electronics & Communication,6,Antenna & Wave Propagation,After Mid-2,84.0,7.89,28.8,0,6.9,14.5,AB,1,Excellent
Civil Engineering,1,Physics,After Mid-2,83.9,6.0,19.9,2,2.6,7.5,DD,1,At Risk
Civil Engineering,1,Mathematics-1,After Mid-1,70.3,6.55,15.7,0,6.8,,BC,1,Good
Electrical Engineering,1,Mathematics-1,After Mid-2,73.9,6.62,18.1,2,4.8,10.4,CC,1,Average
Electrical Engineering,6,Power Electronics-1,After Mid-2,96.3,8.17,22.5,0,6.2,13.7,BB,1,Very Good
Information Technology,5,Python Programming,After Mid-1,84.8,6.67,16.8,0,6.9,,BB,1,Very Good
Electronics & Communication,4,Analog Communication,After Mid-2,78.2,6.52,20.7,0,4.8,11.0,BC,1,Good
Mechanical Engineering,7,Project-1,Before Mid-1,82.6,9.58,26.0,0,,,AA,1,Excellent
Information Technology,5,Software Engineering,After Mid-2,90.9,7.75,24.2,1,8.0,14.9,BB,1,Very Good
Mechanical Engineering,1,Mathematics-1,After Mid-1,90.4,7.53,24.7,1,6.7,,BB,1,Very Good
Computer Engineering,3,Digital Fundamentals,After Mid-1,92.8,8.92,28.4,0,7.3,,AA,1,Excellent
Electrical Engineering,8,Power Quality & Management,After Mid-2,82.5,7.16,16.0,0,6.0,11.1,BB,1,Very Good
Mechanical Engineering,3,Material Science & Metallurgy,Before Mid-1,80.5,7.57,22.6,0,,,BB,1,Very Good
Civil Engineering,1,Engineering Graphics & Design,After Mid-1,82.4,6.58,20.5,0,5.4,,BC,1,Good
Computer Engineering,1,Environmental Sciences,After Mid-1,92.9,7.83,24.4,0,9.9,,AA,1,Excellent
Computer Engineering,4,Discrete Mathematics,After Mid-2,65.2,4.0,10.3,4,2.7,3.9,FF,0,At Risk
Electronics & Communication,8,Radar & Navigational Aids,After Mid-2,74.7,5.86,19.9,1,4.9,10.9,CC,1,Average
Information Technology,4,Computer Networks,Before Mid-1,99.3,7.91,19.2,0,,,AB,1,Excellent
Civil Engineering,2,Programming for Problem Solving,After Mid-2,74.9,6.01,22.3,0,5.0,9.4,BC,1,Good
Information Technology,2,English,Before Mid-1,82.2,7.24,23.0,0,,,AB,1,Excellent
Information Technology,7,Mobile Application Development,Before Mid-1,82.5,7.0,24.5,0,,,BB,1,Very Good
Electronics & Communication,5,Integrated Circuits & Applications,After Mid-1,79.6,8.13,22.8,0,8.5,,AB,1,Excellent
Information Technology,8,Big Data Analytics,After Mid-2,93.8,7.83,16.6,0,8.4,14.7,BB,1,Very Good
Civil Engineering,8,Earthquake Engineering,After Mid-2,91.8,7.76,21.6,2,6.4,11.5,BC,1,Good
Computer Engineering,5,Professional Ethics & Human Values,After Mid-1,81.8,6.29,22.6,1,5.6,,BC,1,Good
Information Technology,8,Big Data Analytics,After Mid-2,85.0,6.41,18.8,0,6.4,12.5,BC,1,Good
Civil Engineering,7,Project-1,Before Mid-1,77.8,8.96,23.3,0,,,AB,1,Excellent
Civil Engineering,3,Surveying,After Mid-1,84.4,8.66,28.7,0,8.3,,AA,1,Excellent
Mechanical Engineering,6,Production Technology,Before Mid-1,78.2,7.8,28.2,0,,,AB,1,Excellent
Mechanical Engineering,3,Material Science & Metallurgy,After Mid-2,83.9,6.54,17.1,0,5.3,11.6,BC,1,Good
Information Technology,4,Computer Networks,After Mid-1,72.8,5.29,17.8,0,4.9,,CC,1,Average
Civil Engineering,3,Fluid Mechanics,After Mid-2,68.3,4.7,14.9,2,1.7,4.0,FF,0,At Risk
Mechanical Engineering,4,Manufacturing Processes-2,After Mid-2,88.7,9.58,27.4,0,8.6,15.7,AA,1,Excellent
Mechanical Engineering,5,Internal Combustion Engines,After Mid-1,100.0,9.7,21.3,0,9.6,,AA,1,Excellent
Computer Engineering,5,Cyber Security,After Mid-1,76.8,6.02,25.5,0,5.7,,BB,1,Very Good
Information Technology,1,Engineering Graphics & Design,Before Mid-1,81.1,7.53,25.3,4,,,CC,1,Average
Electrical Engineering,1,Environmental Sciences,After Mid-2,88.3,6.17,27.4,4,4.4,9.9,CC,1,Average
Information Technology,6,Web Technology,After Mid-1,78.9,5.33,19.6,0,6.3,,BC,1,Good
Computer Engineering,8,Internet of Things,After Mid-1,96.1,7.84,24.9,0,7.7,,AB,1,Excellent
Information Technology,8,Big Data Analytics,Before Mid-1,95.7,8.25,26.8,0,,,AB,1,Excellent
Computer Engineering,6,Data Analysis & Visualization,Before Mid-1,77.4,6.86,19.8,0,,,BC,1,Good
Information Technology,6,Cyber Security & Laws,After Mid-1,71.6,4.87,20.8,3,2.9,,FF,0,At Risk
Civil Engineering,7,Design of Reinforced Concrete Structures,After Mid-1,94.0,7.4,22.5,0,7.9,,AB,1,Excellent
Civil Engineering,7,Irrigation Engineering,After Mid-2,100.0,7.38,29.2,0,6.1,13.5,AB,1,Excellent
Computer Engineering,1,Environmental Sciences,After Mid-1,83.9,6.51,23.9,0,5.7,,BB,1,Very Good
Electrical Engineering,7,Electric Drives,After Mid-2,93.7,8.05,26.3,0,6.1,12.3,BB,1,Very Good
Information Technology,3,IT Infrastructure & Management,Before Mid-1,99.7,7.8,19.8,0,,,AB,1,Excellent
Computer Engineering,4,Object Oriented Programming - C++,After Mid-1,78.6,6.31,13.9,1,6.1,,CC,1,Average
Information Technology,5,Formal Languages & Automata Theory,After Mid-1,100.0,7.84,20.4,1,7.3,,BB,1,Very Good
Electronics & Communication,2,Mathematics-2,Before Mid-1,84.1,7.14,24.1,0,,,BB,1,Very Good
Electronics & Communication,6,Digital Signal Processing,After Mid-1,91.1,8.8,25.2,0,8.2,,AB,1,Excellent
Information Technology,7,Data Mining & Business Intelligence,Before Mid-1,79.0,8.77,21.8,0,,,AB,1,Excellent
Mechanical Engineering,1,Engineering Graphics & Design,After Mid-2,81.5,5.55,21.2,5,5.2,9.4,FF,0,At Risk
Computer Engineering,2,Mathematics-2,Before Mid-1,62.9,4.65,16.2,1,,,DD,1,At Risk
Computer Engineering,4,Computer Organization & Architecture,After Mid-1,69.8,5.64,17.5,5,1.8,,FF,0,At Risk
Mechanical Engineering,6,Production Technology,Before Mid-1,97.8,8.11,19.9,0,,,AB,1,Excellent
Information Technology,7,Information Retrieval,After Mid-1,87.4,8.26,22.1,0,8.1,,AB,1,Excellent
Electronics & Communication,6,Antenna & Wave Propagation,Before Mid-1,91.7,8.28,30.1,0,,,AB,1,Excellent
Electrical Engineering,8,Power Quality & Management,After Mid-2,80.5,7.35,21.7,0,7.2,14.2,BB,1,Very Good
Computer Engineering,1,Physics,After Mid-2,83.5,6.42,25.5,0,5.6,10.7,BC,1,Good
Computer Engineering,3,Probability & Statistics,Before Mid-1,90.7,6.67,16.4,1,,,BB,1,Very Good
Computer Engineering,8,Project-2,After Mid-2,79.4,6.79,14.2,0,8.4,15.5,BB,1,Very Good
Electronics & Communication,4,Control Systems,Before Mid-1,86.6,7.62,25.7,1,,,BB,1,Very Good
Mechanical Engineering,3,Material Science & Metallurgy,Before Mid-1,73.0,7.45,30.0,0,,,AB,1,Excellent
Electrical Engineering,4,Electromagnetic Field Theory,Before Mid-1,84.5,6.75,25.8,0,,,BB,1,Very Good
Computer Engineering,5,Software Engineering,After Mid-1,91.8,8.31,32.4,0,7.1,,AB,1,Excellent
Electronics & Communication,4,Microprocessor & Interfacing,After Mid-1,74.4,5.78,21.0,1,4.4,,CC,1,Average
Computer Engineering,4,Operating System,Before Mid-1,91.8,8.7,24.8,0,,,AB,1,Excellent
Civil Engineering,1,Physics,After Mid-2,76.0,6.05,18.7,0,4.0,6.7,CC,1,Average
Civil Engineering,8,Earthquake Engineering,After Mid-2,94.0,8.67,31.9,0,6.6,15.5,AB,1,Excellent
Mechanical Engineering,4,Applied Thermodynamics,After Mid-2,84.4,5.58,22.6,0,4.1,7.7,CC,1,Average
Electrical Engineering,3,Electrical Circuit Analysis,After Mid-2,65.1,5.11,17.1,0,4.1,8.2,CC,1,Average
Computer Engineering,6,Advanced Java Programming,Before Mid-1,90.5,7.87,21.2,0,,,AB,1,Excellent
Electronics & Communication,8,Wireless Communication,After Mid-1,86.2,5.84,22.6,1,3.9,,CD,1,Average
Civil Engineering,6,Foundation Engineering,After Mid-2,75.1,7.18,20.7,0,7.6,14.2,BB,1,Very Good
Computer Engineering,1,Environmental Sciences,After Mid-2,66.5,6.5,19.3,1,6.7,11.7,BC,1,Good
Civil Engineering,1,Basic Civil Engineering,Before Mid-1,82.1,6.51,17.4,0,,,BB,1,Very Good
Mechanical Engineering,2,Environmental Sciences,Before Mid-1,90.4,7.52,27.9,0,,,AA,1,Excellent
Computer Engineering,5,Cyber Security,After Mid-1,69.7,8.12,27.3,0,6.7,,AB,1,Excellent
Mechanical Engineering,3,Kinematics of Machines,After Mid-2,79.7,8.15,23.1,0,8.0,14.9,AB,1,Excellent
Electrical Engineering,3,Electrical Circuit Analysis,Before Mid-1,100.0,7.88,16.4,0,,,BB,1,Very Good
Computer Engineering,3,Digital Fundamentals,After Mid-1,77.4,6.02,21.7,0,6.3,,BC,1,Good
Civil Engineering,4,Transportation Engineering,After Mid-1,82.5,5.6,9.7,0,5.3,,BC,1,Good
Computer Engineering,2,Programming for Problem Solving,After Mid-2,78.1,9.37,20.6,0,9.1,14.1,AB,1,Excellent
Information Technology,1,Engineering Graphics & Design,After Mid-1,100.0,10.0,27.0,0,9.3,,AA,1,Excellent
Civil Engineering,3,Mechanics of Solids,After Mid-1,78.2,7.61,25.0,2,6.5,,BC,1,Good
Mechanical Engineering,1,Basic Mechanical Engineering,After Mid-1,80.8,6.14,16.1,1,4.6,,CC,1,Average
Computer Engineering,8,Big Data Analytics,Before Mid-1,92.0,8.2,29.3,0,,,AA,1,Excellent
Information Technology,6,Cyber Security & Laws,Before Mid-1,79.8,8.11,23.2,0,,,AB,1,Excellent
Civil Engineering,4,Advanced Surveying,Before Mid-1,71.3,4.76,19.2,0,,,CC,1,Average
Civil Engineering,3,Fluid Mechanics,After Mid-2,89.7,6.87,23.8,0,6.3,12.2,BB,1,Very Good
Civil Engineering,4,Transportation Engineering,Before Mid-1,81.1,6.32,24.1,0,,,BB,1,Very Good
Civil Engineering,2,Programming for Problem Solving,After Mid-2,90.5,6.32,20.3,3,4.1,6.1,CD,1,Average
Civil Engineering,2,Programming for Problem Solving,Before Mid-1,83.7,5.87,19.0,1,,,BC,1,Good
Information Technology,2,Physics,After Mid-2,73.9,4.88,19.6,0,5.2,9.8,CC,1,Average
Information Technology,5,Python Programming,After Mid-1,68.7,4.92,13.7,0,7.0,,BC,1,Good
Civil Engineering,7,Highway & Traffic Engineering,Before Mid-1,79.9,6.02,20.8,2,,,CC,1,Average
Information Technology,7,Mobile Application Development,Before Mid-1,74.8,8.58,25.1,0,,,AB,1,Excellent
Mechanical Engineering,4,Mechanical Measurement & Metrology,After Mid-2,95.9,8.14,22.6,0,10.0,18.7,AA,1,Excellent
Electronics & Communication,2,Programming for Problem Solving,After Mid-2,73.3,6.53,23.8,0,6.6,13.1,BB,1,Very Good
Mechanical Engineering,8,Project-2,After Mid-1,86.0,5.9,11.0,0,7.2,,BC,1,Good
Electronics & Communication,3,Digital Electronics,After Mid-2,80.2,5.58,16.2,0,3.5,7.1,CC,1,Average
Information Technology,2,Basic Electronics,After Mid-1,85.2,9.14,23.9,0,10.0,,AA,1,Excellent
Computer Engineering,2,Mathematics-2,After Mid-2,86.7,6.97,28.5,0,6.1,11.7,BB,1,Very Good
Electronics & Communication,3,Network Theory,After Mid-2,83.6,6.32,23.0,0,5.9,13.9,BC,1,Good
Information Technology,2,Physics,After Mid-1,81.1,6.74,22.5,0,3.6,,CC,1,Average
Information Technology,2,Mathematics-2,After Mid-2,81.7,7.89,23.1,0,6.8,11.7,BB,1,Very Good
Civil Engineering,4,Structural Analysis-1,After Mid-1,76.9,9.1,28.4,1,6.8,,BB,1,Very Good
Information Technology,3,Data Structures,After Mid-1,76.3,5.58,12.2,3,3.7,,FF,0,At Risk
Computer Engineering,2,Programming for Problem Solving,After Mid-2,75.1,4.42,17.8,2,3.3,4.3,FF,0,At Risk
Electrical Engineering,5,Electrical Machines-2,After Mid-2,86.7,9.08,30.5,0,8.2,16.5,AB,1,Excellent
Electrical Engineering,8,Power Quality & Management,Before Mid-1,86.8,7.0,26.7,0,,,AB,1,Excellent
Mechanical Engineering,7,Refrigeration & Air Conditioning,After Mid-2,80.6,6.9,21.7,0,5.9,11.6,BC,1,Good
Information Technology,4,Computer Networks,After Mid-2,67.7,4.0,18.4,1,3.5,5.5,FF,0,At Risk
Computer Engineering,3,Probability & Statistics,Before Mid-1,92.0,7.45,26.9,0,,,AB,1,Excellent
Mechanical Engineering,1,Physics,Before Mid-1,87.1,8.95,27.9,0,,,AB,1,Excellent
Information Technology,2,Basic Electronics,After Mid-1,87.4,7.69,25.1,0,6.1,,BB,1,Very Good
Electronics & Communication,4,Analog Communication,After Mid-2,75.7,4.42,20.2,2,4.7,7.6,DD,1,At Risk
Information Technology,2,Basic Electronics,After Mid-2,82.5,5.75,21.0,0,7.2,13.6,BB,1,Very Good
Computer Engineering,5,Analysis & Design of Algorithms,After Mid-1,77.1,5.78,20.0,1,4.3,,CC,1,Average
Electronics & Communication,6,Antenna & Wave Propagation,Before Mid-1,84.5,6.48,25.9,1,,,CC,1,Average
Computer Engineering,5,Professional Ethics & Human Values,After Mid-2,78.7,7.53,19.9,0,8.0,15.8,AB,1,Excellent
Computer Engineering,7,Compiler Design,Before Mid-1,78.9,5.92,18.2,3,,,DD,1,At Risk
Computer Engineering,3,Effective Technical Communication,After Mid-1,85.4,7.87,26.0,0,8.3,,AB,1,Excellent
Electronics & Communication,6,Antenna & Wave Propagation,After Mid-2,80.3,6.48,24.1,4,3.9,5.4,FF,0,At Risk
Computer Engineering,8,Big Data Analytics,After Mid-1,99.8,7.8,21.2,0,7.2,,BB,1,Very Good
Electronics & Communication,1,Basic Electrical Engineering,Before Mid-1,71.4,5.59,15.8,1,,,CC,1,Average
Mechanical Engineering,1,Engineering Graphics & Design,After Mid-1,86.4,9.55,27.8,1,7.5,,AB,1,Excellent
Civil Engineering,5,Structural Analysis-2,After Mid-1,74.8,6.65,17.7,0,7.2,,BC,1,Good
Computer Engineering,6,Advanced Java Programming,Before Mid-1,78.1,8.69,29.1,0,,,AA,1,Excellent
Mechanical Engineering,4,Manufacturing Processes-2,After Mid-2,78.4,6.73,17.0,0,7.2,14.2,BB,1,Very Good
Electrical Engineering,3,Electrical Circuit Analysis,Before Mid-1,88.5,6.49,21.1,1,,,CC,1,Average
Computer Engineering,4,Principles of Economics & Management,Before Mid-1,79.8,6.9,16.2,0,,,BB,1,Very Good
Computer Engineering,7,Information & Network Security,After Mid-1,78.2,6.23,25.9,1,5.1,,CC,1,Average
Electrical Engineering,5,Microprocessor & Microcontroller,Before Mid-1,82.4,6.63,20.9,0,,,BB,1,Very Good
Electrical Engineering,5,Microprocessor & Microcontroller,After Mid-2,76.0,8.59,28.4,0,9.1,17.4,AA,1,Excellent
Information Technology,8,Project-2,After Mid-2,68.9,6.06,19.6,1,5.5,12.0,BC,1,Good
Information Technology,7,Project-1,After Mid-1,78.3,6.04,19.0,1,4.7,,CC,1,Average
Electronics & Communication,7,Satellite Communication,After Mid-1,100.0,8.48,23.6,0,7.7,,AB,1,Excellent
Mechanical Engineering,5,Internal Combustion Engines,After Mid-1,98.6,9.61,29.0,0,9.9,,AA,1,Excellent
Electronics & Communication,1,Basic Electronics,After Mid-1,68.9,6.75,20.6,0,6.3,,BB,1,Very Good
Computer Engineering,1,Basic Electrical Engineering,After Mid-1,85.0,7.05,18.1,0,5.5,,BC,1,Good
Electronics & Communication,7,Microwave Engineering,After Mid-1,77.5,6.71,15.2,0,6.0,,BC,1,Good
Computer Engineering,3,Effective Technical Communication,After Mid-2,82.0,5.86,18.8,0,5.8,13.5,BB,1,Very Good
Electrical Engineering,3,Electrical Measurements & Instrumentation,After Mid-2,78.8,6.5,15.1,0,5.6,9.6,BC,1,Good
Mechanical Engineering,3,Manufacturing Processes-1,Before Mid-1,88.1,8.72,28.9,0,,,AA,1,Excellent
Mechanical Engineering,3,Material Science & Metallurgy,Before Mid-1,73.6,4.51,15.8,4,,,FF,0,At Risk
Electronics & Communication,7,Satellite Communication,Before Mid-1,79.9,8.16,24.6,1,,,BB,1,Very Good
Computer Engineering,7,Information & Network Security,Before Mid-1,96.8,9.14,27.6,0,,,AB,1,Excellent
Civil Engineering,5,Soil Mechanics & Geotechnical Engg,After Mid-1,74.4,7.53,16.9,0,6.0,,BC,1,Good
Civil Engineering,7,Highway & Traffic Engineering,After Mid-1,80.7,7.34,21.4,1,7.4,,BB,1,Very Good
Electrical Engineering,6,Electrical Switchgear & Protection,Before Mid-1,90.8,8.72,30.6,0,,,AB,1,Excellent
Civil Engineering,7,Highway & Traffic Engineering,After Mid-2,79.1,6.73,20.3,0,5.6,13.7,BB,1,Very Good
Electronics & Communication,4,Control Systems,After Mid-2,74.6,8.18,30.9,0,6.6,11.1,BB,1,Very Good
Information Technology,3,IT Infrastructure & Management,After Mid-2,90.4,9.63,26.1,0,9.2,16.7,AA,1,Excellent
Mechanical Engineering,1,Basic Mechanical Engineering,Before Mid-1,80.9,8.53,18.4,0,,,AB,1,Excellent
Mechanical Engineering,3,Engineering Thermodynamics,After Mid-2,86.5,8.04,25.0,0,6.5,13.4,BB,1,Very Good
Civil Engineering,3,Surveying,Before Mid-1,66.6,5.11,12.1,1,,,DD,1,At Risk
Electronics & Communication,4,Control Systems,After Mid-1,85.4,6.53,20.5,0,5.8,,BC,1,Good
Mechanical Engineering,6,Computer Aided Design (CAD),After Mid-2,70.9,7.59,20.6,0,7.3,15.5,BB,1,Very Good
Electronics & Communication,8,Wireless Communication,Before Mid-1,80.6,5.65,17.8,0,,,CC,1,Average
Information Technology,3,IT Infrastructure & Management,After Mid-1,91.2,6.31,22.5,1,4.6,,BC,1,Good
Mechanical Engineering,7,Refrigeration & Air Conditioning,After Mid-1,83.8,6.96,18.5,2,5.6,,CC,1,Average
Electronics & Communication,4,Microprocessor & Interfacing,Before Mid-1,85.3,5.9,16.2,2,,,CC,1,Average
Information Technology,2,Programming for Problem Solving,After Mid-1,71.4,7.34,23.8,0,6.8,,BB,1,Very Good
Mechanical Engineering,1,Basic Mechanical Engineering,After Mid-1,83.7,5.99,21.5,2,6.5,,BC,1,Good
Information Technology,2,Mathematics-2,After Mid-2,89.6,8.26,23.1,0,6.4,14.3,BB,1,Very Good
Civil Engineering,2,Environmental Sciences,After Mid-1,72.1,6.76,20.5,0,6.6,,BB,1,Very Good
Information Technology,7,Data Mining & Business Intelligence,Before Mid-1,80.6,7.46,26.2,0,,,BB,1,Very Good
Electronics & Communication,3,Signals & Systems,Before Mid-1,72.8,5.87,21.3,0,,,BC,1,Good
Computer Engineering,2,Programming for Problem Solving,After Mid-2,85.5,7.95,22.6,0,6.9,14.8,BB,1,Very Good
Mechanical Engineering,8,Project-2,Before Mid-1,100.0,8.07,25.6,0,,,AB,1,Excellent
Computer Engineering,8,Artificial Intelligence,After Mid-2,94.2,8.21,24.3,0,7.0,13.4,AB,1,Excellent
Information Technology,6,Data Warehousing & Mining,Before Mid-1,87.3,7.32,19.7,1,,,BB,1,Very Good
Information Technology,6,Web Technology,After Mid-2,64.3,4.94,15.6,1,2.7,7.2,DD,1,At Risk
Information Technology,3,IT Infrastructure & Management,Before Mid-1,88.6,7.39,23.4,0,,,AB,1,Excellent
Mechanical Engineering,5,Internal Combustion Engines,After Mid-2,82.5,7.92,19.1,0,7.2,14.0,BB,1,Very Good
Electrical Engineering,6,Electrical Switchgear & Protection,After Mid-1,100.0,8.63,20.0,0,6.2,,BB,1,Very Good
Mechanical Engineering,1,Engineering Graphics & Design,After Mid-1,97.9,8.1,27.1,0,6.7,,AB,1,Excellent
Civil Engineering,7,Project-1,After Mid-2,81.8,5.92,18.0,2,4.9,8.5,CD,1,Average
Computer Engineering,6,Agile Software Development,Before Mid-1,99.5,8.31,22.5,0,,,AA,1,Excellent
Mechanical Engineering,8,Automobile Engineering,After Mid-1,84.2,9.06,24.5,0,7.2,,AB,1,Excellent
Computer Engineering,3,Database Management Systems,After Mid-1,83.0,6.48,19.2,0,6.3,,BC,1,Good
Mechanical Engineering,7,Project-1,After Mid-1,63.8,4.18,13.2,4,2.9,,FF,0,At Risk
Computer Engineering,4,Operating System,After Mid-1,98.0,9.12,15.5,0,9.7,,AA,1,Excellent
Electronics & Communication,8,Project-2,After Mid-2,100.0,7.5,20.6,0,9.1,17.9,AB,1,Excellent
Computer Engineering,6,Theory of Computation,After Mid-2,68.4,5.11,15.8,0,4.9,13.0,CC,1,Average
Electrical Engineering,6,Testing & Maintenance of Electrical Equipment,Before Mid-1,78.6,6.76,21.1,0,,,BB,1,Very Good
Electrical Engineering,6,Testing & Maintenance of Electrical Equipment,After Mid-1,82.8,6.75,14.3,0,6.8,,BC,1,Good
Information Technology,5,Computer Networks,After Mid-1,96.2,5.82,23.7,0,5.9,,BB,1,Very Good
Electrical Engineering,2,Mathematics-2,After Mid-1,77.8,5.81,13.3,4,4.3,,FF,0,At Risk
Information Technology,2,Basic Electronics,After Mid-2,80.8,6.86,22.1,0,5.3,10.3,BC,1,Good
Information Technology,5,Software Engineering,Before Mid-1,89.1,6.73,21.0,0,,,BB,1,Very Good
Information Technology,2,Programming for Problem Solving,Before Mid-1,68.9,5.44,15.1,3,,,DD,1,At Risk
Electronics & Communication,3,Digital Electronics,Before Mid-1,80.2,7.4,19.8,0,,,BB,1,Very Good
Mechanical Engineering,7,Refrigeration & Air Conditioning,Before Mid-1,73.8,6.04,20.4,0,,,CC,1,Average
Electronics & Communication,2,Mathematics-2,After Mid-2,74.6,6.65,23.1,0,5.5,11.8,BC,1,Good
Electronics & Communication,5,Digital Communication,After Mid-2,86.3,7.45,21.9,0,7.3,14.8,BB,1,Very Good
Electrical Engineering,6,Power Electronics-1,After Mid-1,72.1,5.84,21.4,0,4.3,,CC,1,Average
Computer Engineering,2,English,After Mid-2,78.3,7.47,20.2,0,6.8,14.1,AB,1,Excellent
Mechanical Engineering,8,Renewable Energy Engineering,Before Mid-1,86.9,7.06,20.4,0,,,BB,1,Very Good
Information Technology,1,Engineering Graphics & Design,Before Mid-1,89.2,7.0,25.4,0,,,BB,1,Very Good
Electronics & Communication,5,Microcontroller & Applications,After Mid-2,82.5,7.01,26.9,0,5.3,10.5,BB,1,Very Good
Civil Engineering,4,Structural Analysis-1,After Mid-2,100.0,10.0,25.4,0,10.0,19.2,AA,1,Excellent
Mechanical Engineering,4,Manufacturing Processes-2,After Mid-2,76.0,7.15,19.0,0,6.3,12.9,BB,1,Very Good
Civil Engineering,2,Workshop Practices,After Mid-1,85.0,7.42,21.3,1,6.8,,BB,1,Very Good
Electronics & Communication,3,Digital Electronics,After Mid-2,70.9,6.04,18.1,3,4.8,8.4,CD,1,Average
Mechanical Engineering,8,Project-2,After Mid-1,90.0,8.2,21.7,0,7.7,,AB,1,Excellent
Electronics & Communication,8,Wireless Communication,Before Mid-1,95.0,9.83,30.1,0,,,AA,1,Excellent
Mechanical Engineering,2,Programming for Problem Solving,After Mid-1,79.9,8.18,25.9,0,8.0,,AB,1,Excellent
Electronics & Communication,7,Project-1,After Mid-2,77.7,6.64,22.2,1,7.1,10.5,BC,1,Good
Computer Engineering,1,Physics,After Mid-1,82.9,6.78,23.2,0,7.6,,BB,1,Very Good
Electrical Engineering,3,Electrical Measurements & Instrumentation,After Mid-2,88.3,6.97,19.3,0,6.4,10.1,BB,1,Very Good
Computer Engineering,4,Operating System,Before Mid-1,85.6,5.69,17.2,1,,,CC,1,Average
Mechanical Engineering,2,Mathematics-2,Before Mid-1,79.0,6.46,17.9,3,,,DD,1,At Risk
Civil Engineering,3,Building Construction & Materials,After Mid-2,77.2,6.87,16.5,0,8.2,16.9,AB,1,Excellent
Mechanical Engineering,8,Project-2,After Mid-1,73.7,5.17,22.0,1,5.7,,CC,1,Average
Electrical Engineering,4,Electrical Machines-1,After Mid-2,76.7,7.64,22.0,1,6.3,10.5,BC,1,Good
Computer Engineering,7,Cloud Computing,After Mid-2,91.4,8.26,25.5,0,7.2,14.3,AB,1,Excellent
Information Technology,7,Project-1,After Mid-2,70.6,4.0,14.2,0,4.1,7.8,CC,1,Average
Civil Engineering,5,Hydrology & Water Resources Engg,Before Mid-1,92.4,8.22,27.2,0,,,AA,1,Excellent
Computer Engineering,3,Data Structures,Before Mid-1,86.1,6.36,15.9,1,,,CC,1,Average
Civil Engineering,3,Mechanics of Solids,After Mid-1,99.5,6.78,18.0,0,6.3,,BC,1,Good
Electronics & Communication,8,Wireless Communication,After Mid-2,61.2,4.33,19.9,3,3.0,5.5,FF,0,At Risk
Electronics & Communication,1,Physics,Before Mid-1,88.2,5.57,21.4,0,,,BC,1,Good
Civil Engineering,6,Foundation Engineering,After Mid-2,83.0,7.34,29.0,1,4.5,8.3,BC,1,Good
Information Technology,4,Computer Networks,After Mid-2,74.5,7.4,20.5,1,5.7,11.7,BC,1,Good
Electrical Engineering,1,Physics,Before Mid-1,73.8,7.98,25.4,2,,,BC,1,Good
Electrical Engineering,7,Smart Grid Technology,After Mid-1,77.3,4.64,16.0,2,3.1,,FF,0,At Risk
Electrical Engineering,2,Basic Electronics,After Mid-2,70.5,5.78,16.3,1,6.1,12.3,CC,1,Average
Computer Engineering,3,Effective Technical Communication,After Mid-1,67.7,4.0,14.6,1,3.4,,DD,1,At Risk
Mechanical Engineering,7,Project-1,After Mid-2,95.9,8.3,25.4,0,7.3,14.8,AB,1,Excellent
Mechanical Engineering,2,Programming for Problem Solving,Before Mid-1,83.2,6.49,16.7,0,,,BB,1,Very Good
Mechanical Engineering,8,Renewable Energy Engineering,After Mid-1,96.3,10.0,23.6,0,10.0,,AA,1,Excellent
Electronics & Communication,7,Satellite Communication,Before Mid-1,82.2,7.4,25.4,1,,,BB,1,Very Good
Civil Engineering,3,Mechanics of Solids,Before Mid-1,81.2,7.45,22.4,0,,,BB,1,Very Good
Electronics & Communication,4,Control Systems,Before Mid-1,82.8,7.35,22.4,1,,,BC,1,Good
Civil Engineering,5,Soil Mechanics & Geotechnical Engg,After Mid-1,85.9,4.61,17.8,1,4.0,,CD,1,Average
Electronics & Communication,5,Integrated Circuits & Applications,After Mid-1,90.5,9.47,27.7,0,8.3,,AA,1,Excellent
Mechanical Engineering,4,Manufacturing Processes-2,After Mid-1,87.7,7.46,24.2,0,7.7,,AB,1,Excellent
Civil Engineering,6,Environmental Engineering,After Mid-2,90.5,7.18,22.5,0,6.0,12.5,BB,1,Very Good
Information Technology,6,Cyber Security & Laws,After Mid-2,68.5,8.22,33.6,0,9.4,18.7,AA,1,Excellent
Electronics & Communication,6,Digital Signal Processing,After Mid-2,71.4,7.2,23.5,1,5.5,10.3,BC,1,Good
Electronics & Communication,1,Basic Electronics,Before Mid-1,88.8,9.55,27.2,0,,,AA,1,Excellent
Civil Engineering,4,Transportation Engineering,After Mid-2,70.7,5.71,16.3,2,5.6,10.2,CC,1,Average
Information Technology,3,Data Structures,After Mid-2,69.8,7.1,17.3,0,5.9,10.1,BC,1,Good
Civil Engineering,2,Environmental Sciences,After Mid-1,94.6,7.51,23.5,0,8.5,,AA,1,Excellent
Mechanical Engineering,4,Manufacturing Processes-2,After Mid-1,83.6,7.18,24.8,0,7.4,,BB,1,Very Good
Computer Engineering,1,Mathematics-1,After Mid-2,91.2,8.03,23.7,0,7.6,15.8,AB,1,Excellent
Mechanical Engineering,4,Fluid Mechanics & Hydraulic Machines,After Mid-1,63.1,7.0,21.7,0,6.1,,BC,1,Good
Electrical Engineering,1,Physics,After Mid-1,93.0,6.08,22.0,0,6.5,,BC,1,Good
Electronics & Communication,1,Mathematics-1,After Mid-2,87.3,6.51,23.7,0,8.5,16.1,AB,1,Excellent
Civil Engineering,7,Irrigation Engineering,After Mid-1,87.4,7.21,15.0,0,6.6,,BB,1,Very Good
Information Technology,6,Cyber Security & Laws,After Mid-1,75.2,6.94,18.3,0,5.8,,BB,1,Very Good
Computer Engineering,3,Database Management Systems,After Mid-1,93.5,7.6,25.1,0,7.4,,AB,1,Excellent
Civil Engineering,6,Design of Steel Structures,After Mid-1,87.8,6.42,20.5,1,5.4,,CC,1,Average
Computer Engineering,4,Discrete Mathematics,After Mid-1,76.0,6.06,20.6,2,5.1,,CC,1,Average
Information Technology,1,Mathematics-1,Before Mid-1,100.0,7.19,24.6,0,,,AB,1,Excellent
Computer Engineering,1,Physics,After Mid-2,81.1,6.48,20.6,2,4.8,11.1,CC,1,Average
Electrical Engineering,2,Programming for Problem Solving,Before Mid-1,92.5,5.69,18.8,0,,,BC,1,Good
Electrical Engineering,1,Basic Electrical Engineering,After Mid-2,96.9,9.69,26.5,0,8.5,15.8,AA,1,Excellent
Civil Engineering,2,Workshop Practices,After Mid-1,68.5,4.43,14.2,1,4.6,,CD,1,Average
Electrical Engineering,6,Electrical Switchgear & Protection,After Mid-2,85.1,6.7,20.2,0,7.2,13.5,BB,1,Very Good
Information Technology,7,Data Mining & Business Intelligence,After Mid-1,85.1,7.0,17.3,0,5.9,,BC,1,Good
Information Technology,8,Project-2,After Mid-2,84.6,7.89,18.5,1,7.6,13.7,BB,1,Very Good
Electrical Engineering,8,Project-2,Before Mid-1,83.7,6.63,24.0,0,,,BB,1,Very Good
Computer Engineering,5,Computer Networks,Before Mid-1,80.1,6.46,18.6,0,,,BB,1,Very Good
Mechanical Engineering,7,Refrigeration & Air Conditioning,Before Mid-1,90.0,6.1,18.3,0,,,BB,1,Very Good
Electronics & Communication,7,Embedded Systems,Before Mid-1,81.8,6.99,23.5,2,,,BC,1,Good
Information Technology,1,Basic Electrical Engineering,Before Mid-1,86.2,8.4,22.6,0,,,AB,1,Excellent
Information Technology,2,Mathematics-2,Before Mid-1,71.7,4.27,9.5,3,,,FF,0,At Risk
Electrical Engineering,1,Basic Electrical Engineering,Before Mid-1,94.3,8.71,29.1,0,,,AA,1,Excellent
Electronics & Communication,3,Network Theory,After Mid-1,79.7,5.51,15.9,0,3.5,,CC,1,Average
Information Technology,8,Internet of Things,Before Mid-1,88.7,8.19,24.3,1,,,AB,1,Excellent
Electronics & Communication,4,Control Systems,Before Mid-1,62.3,5.84,20.4,1,,,CC,1,Average
Electrical Engineering,2,Programming for Problem Solving,After Mid-2,69.6,6.46,25.0,2,5.0,8.7,CC,1,Average
Electrical Engineering,5,Electrical Machines-2,Before Mid-1,79.3,6.66,20.0,0,,,BC,1,Good
Civil Engineering,4,Concrete Technology,After Mid-2,76.6,7.56,23.5,4,5.6,10.5,CC,1,Average
Mechanical Engineering,7,Power Plant Engineering,After Mid-2,79.9,6.67,16.2,0,6.1,12.8,BC,1,Good
Mechanical Engineering,1,Basic Mechanical Engineering,Before Mid-1,89.2,7.82,25.3,0,,,AB,1,Excellent
Mechanical Engineering,7,Refrigeration & Air Conditioning,After Mid-2,71.8,6.28,22.6,1,3.7,7.2,CD,1,Average
Computer Engineering,1,Physics,After Mid-1,70.6,5.51,15.3,2,4.5,,DD,1,At Risk
Electrical Engineering,2,Basic Electronics,After Mid-1,75.4,4.96,15.5,1,5.3,,CD,1,Average
Electrical Engineering,1,Environmental Sciences,After Mid-2,95.9,7.02,17.6,0,9.0,18.4,AB,1,Excellent
Computer Engineering,8,Big Data Analytics,Before Mid-1,80.5,7.12,11.8,0,,,BC,1,Good
Civil Engineering,2,Workshop Practices,Before Mid-1,99.0,9.73,27.3,0,,,AA,1,Excellent
Civil Engineering,3,Surveying,Before Mid-1,81.6,7.84,26.7,0,,,AB,1,Excellent
Electrical Engineering,5,Microprocessor & Microcontroller,After Mid-1,86.1,8.53,26.6,0,7.6,,AB,1,Excellent
Electronics & Communication,8,Radar & Navigational Aids,Before Mid-1,76.2,7.46,16.1,0,,,BB,1,Very Good
Computer Engineering,4,Principles of Economics & Management,After Mid-1,79.5,6.33,13.4,1,6.7,,BC,1,Good
Information Technology,2,English,After Mid-1,79.4,8.87,28.8,0,7.8,,AA,1,Excellent
Civil Engineering,3,Surveying,After Mid-2,99.5,7.7,25.8,0,7.3,14.5,AB,1,Excellent
Information Technology,2,Mathematics-2,After Mid-2,86.7,5.0,20.8,0,4.6,8.9,CC,1,Average
Information Technology,6,Cyber Security & Laws,After Mid-1,89.7,8.37,24.2,0,8.2,,AB,1,Excellent
Mechanical Engineering,6,Operations Research,Before Mid-1,90.6,6.99,25.8,0,,,AB,1,Excellent
Civil Engineering,8,Construction Project Management,After Mid-2,91.4,7.37,27.4,0,6.9,13.2,AB,1,Excellent
Civil Engineering,5,Soil Mechanics & Geotechnical Engg,After Mid-1,80.4,8.87,21.8,0,8.4,,AB,1,Excellent
Computer Engineering,5,Computer Networks,After Mid-2,76.0,6.26,24.3,1,6.2,11.1,BC,1,Good
Mechanical Engineering,4,Fluid Mechanics & Hydraulic Machines,After Mid-2,71.1,6.97,15.7,0,6.1,8.4,CC,1,Average
Computer Engineering,4,Operating System,After Mid-2,72.7,7.09,23.1,0,6.6,12.1,BB,1,Very Good
Electrical Engineering,6,Testing & Maintenance of Electrical Equipment,After Mid-1,98.7,8.38,23.7,0,9.4,,AA,1,Excellent
Electrical Engineering,4,Digital Electronics,After Mid-1,87.8,9.03,24.1,0,7.6,,AB,1,Excellent
Civil Engineering,2,Workshop Practices,After Mid-1,89.3,8.0,19.9,0,7.5,,AB,1,Excellent
Information Technology,6,Data Warehousing & Mining,After Mid-2,72.9,6.91,21.2,0,7.5,16.3,BB,1,Very Good
Electronics & Communication,1,Basic Electronics,After Mid-1,75.7,5.97,15.7,3,4.2,,DD,1,At Risk
Information Technology,4,Computer Networks,After Mid-1,72.4,6.63,25.6,0,5.6,,BB,1,Very Good
Mechanical Engineering,1,Mathematics-1,After Mid-2,75.9,7.56,14.1,1,5.9,9.6,BC,1,Good
Mechanical Engineering,7,Power Plant Engineering,Before Mid-1,74.1,7.75,22.9,1,,,BC,1,Good
Computer Engineering,4,Computer Organization & Architecture,After Mid-1,87.6,6.86,20.4,0,5.7,,BC,1,Good
Computer Engineering,7,Cloud Computing,After Mid-1,80.7,6.42,19.8,1,5.7,,BC,1,Good
Electrical Engineering,8,Project-2,After Mid-2,79.3,8.12,24.2,0,5.8,14.4,AB,1,Excellent
Electrical Engineering,1,Basic Electrical Engineering,After Mid-1,75.0,4.84,16.4,0,5.4,,CC,1,Average
Electrical Engineering,6,Electrical Switchgear & Protection,After Mid-2,85.7,7.99,25.9,1,7.1,12.1,BB,1,Very Good
Computer Engineering,1,Environmental Sciences,After Mid-1,80.0,6.69,17.6,4,5.3,,CD,1,Average
Electronics & Communication,7,Project-1,After Mid-1,80.2,6.45,26.7,0,5.6,,BB,1,Very Good
Mechanical Engineering,6,Operations Research,After Mid-2,85.9,5.08,22.7,2,4.6,8.8,CD,1,Average
Computer Engineering,2,Mathematics-2,After Mid-1,66.4,5.9,13.8,0,5.1,,CC,1,Average
Electrical Engineering,2,Basic Electronics,After Mid-2,75.7,5.84,17.0,1,3.6,11.3,CC,1,Average
Civil Engineering,2,Environmental Sciences,After Mid-1,91.7,7.94,26.6,1,8.2,,AB,1,Excellent
Information Technology,2,Programming for Problem Solving,After Mid-1,75.4,5.68,17.4,3,4.9,,CD,1,Average
Electrical Engineering,8,E-Vehicle Technology,Before Mid-1,100.0,7.32,26.0,1,,,BB,1,Very Good
Computer Engineering,5,Computer Networks,After Mid-2,88.6,5.87,19.3,0,5.0,11.4,BC,1,Good
Computer Engineering,2,English,After Mid-1,86.9,7.71,27.3,0,8.3,,AA,1,Excellent
Computer Engineering,4,Discrete Mathematics,After Mid-1,96.6,8.86,21.7,0,8.3,,AB,1,Excellent
Information Technology,4,Computer Networks,After Mid-1,80.4,6.25,17.2,0,6.6,,BB,1,Very Good
Computer Engineering,1,Physics,After Mid-1,80.3,6.85,22.1,0,5.6,,BC,1,Good
Computer Engineering,6,Data Analysis & Visualization,Before Mid-1,82.2,6.67,20.8,0,,,BB,1,Very Good
Electronics & Communication,1,Physics,After Mid-2,90.3,8.47,27.4,0,7.6,13.5,AB,1,Excellent
Information Technology,7,Information Retrieval,After Mid-1,72.6,5.57,16.0,0,7.3,,BB,1,Very Good
Computer Engineering,7,Information & Network Security,After Mid-2,85.0,7.27,18.0,1,6.0,11.0,BC,1,Good
Information Technology,6,Data Warehousing & Mining,After Mid-1,79.5,5.67,21.2,3,5.4,,CC,1,Average
Civil Engineering,4,Concrete Technology,After Mid-1,73.1,6.65,20.1,0,5.4,,BC,1,Good
Civil Engineering,1,Engineering Graphics & Design,After Mid-1,87.7,6.58,19.2,0,6.7,,BB,1,Very Good
Computer Engineering,1,Physics,After Mid-2,87.4,9.31,27.7,0,7.7,18.0,AA,1,Excellent
Civil Engineering,7,Irrigation Engineering,After Mid-1,85.4,7.71,18.9,0,8.4,,AB,1,Excellent
Mechanical Engineering,7,Power Plant Engineering,Before Mid-1,93.4,8.9,22.7,1,,,AB,1,Excellent
Information Technology,2,English,After Mid-2,100.0,9.48,25.0,0,8.8,16.7,AA,1,Excellent
Mechanical Engineering,2,Workshop Practices,After Mid-1,76.0,5.16,18.7,0,5.6,,BC,1,Good
Civil Engineering,6,Environmental Engineering,After Mid-2,90.9,7.3,26.2,0,5.6,10.1,BB,1,Very Good
Electronics & Communication,1,Mathematics-1,After Mid-1,91.8,7.94,23.7,1,8.2,,AB,1,Excellent
Information Technology,6,Data Warehousing & Mining,Before Mid-1,74.4,5.92,21.6,1,,,CC,1,Average
Mechanical Engineering,5,Dynamics of Machinery,Before Mid-1,85.5,8.44,27.1,0,,,AB,1,Excellent
Information Technology,1,Engineering Graphics & Design,After Mid-2,88.8,6.84,18.9,0,8.2,14.2,BB,1,Very Good
Mechanical Engineering,7,Power Plant Engineering,After Mid-1,81.5,7.9,25.6,0,7.7,,AB,1,Excellent
Computer Engineering,1,Basic Electrical Engineering,Before Mid-1,94.6,9.92,24.7,0,,,AA,1,Excellent
Mechanical Engineering,8,Automobile Engineering,Before Mid-1,83.9,5.01,14.7,1,,,CC,1,Average
Electronics & Communication,7,Microwave Engineering,Before Mid-1,77.2,8.21,19.3,0,,,BB,1,Very Good
Electrical Engineering,5,Electrical Power System-1,After Mid-2,85.4,8.42,28.3,0,8.5,16.9,AB,1,Excellent
Electronics & Communication,4,Analog Communication,After Mid-2,85.5,8.43,28.2,1,6.4,10.4,BB,1,Very Good
Electronics & Communication,7,Project-1,After Mid-2,82.5,5.99,21.8,1,4.9,10.9,BC,1,Good
Civil Engineering,3,Mechanics of Solids,Before Mid-1,80.9,7.15,17.3,0,,,BC,1,Good
Mechanical Engineering,4,Applied Thermodynamics,After Mid-2,90.6,8.74,22.4,0,7.8,12.6,AB,1,Excellent
Electronics & Communication,8,Optical Communication,Before Mid-1,94.0,6.04,20.1,0,,,BC,1,Good
Electrical Engineering,5,Microprocessor & Microcontroller,After Mid-1,84.8,8.03,23.3,0,7.6,,AB,1,Excellent
Information Technology,2,English,Before Mid-1,92.8,7.67,18.0,1,,,BB,1,Very Good
Electrical Engineering,8,Power Quality & Management,After Mid-1,87.7,7.32,19.4,0,6.3,,BB,1,Very Good
Computer Engineering,4,Computer Organization & Architecture,After Mid-2,66.2,4.61,16.6,2,4.7,6.5,FF,0,At Risk
Mechanical Engineering,1,Engineering Graphics & Design,After Mid-2,81.9,5.53,22.1,0,5.3,8.0,BC,1,Good
Electrical Engineering,1,Basic Electrical Engineering,After Mid-1,86.5,6.64,24.4,0,7.2,,BB,1,Very Good
Information Technology,3,IT Infrastructure & Management,After Mid-1,94.9,7.8,20.1,0,7.5,,AB,1,Excellent
Electrical Engineering,2,Engineering Graphics & Design,After Mid-1,85.8,7.18,20.3,0,8.5,,AB,1,Excellent
Electronics & Communication,1,Basic Electrical Engineering,After Mid-1,69.0,4.45,9.0,2,3.5,,FF,0,At Risk
Computer Engineering,2,English,After Mid-1,79.0,5.53,17.3,0,6.2,,BC,1,Good
Computer Engineering,4,Principles of Economics & Management,Before Mid-1,88.9,6.49,23.3,1,,,BB,1,Very Good
Computer Engineering,4,Operating System,After Mid-2,81.2,6.24,16.8,1,5.3,10.3,CC,1,Average
Electronics & Communication,2,Environmental Sciences,After Mid-1,76.9,6.82,22.6,1,4.8,,BC,1,Good
Information Technology,3,Effective Technical Communication,After Mid-1,86.7,8.69,23.8,0,8.6,,AA,1,Excellent
Information Technology,2,Programming for Problem Solving,After Mid-2,81.7,8.93,26.8,0,7.0,16.4,AB,1,Excellent
Computer Engineering,3,Database Management Systems,After Mid-1,64.5,6.27,20.2,0,6.9,,BB,1,Very Good
Computer Engineering,4,Discrete Mathematics,After Mid-2,92.4,6.82,18.9,0,5.7,11.9,BC,1,Good
Civil Engineering,4,Transportation Engineering,After Mid-1,69.7,4.91,19.7,2,5.2,,CC,1,Average
Electrical Engineering,2,Basic Electronics,After Mid-2,87.5,6.95,20.7,0,8.2,17.0,AB,1,Excellent
Civil Engineering,8,Earthquake Engineering,After Mid-1,76.1,5.32,18.2,0,5.4,,BC,1,Good
Electrical Engineering,5,Microprocessor & Microcontroller,After Mid-1,84.2,6.82,22.0,0,5.5,,BB,1,Very Good
Electrical Engineering,4,Electrical Machines-1,After Mid-2,73.5,5.41,14.5,0,4.9,8.2,CC,1,Average
Electrical Engineering,3,Electrical Measurements & Instrumentation,Before Mid-1,81.2,6.26,15.4,0,,,BB,1,Very Good
Computer Engineering,6,Web Technology,Before Mid-1,84.1,7.4,26.8,0,,,AB,1,Excellent
Mechanical Engineering,6,Operations Research,After Mid-1,84.9,7.51,25.8,0,8.4,,AB,1,Excellent
Electronics & Communication,5,Microcontroller & Applications,After Mid-1,83.9,7.53,26.9,0,7.2,,AB,1,Excellent
Electrical Engineering,4,Electromagnetic Field Theory,After Mid-2,75.9,6.88,22.6,0,6.1,11.4,BC,1,Good
Electronics & Communication,3,Signals & Systems,Before Mid-1,90.7,7.76,14.8,1,,,BC,1,Good
Information Technology,2,Basic Electronics,After Mid-1,100.0,9.26,24.1,0,7.5,,AA,1,Excellent
Information Technology,1,Environmental Sciences,After Mid-2,70.1,6.3,14.7,0,5.6,8.0,BC,1,Good
Electronics & Communication,4,Control Systems,After Mid-2,77.7,5.59,15.9,3,6.1,7.8,DD,1,At Risk
Electronics & Communication,8,Project-2,After Mid-2,75.5,8.07,22.9,0,8.1,17.0,AB,1,Excellent
Electronics & Communication,4,Control Systems,After Mid-1,75.2,6.45,23.5,2,7.1,,BC,1,Good
Computer Engineering,3,Data Structures,After Mid-1,80.3,5.87,17.9,1,5.0,,CC,1,Average
Information Technology,5,Software Engineering,Before Mid-1,71.8,6.67,18.8,0,,,BC,1,Good
Mechanical Engineering,1,Basic Mechanical Engineering,Before Mid-1,94.9,7.66,21.0,0,,,AB,1,Excellent
Civil Engineering,3,Fluid Mechanics,After Mid-2,78.7,7.06,19.0,0,7.6,15.1,BB,1,Very Good
Computer Engineering,2,Basic Electronics,After Mid-1,90.7,10.0,26.2,0,9.5,,AA,1,Excellent
Electrical Engineering,2,Engineering Graphics & Design,After Mid-2,88.9,7.41,27.6,0,7.0,14.5,AB,1,Excellent
Mechanical Engineering,7,Project-1,After Mid-1,85.3,7.42,20.2,1,8.7,,BB,1,Very Good
Electronics & Communication,2,Engineering Graphics & Design,After Mid-1,78.0,7.71,26.3,0,9.2,,AB,1,Excellent
Mechanical Engineering,7,Computer Aided Manufacturing (CAM),After Mid-2,86.8,6.77,20.1,0,6.3,12.5,BB,1,Very Good
Electrical Engineering,1,Environmental Sciences,After Mid-2,86.2,9.07,29.7,0,8.4,18.6,AA,1,Excellent
Computer Engineering,1,Physics,After Mid-1,82.5,7.81,21.7,0,6.5,,BB,1,Very Good
Mechanical Engineering,1,Mathematics-1,After Mid-2,80.0,7.82,25.9,0,5.8,14.2,BB,1,Very Good
Electrical Engineering,2,Programming for Problem Solving,After Mid-1,96.4,8.62,26.0,0,8.7,,AA,1,Excellent
Information Technology,4,Operating System Concepts,After Mid-1,83.8,6.21,20.4,1,5.2,,CC,1,Average
Information Technology,7,Information Retrieval,After Mid-1,89.9,7.09,24.1,0,7.0,,BB,1,Very Good
Civil Engineering,8,Construction Project Management,After Mid-2,83.6,6.4,15.6,1,5.7,9.5,CC,1,Average
Computer Engineering,8,Big Data Analytics,Before Mid-1,87.0,6.9,26.0,0,,,BB,1,Very Good
Computer Engineering,2,Mathematics-2,After Mid-2,90.2,6.95,22.5,0,6.1,14.3,BB,1,Very Good
Electrical Engineering,1,Mathematics-1,Before Mid-1,73.3,4.51,17.9,1,,,CD,1,Average
Computer Engineering,7,Machine Learning,After Mid-2,79.5,7.1,22.6,0,7.3,16.2,BB,1,Very Good
Electrical Engineering,7,Project-1,After Mid-1,76.0,5.81,18.7,1,5.4,,CC,1,Average
Mechanical Engineering,6,Computer Aided Design (CAD),After Mid-2,78.6,6.64,23.3,0,7.0,13.7,BB,1,Very Good
Electronics & Communication,3,Network Theory,After Mid-1,78.8,7.43,20.9,0,6.7,,BB,1,Very Good
Computer Engineering,6,Theory of Computation,After Mid-2,83.4,7.11,17.7,0,5.1,10.6,BC,1,Good
Information Technology,7,Information Retrieval,Before Mid-1,75.2,8.53,28.4,0,,,AB,1,Excellent
Information Technology,4,Operating System Concepts,Before Mid-1,77.2,5.07,16.8,2,,,DD,1,At Risk
Civil Engineering,5,Soil Mechanics & Geotechnical Engg,After Mid-2,87.6,7.39,17.7,0,6.4,13.9,BB,1,Very Good
Civil Engineering,6,Design of Steel Structures,After Mid-1,79.8,5.25,11.2,0,6.0,,CC,1,Average
Information Technology,8,Project-2,After Mid-1,84.2,6.61,22.1,1,5.3,,BC,1,Good
Mechanical Engineering,2,Mathematics-2,After Mid-1,73.2,5.78,19.4,1,6.4,,CC,1,Average
Mechanical Engineering,6,Design of Machine Elements,After Mid-1,96.0,9.28,27.8,0,8.6,,AB,1,Excellent
Information Technology,2,Basic Electronics,After Mid-2,84.9,8.22,29.7,0,8.7,14.5,AB,1,Excellent
Electrical Engineering,6,Electrical Switchgear & Protection,After Mid-2,86.9,7.09,19.3,0,6.7,12.5,BB,1,Very Good
Civil Engineering,4,Structural Analysis-1,After Mid-2,75.9,6.44,19.8,2,4.5,8.9,CC,1,Average
Mechanical Engineering,7,Project-1,After Mid-2,83.8,4.77,21.3,4,2.4,4.7,FF,0,At Risk
Computer Engineering,8,Artificial Intelligence,After Mid-2,88.1,6.33,23.8,0,5.4,13.3,BC,1,Good
Civil Engineering,7,Project-1,Before Mid-1,81.6,6.97,23.0,1,,,BB,1,Very Good
Information Technology,5,Python Programming,After Mid-1,86.6,8.22,21.0,0,8.0,,AB,1,Excellent
Electrical Engineering,4,Electrical Machines-1,After Mid-2,87.0,7.72,25.4,0,5.5,12.5,BB,1,Very Good
Mechanical Engineering,3,Kinematics of Machines,After Mid-1,76.1,6.1,28.0,1,5.8,,BC,1,Good
Computer Engineering,6,Theory of Computation,After Mid-2,87.7,8.59,27.4,0,8.5,15.6,AB,1,Excellent
Information Technology,4,Database Management Systems,After Mid-1,67.5,4.13,14.8,1,3.9,,DD,1,At Risk
Computer Engineering,4,Principles of Economics & Management,After Mid-1,83.4,5.93,20.6,0,5.4,,BB,1,Very Good
Mechanical Engineering,5,Machine Design-1,After Mid-1,86.9,9.62,22.4,0,8.4,,AB,1,Excellent
Computer Engineering,8,Internet of Things,After Mid-2,86.4,7.77,21.8,1,6.8,12.1,BB,1,Very Good
Electrical Engineering,7,High Voltage Engineering,After Mid-1,82.4,7.03,22.1,0,5.1,,BC,1,Good
Information Technology,1,Engineering Graphics & Design,After Mid-2,81.3,5.46,22.6,1,4.8,8.4,CC,1,Average
Mechanical Engineering,8,Automobile Engineering,After Mid-2,91.3,5.24,13.4,2,5.0,8.6,CC,1,Average
Information Technology,8,Internet of Things,After Mid-2,83.9,5.64,17.4,2,4.2,7.4,CD,1,Average
Computer Engineering,3,Effective Technical Communication,After Mid-2,95.1,9.46,27.4,0,9.0,19.6,AA,1,Excellent
Electrical Engineering,3,Electrical Circuit Analysis,Before Mid-1,78.4,5.44,12.9,0,,,CC,1,Average
Civil Engineering,6,Design of Steel Structures,Before Mid-1,70.4,4.0,18.8,0,,,DD,1,At Risk
Information Technology,8,Internet of Things,After Mid-1,73.1,6.75,22.2,0,6.3,,BB,1,Very Good
Mechanical Engineering,5,Internal Combustion Engines,Before Mid-1,81.5,8.37,21.0,0,,,AB,1,Excellent
Mechanical Engineering,1,Mathematics-1,After Mid-2,81.0,7.33,18.3,1,6.3,13.2,BC,1,Good
Electronics & Communication,8,Optical Communication,After Mid-1,80.1,6.83,19.7,0,6.8,,BB,1,Very Good
Mechanical Engineering,6,Operations Research,After Mid-2,100.0,8.5,18.4,0,7.2,13.2,AB,1,Excellent
Computer Engineering,5,Cyber Security,After Mid-2,82.1,8.31,24.4,0,7.5,18.7,AA,1,Excellent
Civil Engineering,2,Environmental Sciences,After Mid-2,92.2,6.89,22.9,4,5.1,9.3,CC,1,Average
Computer Engineering,7,Cloud Computing,Before Mid-1,87.9,7.61,19.8,0,,,BB,1,Very Good
Electronics & Communication,5,Microcontroller & Applications,After Mid-2,79.7,6.63,18.5,0,8.1,15.5,BB,1,Very Good
Mechanical Engineering,6,Design of Machine Elements,After Mid-1,88.4,9.23,28.2,0,7.0,,AB,1,Excellent
Computer Engineering,5,Computer Networks,After Mid-2,88.0,8.52,26.5,0,6.5,13.9,AB,1,Excellent
Information Technology,7,Project-1,After Mid-1,72.0,7.87,26.5,0,8.1,,AB,1,Excellent
Civil Engineering,3,Surveying,After Mid-2,86.5,9.42,30.2,0,8.9,18.9,AA,1,Excellent
Electronics & Communication,2,Engineering Graphics & Design,After Mid-1,85.5,8.38,19.8,0,7.3,,AB,1,Excellent
Civil Engineering,7,Project-1,After Mid-1,88.8,6.74,17.0,2,4.6,,CC,1,Average
Mechanical Engineering,6,Operations Research,Before Mid-1,82.9,10.0,30.3,0,,,AA,1,Excellent
Computer Engineering,3,Database Management Systems,Before Mid-1,80.6,8.81,21.7,0,,,AB,1,Excellent
Civil Engineering,6,Design of Steel Structures,After Mid-1,85.5,7.68,27.6,0,7.2,,AB,1,Excellent
Electrical Engineering,8,Renewable Energy Sources,After Mid-1,70.9,5.34,13.9,0,5.4,,CC,1,Average
Computer Engineering,3,Digital Fundamentals,After Mid-1,85.0,7.65,28.0,0,8.0,,AB,1,Excellent
Electronics & Communication,6,VLSI Design,After Mid-2,95.3,9.68,29.6,0,7.4,12.7,AB,1,Excellent
Mechanical Engineering,2,Environmental Sciences,After Mid-2,87.1,10.0,30.5,0,9.9,19.8,AA,1,Excellent
Mechanical Engineering,5,Dynamics of Machinery,After Mid-2,86.4,7.44,21.7,1,7.2,12.1,BB,1,Very Good
Information Technology,7,Information Retrieval,Before Mid-1,95.3,7.66,17.5,1,,,BB,1,Very Good
Computer Engineering,3,Probability & Statistics,After Mid-2,71.2,6.16,13.6,0,6.3,11.1,BC,1,Good
Electronics & Communication,5,Integrated Circuits & Applications,After Mid-1,74.0,8.79,29.7,0,7.6,,AB,1,Excellent
Information Technology,2,English,After Mid-2,75.1,7.12,23.4,0,7.3,16.0,AB,1,Excellent
Electronics & Communication,8,Wireless Communication,After Mid-1,76.7,6.62,19.4,0,6.5,,BC,1,Good
Electronics & Communication,3,Network Theory,After Mid-2,88.1,8.13,21.3,0,7.4,12.0,BB,1,Very Good
Electronics & Communication,4,Microprocessor & Interfacing,After Mid-1,91.5,7.27,24.8,0,6.6,,BB,1,Very Good
Information Technology,8,Distributed Systems,After Mid-1,87.4,7.13,24.1,1,6.2,,BC,1,Good
Computer Engineering,2,English,After Mid-1,99.7,8.65,30.2,0,7.5,,AA,1,Excellent
Electronics & Communication,6,Digital Signal Processing,After Mid-2,70.0,7.69,23.2,0,7.8,13.4,BB,1,Very Good
Electronics & Communication,7,Satellite Communication,After Mid-2,87.3,7.38,21.7,0,6.5,11.1,BB,1,Very Good
Electrical Engineering,2,Mathematics-2,Before Mid-1,81.0,7.72,21.3,0,,,BB,1,Very Good
Information Technology,5,Computer Networks,After Mid-1,83.6,8.09,20.9,0,7.9,,AB,1,Excellent
Mechanical Engineering,3,Material Science & Metallurgy,After Mid-1,100.0,7.5,17.0,3,7.8,,BC,1,Good
Electrical Engineering,8,Power Quality & Management,After Mid-1,96.3,8.33,31.9,2,8.5,,AB,1,Excellent
Electronics & Communication,1,Basic Electrical Engineering,After Mid-1,79.3,9.21,23.5,0,7.4,,AB,1,Excellent
Electrical Engineering,2,Mathematics-2,After Mid-2,92.3,8.75,28.3,0,7.8,15.0,AA,1,Excellent
Mechanical Engineering,3,Material Science & Metallurgy,After Mid-2,68.6,6.54,18.2,0,5.0,9.9,BC,1,Good
Information Technology,4,Operating System Concepts,After Mid-2,78.0,6.82,22.7,0,7.0,13.4,BB,1,Very Good
Mechanical Engineering,3,Material Science & Metallurgy,After Mid-1,84.7,6.63,18.7,1,5.5,,BC,1,Good
Information Technology,1,Mathematics-1,After Mid-2,91.2,7.14,21.3,0,7.0,12.1,BB,1,Very Good
Computer Engineering,7,Cloud Computing,After Mid-1,88.6,7.48,26.0,0,5.6,,BB,1,Very Good
Mechanical Engineering,8,Automobile Engineering,After Mid-2,83.5,6.21,20.4,5,5.7,8.9,DD,1,At Risk
Civil Engineering,6,Environmental Engineering,Before Mid-1,74.8,7.94,21.4,0,,,AB,1,Excellent
Electronics & Communication,4,Control Systems,After Mid-1,78.7,6.56,16.9,0,4.9,,CC,1,Average
Information Technology,7,Data Mining & Business Intelligence,After Mid-2,86.2,7.2,27.8,0,6.4,14.2,BB,1,Very Good
Mechanical Engineering,7,Power Plant Engineering,After Mid-2,72.3,4.9,22.6,3,3.2,4.6,FF,0,At Risk
Electrical Engineering,6,Testing & Maintenance of Electrical Equipment,After Mid-2,91.6,8.12,24.4,0,9.1,19.1,AA,1,Excellent
Civil Engineering,8,Earthquake Engineering,Before Mid-1,84.2,6.24,18.6,6,,,FF,0,At Risk
Information Technology,1,Environmental Sciences,After Mid-1,98.9,8.47,27.8,0,8.5,,AA,1,Excellent
Electronics & Communication,7,Embedded Systems,Before Mid-1,91.6,8.92,26.1,0,,,AA,1,Excellent
Information Technology,5,Python Programming,After Mid-2,96.3,8.8,17.8,0,9.8,18.6,AA,1,Excellent
Civil Engineering,5,Soil Mechanics & Geotechnical Engg,After Mid-1,78.6,6.11,5.2,1,4.2,,DD,1,At Risk
Electronics & Communication,1,Basic Electronics,After Mid-2,94.8,9.69,27.0,0,8.5,14.9,AA,1,Excellent
Computer Engineering,8,Project-2,Before Mid-1,70.0,7.19,19.4,0,,,BB,1,Very Good
Electronics & Communication,8,Wireless Communication,After Mid-1,81.1,7.37,24.3,0,6.8,,BB,1,Very Good
Computer Engineering,4,Object Oriented Programming - C++,After Mid-1,93.6,9.53,23.9,0,8.9,,AA,1,Excellent
Electrical Engineering,5,Electrical Power System-1,Before Mid-1,82.0,7.5,24.4,0,,,BB,1,Very Good
Mechanical Engineering,7,Power Plant Engineering,After Mid-1,82.9,6.83,22.0,0,6.9,,BB,1,Very Good
Computer Engineering,4,Operating System,Before Mid-1,90.9,7.2,21.5,0,,,BB,1,Very Good
Computer Engineering,3,Effective Technical Communication,After Mid-2,80.7,7.56,20.0,0,7.4,16.2,AB,1,Excellent
Information Technology,4,Database Management Systems,After Mid-2,73.5,5.84,23.2,3,5.8,14.1,CC,1,Average
Civil Engineering,7,Highway & Traffic Engineering,Before Mid-1,84.3,9.17,27.6,0,,,AA,1,Excellent
Mechanical Engineering,4,Applied Thermodynamics,After Mid-1,73.8,6.02,21.0,0,7.5,,BB,1,Very Good
Electrical Engineering,1,Mathematics-1,Before Mid-1,85.1,7.85,21.8,0,,,BB,1,Very Good
Mechanical Engineering,5,Heat Transfer,Before Mid-1,88.3,8.47,23.0,0,,,AB,1,Excellent
Mechanical Engineering,1,Engineering Graphics & Design,Before Mid-1,87.8,7.47,24.1,0,,,BB,1,Very Good
Mechanical Engineering,3,Material Science & Metallurgy,After Mid-1,81.8,6.87,22.9,0,7.7,,BB,1,Very Good
Civil Engineering,2,Programming for Problem Solving,Before Mid-1,88.1,9.84,29.9,0,,,AA,1,Excellent
Mechanical Engineering,6,Production Technology,After Mid-1,86.7,7.24,23.2,0,7.3,,BB,1,Very Good
Computer Engineering,7,Cloud Computing,Before Mid-1,83.4,7.39,23.0,0,,,AB,1,Excellent
Information Technology,4,Computer Networks,After Mid-1,83.3,5.8,23.3,4,6.1,,CC,1,Average
Mechanical Engineering,2,Mathematics-2,After Mid-1,68.8,5.39,16.8,0,5.0,,CC,1,Average
Information Technology,4,Object Oriented Programming - Java,Before Mid-1,71.1,5.73,18.4,1,,,CC,1,Average
Information Technology,2,Mathematics-2,After Mid-2,85.0,6.95,22.4,0,5.0,7.5,BC,1,Good
Information Technology,4,Computer Networks,After Mid-2,90.0,6.86,23.3,0,6.6,12.1,BB,1,Very Good
Information Technology,2,English,After Mid-1,87.4,5.62,20.3,0,6.4,,BB,1,Very Good
Mechanical Engineering,6,Production Technology,Before Mid-1,87.2,6.24,20.9,1,,,BC,1,Good
Electrical Engineering,2,Programming for Problem Solving,After Mid-1,89.8,7.72,29.2,1,7.5,,AB,1,Excellent
Electrical Engineering,5,Electrical Machines-2,Before Mid-1,82.7,6.52,26.5,1,,,BC,1,Good
Information Technology,1,Basic Electrical Engineering,Before Mid-1,89.1,7.22,12.0,0,,,BB,1,Very Good
Electronics & Communication,3,Signals & Systems,After Mid-2,94.0,7.44,24.4,0,6.9,12.9,BB,1,Very Good
Mechanical Engineering,3,Manufacturing Processes-1,Before Mid-1,88.0,7.6,19.7,1,,,BB,1,Very Good
Electrical Engineering,3,Analog Electronics,Before Mid-1,88.0,7.29,25.2,0,,,AB,1,Excellent
Mechanical Engineering,2,Mathematics-2,Before Mid-1,86.8,6.98,22.3,1,,,BC,1,Good
Electronics & Communication,5,Microcontroller & Applications,After Mid-1,92.5,7.6,20.5,0,7.2,,AB,1,Excellent
Electrical Engineering,3,Analog Electronics,Before Mid-1,71.0,4.16,21.2,1,,,CD,1,Average
Mechanical Engineering,6,Operations Research,Before Mid-1,73.6,7.29,23.6,0,,,BB,1,Very Good
Mechanical Engineering,1,Engineering Graphics & Design,After Mid-1,90.8,8.58,22.8,0,8.1,,AB,1,Excellent
Electronics & Communication,8,Radar & Navigational Aids,Before Mid-1,75.8,6.91,17.6,0,,,BC,1,Good
Electrical Engineering,4,Electromagnetic Field Theory,After Mid-1,87.8,6.26,21.1,1,6.4,,BC,1,Good
Mechanical Engineering,3,Manufacturing Processes-1,Before Mid-1,86.5,7.23,20.9,0,,,BB,1,Very Good
Information Technology,8,Distributed Systems,After Mid-1,92.1,6.37,23.8,2,4.6,,CC,1,Average
Computer Engineering,4,Principles of Economics & Management,Before Mid-1,74.0,5.84,15.8,1,,,CC,1,Average
Information Technology,6,Mobile Computing,After Mid-1,77.1,7.2,22.2,0,6.7,,BB,1,Very Good
Electronics & Communication,1,Basic Electronics,After Mid-2,80.4,8.97,25.3,0,9.3,16.9,AA,1,Excellent
Computer Engineering,2,Programming for Problem Solving,After Mid-2,89.9,6.89,18.4,0,6.0,12.4,BB,1,Very Good
Electrical Engineering,1,Mathematics-1,After Mid-2,76.9,7.36,22.6,0,8.2,18.6,AB,1,Excellent
Civil Engineering,1,Mathematics-1,After Mid-2,97.5,7.66,17.0,0,7.7,13.9,BB,1,Very Good
Mechanical Engineering,7,Power Plant Engineering,After Mid-1,76.7,7.57,16.2,0,6.4,,BB,1,Very Good
Civil Engineering,8,Bridge Engineering,After Mid-1,99.0,8.79,27.2,0,9.1,,AA,1,Excellent
Information Technology,3,Effective Technical Communication,After Mid-1,71.6,5.4,19.4,1,3.1,,CC,1,Average
Civil Engineering,1,Basic Civil Engineering,After Mid-1,78.0,6.69,20.4,0,4.9,,BC,1,Good
Mechanical Engineering,8,Project-2,After Mid-1,88.8,8.85,27.1,0,8.1,,AA,1,Excellent
Mechanical Engineering,6,Production Technology,After Mid-2,75.3,6.68,11.4,0,5.6,8.0,BC,1,Good
Civil Engineering,1,Mathematics-1,Before Mid-1,75.3,7.92,28.3,0,,,AB,1,Excellent
Mechanical Engineering,5,Heat Transfer,After Mid-1,80.1,7.68,19.8,0,7.1,,BB,1,Very Good
Civil Engineering,3,Surveying,After Mid-1,72.9,6.4,16.9,0,6.7,,BC,1,Good
Information Technology,3,Digital Electronics,Before Mid-1,93.2,8.39,23.2,0,,,AB,1,Excellent
Civil Engineering,4,Structural Analysis-1,Before Mid-1,93.5,8.03,20.3,0,,,BB,1,Very Good
Civil Engineering,7,Highway & Traffic Engineering,After Mid-1,94.7,6.98,18.5,0,6.5,,BB,1,Very Good
Electronics & Communication,8,Optical Communication,Before Mid-1,83.7,5.61,16.6,1,,,BC,1,Good
Information Technology,1,Engineering Graphics & Design,Before Mid-1,84.3,6.1,17.5,1,,,BC,1,Good
Civil Engineering,7,Project-1,After Mid-2,90.7,6.52,20.2,0,6.6,14.5,BB,1,Very Good
Mechanical Engineering,7,Refrigeration & Air Conditioning,After Mid-2,94.9,8.01,23.3,0,5.6,8.9,BB,1,Very Good
Civil Engineering,8,Earthquake Engineering,After Mid-1,74.1,8.46,23.5,0,6.5,,BB,1,Very Good
Mechanical Engineering,6,Production Technology,Before Mid-1,84.7,7.02,22.8,4,,,CC,1,Average
Civil Engineering,1,Mathematics-1,Before Mid-1,91.9,7.9,30.5,1,,,BB,1,Very Good
Electronics & Communication,4,Control Systems,Before Mid-1,75.6,7.15,19.0,3,,,DD,1,At Risk
Electronics & Communication,2,Programming for Problem Solving,After Mid-2,87.7,8.04,27.1,0,6.5,12.4,BB,1,Very Good
Electronics & Communication,4,Control Systems,After Mid-1,89.5,5.37,22.2,0,4.5,,CC,1,Average
Electronics & Communication,7,Satellite Communication,Before Mid-1,73.1,6.28,13.8,1,,,BC,1,Good
Computer Engineering,7,Cloud Computing,After Mid-1,88.1,8.81,24.6,0,7.7,,AA,1,Excellent
Computer Engineering,5,Computer Networks,After Mid-1,83.9,7.59,23.3,0,6.6,,AB,1,Excellent
Computer Engineering,2,Basic Electronics,Before Mid-1,81.5,5.32,20.3,0,,,CC,1,Average
Mechanical Engineering,5,Heat Transfer,After Mid-1,100.0,9.77,31.5,0,8.6,,AA,1,Excellent
Mechanical Engineering,7,Refrigeration & Air Conditioning,After Mid-2,84.1,7.16,18.4,0,7.1,11.5,BB,1,Very Good
Computer Engineering,7,Machine Learning,After Mid-2,72.4,5.78,15.2,1,5.0,8.7,CD,1,Average
Civil Engineering,8,Earthquake Engineering,After Mid-1,92.1,7.29,18.8,0,6.5,,BB,1,Very Good
Electronics & Communication,6,VLSI Design,After Mid-2,100.0,9.32,29.2,0,8.9,15.8,AA,1,Excellent
Electronics & Communication,4,Microprocessor & Interfacing,Before Mid-1,93.5,7.87,23.8,0,,,BB,1,Very Good
Computer Engineering,2,English,Before Mid-1,82.4,7.27,13.9,0,,,BB,1,Very Good
Information Technology,2,Physics,After Mid-2,83.6,7.89,32.4,1,6.7,13.6,BB,1,Very Good
Electrical Engineering,5,Electrical Machines-2,After Mid-2,84.0,6.74,18.1,0,6.5,13.2,BC,1,Good
Mechanical Engineering,7,Computer Aided Manufacturing (CAM),After Mid-1,61.0,5.17,16.9,2,3.9,,DD,1,At Risk
Information Technology,7,Information Retrieval,After Mid-2,74.6,6.13,23.7,0,6.2,11.9,BC,1,Good
Electrical Engineering,6,Electrical Switchgear & Protection,After Mid-1,100.0,9.77,28.8,0,9.4,,AA,1,Excellent
Electrical Engineering,3,Analog Electronics,After Mid-1,90.0,8.82,26.0,0,6.8,,AB,1,Excellent
Computer Engineering,2,Programming for Problem Solving,After Mid-2,81.8,8.38,23.0,0,7.4,14.0,AB,1,Excellent
Computer Engineering,2,English,After Mid-1,85.3,7.67,22.9,0,6.8,,AB,1,Excellent
Electrical Engineering,6,Electrical Switchgear & Protection,After Mid-1,93.8,7.78,22.1,0,8.0,,AB,1,Excellent
Electronics & Communication,3,Digital Electronics,Before Mid-1,91.8,9.12,23.7,0,,,AA,1,Excellent
Electrical Engineering,2,Basic Electronics,Before Mid-1,84.2,7.78,21.2,0,,,AB,1,Excellent
Electronics & Communication,6,Antenna & Wave Propagation,After Mid-1,75.3,7.17,20.6,2,4.7,,CC,1,Average
Electronics & Communication,4,Microprocessor & Interfacing,Before Mid-1,81.1,7.66,23.2,0,,,BB,1,Very Good
Computer Engineering,5,Cyber Security,After Mid-2,79.4,6.54,21.5,0,6.4,12.9,BB,1,Very Good
Mechanical Engineering,5,Internal Combustion Engines,After Mid-2,81.1,5.7,17.5,0,4.6,8.5,BC,1,Good
Electrical Engineering,5,Microprocessor & Microcontroller,After Mid-1,98.4,7.84,25.0,0,8.8,,AB,1,Excellent
Mechanical Engineering,3,Material Science & Metallurgy,After Mid-2,84.9,5.86,19.7,2,5.2,8.3,CC,1,Average
Electronics & Communication,6,Antenna & Wave Propagation,After Mid-1,97.6,8.06,27.6,0,7.9,,AB,1,Excellent
Computer Engineering,4,Discrete Mathematics,After Mid-1,84.8,6.84,20.6,0,5.4,,BC,1,Good
Mechanical Engineering,4,Manufacturing Processes-2,After Mid-2,83.1,6.73,14.3,0,8.1,13.8,BB,1,Very Good
Mechanical Engineering,8,Project-2,After Mid-2,76.6,6.44,24.3,0,6.1,12.1,BB,1,Very Good
Civil Engineering,2,Mathematics-2,After Mid-1,84.0,8.51,21.7,1,6.6,,BC,1,Good
Computer Engineering,7,Machine Learning,After Mid-2,67.9,4.87,16.5,2,3.2,4.6,FF,0,At Risk
Computer Engineering,3,Digital Fundamentals,After Mid-2,77.3,4.88,14.9,4,4.1,6.4,FF,0,At Risk
Information Technology,2,English,Before Mid-1,63.9,4.0,19.7,3,,,FF,0,At Risk
Electronics & Communication,7,Embedded Systems,Before Mid-1,69.2,4.29,19.0,3,,,FF,0,At Risk
Information Technology,6,Data Warehousing & Mining,After Mid-1,74.7,7.09,25.0,4,5.8,,CC,1,Average
Electrical Engineering,8,Project-2,Before Mid-1,70.8,7.27,20.1,2,,,BC,1,Good
Computer Engineering,4,Principles of Economics & Management,After Mid-1,70.2,4.93,16.6,2,5.9,,CC,1,Average
Electrical Engineering,8,E-Vehicle Technology,After Mid-1,92.1,8.0,28.4,0,6.8,,AB,1,Excellent
Mechanical Engineering,7,Refrigeration & Air Conditioning,After Mid-2,82.7,9.2,26.9,0,9.0,18.2,AA,1,Excellent
Electrical Engineering,8,Project-2,After Mid-1,86.2,8.14,20.4,0,7.0,,AB,1,Excellent
Electronics & Communication,5,Digital Communication,After Mid-2,84.0,7.85,30.1,0,7.7,14.7,AB,1,Excellent
Mechanical Engineering,4,Applied Thermodynamics,Before Mid-1,77.4,5.65,16.9,1,,,CC,1,Average
Mechanical Engineering,3,Manufacturing Processes-1,After Mid-2,91.1,7.52,27.4,0,5.9,10.5,BB,1,Very Good
Electrical Engineering,3,Electrical Measurements & Instrumentation,After Mid-2,92.6,8.7,28.2,0,10.0,20.0,AA,1,Excellent
Civil Engineering,4,Concrete Technology,Before Mid-1,81.9,7.07,23.6,0,,,BB,1,Very Good
Mechanical Engineering,5,Internal Combustion Engines,Before Mid-1,81.0,7.28,22.4,0,,,BB,1,Very Good
Computer Engineering,7,Machine Learning,After Mid-2,80.2,7.4,22.2,0,5.6,10.1,BC,1,Good
Civil Engineering,1,Mathematics-1,Before Mid-1,94.7,9.33,31.2,0,,,AA,1,Excellent
Computer Engineering,5,Analysis & Design of Algorithms,Before Mid-1,87.9,8.05,24.3,0,,,BB,1,Very Good
Electronics & Communication,8,Project-2,After Mid-1,98.0,10.0,30.1,0,9.2,,AA,1,Excellent
Electronics & Communication,7,Project-1,After Mid-2,89.3,7.99,28.9,1,7.1,14.6,AB,1,Excellent
Information Technology,1,Basic Electrical Engineering,After Mid-1,81.6,6.5,24.3,0,6.2,,BB,1,Very Good
Information Technology,5,Software Engineering,After Mid-1,84.5,7.65,20.3,0,9.7,,AB,1,Excellent
Civil Engineering,6,Environmental Engineering,After Mid-2,62.7,4.71,13.5,4,3.2,7.0,FF,0,At Risk
Mechanical Engineering,2,Programming for Problem Solving,After Mid-2,85.2,8.72,30.9,0,7.7,15.7,AB,1,Excellent
Information Technology,1,Environmental Sciences,After Mid-1,81.5,7.31,20.8,0,5.6,,BB,1,Very Good
Civil Engineering,3,Building Construction & Materials,After Mid-2,86.7,8.71,25.0,0,8.9,17.3,AA,1,Excellent
Electrical Engineering,6,Power Electronics-1,Before Mid-1,79.5,5.71,18.1,1,,,CD,1,Average
Computer Engineering,4,Discrete Mathematics,Before Mid-1,89.0,6.99,19.6,1,,,BB,1,Very Good
Computer Engineering,4,Computer Organization & Architecture,After Mid-2,68.1,7.71,24.5,1,5.3,12.3,BC,1,Good
Computer Engineering,7,Project-1,After Mid-1,72.0,4.11,16.9,4,3.2,,FF,0,At Risk
Electronics & Communication,4,Analog Communication,After Mid-1,86.1,5.88,18.4,1,5.1,,CC,1,Average
Electrical Engineering,4,Electromagnetic Field Theory,Before Mid-1,87.1,8.24,20.8,0,,,BB,1,Very Good
Electronics & Communication,1,Basic Electrical Engineering,After Mid-2,91.8,8.15,26.3,0,8.8,17.6,AA,1,Excellent
Computer Engineering,7,Project-1,Before Mid-1,87.4,7.72,20.2,0,,,BB,1,Very Good
Information Technology,4,Operating System Concepts,Before Mid-1,83.8,7.25,23.2,0,,,AB,1,Excellent
Electronics & Communication,1,Physics,After Mid-1,82.4,5.64,19.9,1,3.5,,CC,1,Average
Civil Engineering,1,Physics,After Mid-2,90.4,9.76,23.5,0,8.3,14.1,AB,1,Excellent
Mechanical Engineering,1,Physics,Before Mid-1,97.4,9.4,30.3,0,,,AB,1,Excellent
Electronics & Communication,5,Microcontroller & Applications,After Mid-2,86.5,7.44,22.2,0,6.0,13.2,BB,1,Very Good
Electronics & Communication,1,Physics,Before Mid-1,81.6,6.84,16.4,0,,,BC,1,Good
Information Technology,1,Environmental Sciences,Before Mid-1,85.9,7.85,26.1,0,,,AA,1,Excellent
Electrical Engineering,6,Testing & Maintenance of Electrical Equipment,After Mid-1,86.7,6.11,13.7,0,5.4,,BC,1,Good
Electrical Engineering,2,Mathematics-2,After Mid-1,83.6,6.99,21.6,0,5.1,,BC,1,Good
Electronics & Communication,3,Digital Electronics,Before Mid-1,79.8,6.59,24.5,0,,,BB,1,Very Good
Computer Engineering,4,Object Oriented Programming - C++,After Mid-1,75.4,6.62,23.8,0,6.3,,BB,1,Very Good
Electrical Engineering,8,Project-2,Before Mid-1,83.2,7.28,28.4,0,,,AB,1,Excellent
Mechanical Engineering,7,Refrigeration & Air Conditioning,After Mid-1,90.9,6.97,19.7,0,5.8,,BC,1,Good
Information Technology,5,Python Programming,After Mid-2,81.7,6.87,24.9,0,5.9,15.3,BB,1,Very Good
Electrical Engineering,3,Electrical Measurements & Instrumentation,After Mid-1,71.9,6.45,28.0,1,6.6,,BB,1,Very Good
Electrical Engineering,7,High Voltage Engineering,Before Mid-1,94.0,7.9,17.8,0,,,BB,1,Very Good
Information Technology,7,Information Retrieval,After Mid-1,75.3,7.12,18.9,0,6.5,,BC,1,Good
Information Technology,5,Computer Networks,Before Mid-1,100.0,9.52,26.7,0,,,AA,1,Excellent
Electrical Engineering,1,Basic Electrical Engineering,Before Mid-1,76.1,4.17,15.7,0,,,BC,1,Good
Electrical Engineering,4,Electrical Machines-1,After Mid-2,95.7,9.55,24.0,0,7.7,12.0,AB,1,Excellent
Mechanical Engineering,5,Internal Combustion Engines,After Mid-1,85.1,7.15,25.9,0,5.5,,BB,1,Very Good
Civil Engineering,4,Structural Analysis-1,Before Mid-1,81.8,7.97,26.5,1,,,BB,1,Very Good
Electrical Engineering,4,Electromagnetic Field Theory,After Mid-1,65.9,5.24,20.2,0,5.3,,CC,1,Average
Civil Engineering,6,Design of Steel Structures,After Mid-2,82.6,8.27,26.1,0,6.5,13.9,BB,1,Very Good
Computer Engineering,5,Computer Networks,After Mid-1,72.7,6.81,21.7,0,5.4,,BC,1,Good
Computer Engineering,4,Discrete Mathematics,After Mid-2,82.2,8.68,23.9,1,8.3,14.1,BB,1,Very Good
Mechanical Engineering,4,Mechanical Measurement & Metrology,After Mid-1,76.1,6.75,21.2,1,4.7,,CC,1,Average
Electrical Engineering,8,Project-2,Before Mid-1,84.7,7.01,19.5,0,,,AB,1,Excellent
Electrical Engineering,2,Engineering Graphics & Design,After Mid-1,73.9,6.35,19.1,2,6.8,,CC,1,Average
Computer Engineering,5,Computer Networks,Before Mid-1,79.9,6.14,25.3,4,,,DD,1,At Risk
Electrical Engineering,7,Smart Grid Technology,After Mid-2,83.4,9.34,27.5,0,10.0,19.5,AA,1,Excellent
Information Technology,2,Physics,After Mid-1,93.1,7.03,20.3,4,6.5,,CD,1,Average
Electronics & Communication,3,Network Theory,After Mid-1,78.6,6.83,23.1,0,6.0,,BC,1,Good
Civil Engineering,1,Engineering Graphics & Design,After Mid-1,85.8,7.97,25.1,1,7.0,,BB,1,Very Good
Mechanical Engineering,7,Refrigeration & Air Conditioning,After Mid-1,84.6,5.76,19.3,0,5.7,,BC,1,Good
Civil Engineering,8,Construction Project Management,After Mid-2,85.8,4.0,15.6,2,2.8,4.1,FF,0,At Risk
Information Technology,1,Basic Electrical Engineering,After Mid-2,88.4,6.54,23.6,0,6.2,13.2,BB,1,Very Good
Civil Engineering,6,Foundation Engineering,After Mid-2,80.1,7.74,21.6,0,8.6,14.4,BB,1,Very Good
Electrical Engineering,8,Project-2,Before Mid-1,82.0,6.49,14.2,0,,,BC,1,Good
Mechanical Engineering,8,Renewable Energy Engineering,Before Mid-1,71.0,6.25,22.1,3,,,CC,1,Average
Electronics & Communication,7,Microwave Engineering,After Mid-1,89.7,6.0,8.4,0,5.4,,CC,1,Average
Electrical Engineering,2,Mathematics-2,After Mid-2,76.7,7.7,27.8,0,6.4,14.2,BB,1,Very Good
Civil Engineering,1,Engineering Graphics & Design,After Mid-1,81.4,8.53,24.7,0,7.5,,AB,1,Excellent
Computer Engineering,7,Information & Network Security,Before Mid-1,85.8,6.78,24.0,0,,,BB,1,Very Good
Mechanical Engineering,5,Dynamics of Machinery,After Mid-1,99.2,7.31,27.0,1,5.9,,BC,1,Good
Mechanical Engineering,3,Engineering Thermodynamics,Before Mid-1,86.6,5.7,20.9,1,,,CC,1,Average
Electronics & Communication,5,Microcontroller & Applications,After Mid-2,70.1,8.01,24.0,0,6.5,13.2,BB,1,Very Good
Computer Engineering,7,Cloud Computing,After Mid-1,83.3,5.47,16.4,2,5.1,,CC,1,Average
Electronics & Communication,3,Network Theory,Before Mid-1,97.7,8.11,25.0,0,,,BB,1,Very Good
Information Technology,3,Digital Electronics,After Mid-2,98.2,7.32,13.9,1,6.2,9.5,BC,1,Good
Civil Engineering,7,Project-1,After Mid-2,89.3,9.57,27.5,0,10.0,18.6,AA,1,Excellent
Electronics & Communication,8,Radar & Navigational Aids,After Mid-2,89.0,8.78,26.4,0,10.0,19.9,AA,1,Excellent
Mechanical Engineering,8,Project-2,After Mid-2,72.9,7.12,24.0,0,6.9,13.8,BB,1,Very Good
Information Technology,4,Operating System Concepts,After Mid-2,66.7,7.2,26.0,4,3.9,7.7,DD,1,At Risk
Computer Engineering,5,Software Engineering,Before Mid-1,87.7,7.27,27.4,0,,,AB,1,Excellent
Information Technology,2,English,Before Mid-1,71.2,5.63,16.4,2,,,CC,1,Average
Electronics & Communication,6,VLSI Design,After Mid-2,75.3,5.3,18.6,2,3.7,5.2,DD,1,At Risk
Electrical Engineering,8,Power Quality & Management,Before Mid-1,74.2,6.66,17.6,0,,,BC,1,Good
Electronics & Communication,5,Microcontroller & Applications,After Mid-2,62.1,4.74,19.0,6,2.2,3.6,FF,0,At Risk
Computer Engineering,5,Analysis & Design of Algorithms,After Mid-1,62.0,4.8,14.8,4,2.3,,FF,0,At Risk
Electrical Engineering,2,Engineering Graphics & Design,After Mid-2,67.3,4.26,14.7,2,3.5,7.9,FF,0,At Risk
Computer Engineering,5,Cyber Security,After Mid-1,83.0,5.55,16.6,2,4.8,,CC,1,Average
Electrical Engineering,7,Smart Grid Technology,After Mid-2,65.7,4.28,13.5,5,3.1,3.3,FF,0,At Risk
Information Technology,4,Object Oriented Programming - Java,After Mid-1,83.6,6.12,22.0,0,5.4,,BC,1,Good
Electrical Engineering,8,Project-2,Before Mid-1,94.0,7.02,18.4,0,,,BB,1,Very Good
Electronics & Communication,3,Digital Electronics,Before Mid-1,83.9,9.38,30.0,0,,,AA,1,Excellent
Mechanical Engineering,4,Fluid Mechanics & Hydraulic Machines,Before Mid-1,68.3,6.63,31.6,0,,,BB,1,Very Good
Computer Engineering,7,Project-1,After Mid-2,93.1,7.79,28.4,0,7.5,14.8,AB,1,Excellent
Electronics & Communication,2,Mathematics-2,After Mid-1,97.6,8.88,17.8,0,8.0,,AB,1,Excellent
Electrical Engineering,5,Microprocessor & Microcontroller,After Mid-2,95.0,9.15,21.5,0,9.0,16.5,AA,1,Excellent
Information Technology,7,Information Retrieval,After Mid-1,86.2,8.08,30.3,0,7.7,,AA,1,Excellent
Computer Engineering,4,Computer Organization & Architecture,After Mid-2,75.8,6.95,21.3,1,5.8,11.6,BC,1,Good
Civil Engineering,1,Mathematics-1,After Mid-1,86.0,7.74,19.2,1,7.9,,BB,1,Very Good
Information Technology,3,IT Infrastructure & Management,After Mid-2,85.3,8.29,27.8,0,8.6,16.7,AB,1,Excellent
Electrical Engineering,2,Engineering Graphics & Design,Before Mid-1,95.7,5.24,11.7,1,,,CC,1,Average
Mechanical Engineering,4,Fluid Mechanics & Hydraulic Machines,After Mid-1,84.9,5.79,18.3,0,5.4,,BC,1,Good
Civil Engineering,2,Mathematics-2,Before Mid-1,78.6,5.98,21.2,2,,,CC,1,Average
Information Technology,1,Mathematics-1,After Mid-2,73.4,5.46,16.9,1,6.4,10.8,CC,1,Average
Electronics & Communication,4,Control Systems,After Mid-2,77.9,7.67,18.2,3,6.7,11.4,CC,1,Average
Computer Engineering,6,Theory of Computation,After Mid-1,90.7,7.35,21.5,0,7.2,,BB,1,Very Good
Information Technology,7,Project-1,After Mid-2,87.6,7.0,24.0,0,8.0,14.1,BB,1,Very Good
Information Technology,1,Engineering Graphics & Design,After Mid-2,93.2,7.57,25.9,3,5.5,10.8,BC,1,Good
Computer Engineering,1,Basic Electrical Engineering,Before Mid-1,89.5,7.39,20.1,0,,,BB,1,Very Good
Electronics & Communication,2,Mathematics-2,After Mid-2,82.1,6.3,19.8,0,6.5,12.1,BC,1,Good
Computer Engineering,3,Database Management Systems,After Mid-2,91.9,9.16,28.1,0,8.3,15.8,AA,1,Excellent
Civil Engineering,3,Surveying,After Mid-2,76.5,6.27,17.6,0,5.1,11.7,BC,1,Good
Mechanical Engineering,3,Kinematics of Machines,Before Mid-1,88.1,7.88,24.5,0,,,BB,1,Very Good
Computer Engineering,7,Cloud Computing,After Mid-1,76.3,6.26,24.0,1,5.4,,BC,1,Good
Information Technology,1,Engineering Graphics & Design,Before Mid-1,91.0,8.65,26.2,0,,,AA,1,Excellent
Civil Engineering,1,Engineering Graphics & Design,Before Mid-1,87.3,7.67,25.1,0,,,AB,1,Excellent
Information Technology,5,Software Engineering,After Mid-2,96.5,8.36,20.7,0,8.3,16.8,AB,1,Excellent
Computer Engineering,3,Data Structures,After Mid-1,86.4,5.81,19.7,1,6.7,,BC,1,Good
Information Technology,5,Python Programming,Before Mid-1,78.1,6.64,18.3,0,,,AB,1,Excellent
Information Technology,3,Digital Electronics,Before Mid-1,93.6,7.72,25.3,0,,,AA,1,Excellent
Electronics & Communication,1,Physics,After Mid-1,82.7,7.21,26.3,0,6.6,,BB,1,Very Good
Mechanical Engineering,8,Automobile Engineering,After Mid-1,100.0,10.0,30.6,0,10.0,,AA,1,Excellent
Electronics & Communication,3,Digital Electronics,After Mid-1,77.9,5.45,23.3,3,4.1,,CD,1,Average
Electrical Engineering,3,Electrical Circuit Analysis,After Mid-2,80.3,7.58,27.4,0,6.6,11.6,BB,1,Very Good
Information Technology,4,Operating System Concepts,After Mid-1,77.8,6.55,20.5,0,4.7,,BC,1,Good
Electronics & Communication,7,Project-1,After Mid-2,86.5,8.53,27.7,0,8.7,17.3,AA,1,Excellent
Mechanical Engineering,6,Design of Machine Elements,After Mid-2,93.1,8.72,19.3,0,7.1,12.6,BB,1,Very Good
Computer Engineering,2,Workshop/Manufacturing Practices,After Mid-1,81.5,7.26,23.9,0,9.1,,AA,1,Excellent
Mechanical Engineering,5,Heat Transfer,After Mid-2,94.5,8.66,26.0,0,7.9,14.6,AB,1,Excellent
Electronics & Communication,7,Embedded Systems,After Mid-1,62.6,4.37,11.4,4,2.1,,FF,0,At Risk
Information Technology,5,Formal Languages & Automata Theory,After Mid-1,87.9,8.8,25.7,0,8.0,,AB,1,Excellent
Electrical Engineering,3,Electrical Circuit Analysis,After Mid-2,94.5,10.0,31.3,0,8.6,18.4,AA,1,Excellent
Information Technology,4,Computer Networks,After Mid-1,92.1,8.66,19.8,0,8.5,,AB,1,Excellent
Electronics & Communication,2,Engineering Graphics & Design,After Mid-2,92.5,7.38,21.2,0,6.3,10.7,BB,1,Very Good
Mechanical Engineering,4,Mechanical Measurement & Metrology,After Mid-1,79.5,6.84,24.0,0,6.7,,BB,1,Very Good
Mechanical Engineering,8,Project-2,Before Mid-1,84.3,9.66,29.1,0,,,AA,1,Excellent
Computer Engineering,6,Web Technology,After Mid-2,87.0,8.66,26.7,0,8.8,16.7,AA,1,Excellent
Electronics & Communication,7,Microwave Engineering,After Mid-1,71.0,5.03,15.1,0,5.0,,CC,1,Average
Electronics & Communication,5,Microcontroller & Applications,After Mid-2,92.6,9.07,20.2,0,9.2,17.2,AA,1,Excellent
Information Technology,4,Computer Networks,Before Mid-1,85.3,7.22,17.8,1,,,BC,1,Good
Civil Engineering,2,Programming for Problem Solving,After Mid-2,88.4,6.22,24.6,1,5.1,13.0,BC,1,Good
Information Technology,3,Data Structures,After Mid-1,83.3,7.29,25.9,0,6.6,,BB,1,Very Good
Mechanical Engineering,3,Engineering Thermodynamics,Before Mid-1,81.9,7.59,24.0,1,,,BC,1,Good
Computer Engineering,7,Project-1,After Mid-2,77.8,6.77,14.8,0,4.5,8.2,BC,1,Good
Civil Engineering,6,Environmental Engineering,After Mid-2,98.2,10.0,26.4,0,9.0,18.9,AA,1,Excellent
Electronics & Communication,2,Programming for Problem Solving,After Mid-2,71.0,4.2,17.3,0,5.1,12.0,CC,1,Average
Mechanical Engineering,4,Applied Thermodynamics,Before Mid-1,77.4,6.75,23.5,0,,,BB,1,Very Good
Mechanical Engineering,4,Mechanical Measurement & Metrology,After Mid-1,63.7,5.06,15.8,0,4.0,,CC,1,Average
Civil Engineering,8,Construction Project Management,After Mid-2,78.6,6.56,16.8,0,6.5,12.0,BB,1,Very Good
Electronics & Communication,7,Project-1,After Mid-2,67.3,5.98,20.7,3,4.5,10.9,CD,1,Average
Mechanical Engineering,7,Project-1,After Mid-2,67.9,5.18,9.8,1,4.3,6.5,DD,1,At Risk
Electronics & Communication,6,Digital Signal Processing,Before Mid-1,97.4,8.6,27.3,0,,,AB,1,Excellent
Electronics & Communication,3,Signals & Systems,Before Mid-1,80.3,7.29,27.7,0,,,BB,1,Very Good
Electronics & Communication,8,Project-2,After Mid-1,85.8,6.01,16.0,0,6.1,,BC,1,Good
Mechanical Engineering,1,Physics,After Mid-1,82.6,6.2,21.9,1,5.7,,CC,1,Average
Electronics & Communication,6,Digital Signal Processing,After Mid-2,86.5,6.94,24.3,1,6.2,9.5,BC,1,Good
Civil Engineering,2,Environmental Sciences,After Mid-1,82.8,6.57,18.7,2,8.5,,BB,1,Very Good
Electrical Engineering,4,Digital Electronics,After Mid-2,73.2,5.92,18.4,2,4.8,7.5,CD,1,Average
Computer Engineering,4,Operating System,After Mid-2,94.5,9.1,23.8,0,8.7,16.2,AB,1,Excellent
Computer Engineering,7,Information & Network Security,After Mid-2,88.5,9.25,22.9,0,8.9,19.3,AA,1,Excellent
Electrical Engineering,5,Electrical Power System-1,After Mid-1,88.0,6.78,23.9,0,7.7,,BB,1,Very Good
Electrical Engineering,3,Electrical Measurements & Instrumentation,After Mid-1,88.1,6.9,19.2,0,6.3,,BB,1,Very Good
Computer Engineering,1,Basic Electrical Engineering,Before Mid-1,74.8,5.96,23.3,1,,,BC,1,Good
Electronics & Communication,3,Digital Electronics,After Mid-1,80.0,9.19,25.1,0,8.3,,AB,1,Excellent
Computer Engineering,3,Digital Fundamentals,Before Mid-1,88.1,6.7,23.9,0,,,BB,1,Very Good
Electrical Engineering,2,Mathematics-2,Before Mid-1,92.3,9.63,27.9,0,,,AB,1,Excellent
Information Technology,6,Cyber Security & Laws,After Mid-1,88.7,6.49,24.7,1,6.0,,BB,1,Very Good
Computer Engineering,4,Object Oriented Programming - C++,Before Mid-1,83.0,7.46,23.8,0,,,AB,1,Excellent
Electrical Engineering,1,Physics,Before Mid-1,81.1,6.97,20.0,0,,,BB,1,Very Good
Civil Engineering,2,Workshop Practices,Before Mid-1,72.5,4.0,18.9,1,,,CD,1,Average
Mechanical Engineering,2,Programming for Problem Solving,After Mid-1,82.9,5.49,18.8,0,4.5,,BC,1,Good
Computer Engineering,8,Artificial Intelligence,After Mid-1,63.3,6.11,19.8,0,4.5,,CC,1,Average
Civil Engineering,6,Design of Steel Structures,Before Mid-1,76.5,4.82,6.6,1,,,FF,0,At Risk
Electrical Engineering,8,E-Vehicle Technology,Before Mid-1,89.6,8.95,23.0,0,,,AA,1,Excellent
Computer Engineering,8,Big Data Analytics,After Mid-1,96.2,8.54,20.4,0,6.6,,AB,1,Excellent
Computer Engineering,2,Basic Electronics,Before Mid-1,78.2,6.26,25.7,1,,,BC,1,Good
Electronics & Communication,8,Project-2,After Mid-1,85.9,6.7,16.9,0,5.2,,BC,1,Good
Electronics & Communication,2,Mathematics-2,After Mid-2,66.8,6.12,18.2,2,5.0,9.4,CD,1,Average
Mechanical Engineering,1,Engineering Graphics & Design,After Mid-1,81.0,6.1,14.4,0,6.7,,BB,1,Very Good
Mechanical Engineering,3,Material Science & Metallurgy,After Mid-1,89.3,6.95,19.2,0,7.2,,AB,1,Excellent
Information Technology,4,Computer Networks,After Mid-2,83.9,6.09,18.0,3,5.9,10.4,CC,1,Average
Electronics & Communication,3,Digital Electronics,Before Mid-1,78.4,4.48,16.2,0,,,BC,1,Good
Electronics & Communication,1,Physics,After Mid-1,84.0,8.49,24.0,0,8.1,,BB,1,Very Good
Computer Engineering,6,Data Analysis & Visualization,After Mid-2,89.3,5.83,20.6,0,6.0,9.9,BC,1,Good
Information Technology,7,Information Retrieval,Before Mid-1,86.1,7.7,19.8,0,,,BB,1,Very Good
Civil Engineering,4,Transportation Engineering,After Mid-2,66.4,6.61,18.2,0,6.8,11.1,BB,1,Very Good
Electronics & Communication,4,Analog Communication,Before Mid-1,67.8,5.96,13.0,2,,,CD,1,Average
Computer Engineering,2,Programming for Problem Solving,After Mid-2,85.6,7.28,19.7,0,7.3,13.8,BB,1,Very Good
Mechanical Engineering,8,Industrial Engineering,Before Mid-1,65.1,5.94,16.5,0,,,BC,1,Good
Mechanical Engineering,1,Engineering Graphics & Design,After Mid-2,87.6,8.15,26.4,0,7.3,15.7,AB,1,Excellent
Mechanical Engineering,7,Power Plant Engineering,Before Mid-1,85.4,5.98,21.6,0,,,BC,1,Good
Information Technology,3,IT Infrastructure & Management,After Mid-2,67.5,4.97,15.2,1,4.1,7.3,CD,1,Average
Civil Engineering,7,Project-1,After Mid-1,75.2,5.46,19.5,0,4.3,,CC,1,Average
Civil Engineering,8,Bridge Engineering,Before Mid-1,82.4,8.28,27.0,0,,,BB,1,Very Good
Mechanical Engineering,3,Material Science & Metallurgy,Before Mid-1,100.0,10.0,24.1,0,,,AA,1,Excellent
Civil Engineering,8,Bridge Engineering,After Mid-1,73.0,9.2,26.7,0,8.5,,AB,1,Excellent
Civil Engineering,4,Transportation Engineering,After Mid-2,79.8,7.83,17.3,0,7.7,14.3,BB,1,Very Good
Mechanical Engineering,5,Internal Combustion Engines,After Mid-2,90.0,8.5,26.5,0,8.5,16.6,AA,1,Excellent
Mechanical Engineering,1,Physics,Before Mid-1,93.5,9.23,29.9,0,,,AB,1,Excellent
Mechanical Engineering,4,Manufacturing Processes-2,After Mid-1,83.2,6.72,24.1,1,6.2,,BC,1,Good
Electrical Engineering,2,Programming for Problem Solving,Before Mid-1,84.8,6.52,20.5,0,,,BB,1,Very Good
Electrical Engineering,1,Mathematics-1,Before Mid-1,80.5,6.52,18.9,0,,,BC,1,Good
Electronics & Communication,4,Microprocessor & Interfacing,Before Mid-1,85.2,7.39,20.9,0,,,BB,1,Very Good
Electronics & Communication,2,Engineering Graphics & Design,Before Mid-1,82.5,7.36,23.4,0,,,BB,1,Very Good
Mechanical Engineering,6,Design of Machine Elements,After Mid-1,81.2,6.95,25.5,0,6.2,,BB,1,Very Good
Information Technology,7,Project-1,After Mid-2,92.5,8.17,26.6,0,8.1,17.2,AB,1,Excellent
Computer Engineering,4,Operating System,After Mid-2,70.2,4.87,12.9,2,5.3,7.0,FF,0,At Risk
Computer Engineering,7,Information & Network Security,Before Mid-1,81.1,8.45,26.9,0,,,BB,1,Very Good
Computer Engineering,5,Computer Networks,After Mid-1,75.1,5.25,21.0,3,2.4,,FF,0,At Risk
Computer Engineering,7,Project-1,After Mid-1,87.3,7.86,22.8,0,7.3,,AB,1,Excellent
Civil Engineering,6,Foundation Engineering,After Mid-2,91.9,8.71,26.4,1,7.1,13.4,BB,1,Very Good
Electronics & Communication,7,Embedded Systems,After Mid-1,77.8,6.82,21.7,2,6.0,,BC,1,Good
Mechanical Engineering,8,Renewable Energy Engineering,After Mid-1,99.0,10.0,26.5,0,10.0,,AA,1,Excellent
Electronics & Communication,6,Digital Signal Processing,Before Mid-1,81.8,7.79,26.7,0,,,BB,1,Very Good
Civil Engineering,3,Building Construction & Materials,Before Mid-1,81.1,5.5,13.6,0,,,BC,1,Good
Electronics & Communication,8,Project-2,After Mid-1,87.3,7.83,27.0,0,8.1,,AB,1,Excellent
Information Technology,5,Computer Networks,After Mid-1,74.3,6.65,22.8,2,5.9,,CC,1,Average
Electronics & Communication,2,Environmental Sciences,After Mid-1,82.8,7.43,23.1,0,9.1,,AB,1,Excellent
Civil Engineering,5,Structural Analysis-2,After Mid-2,85.0,6.13,27.5,3,6.6,12.9,BC,1,Good
Electrical Engineering,6,Electrical Switchgear & Protection,After Mid-2,100.0,8.35,22.3,0,7.1,12.5,BB,1,Very Good
Electronics & Communication,3,Signals & Systems,After Mid-2,75.0,6.0,25.6,0,6.5,15.3,BC,1,Good
Computer Engineering,5,Professional Ethics & Human Values,After Mid-2,73.0,6.56,22.6,1,5.9,10.3,BC,1,Good
Civil Engineering,7,Highway & Traffic Engineering,Before Mid-1,71.0,5.74,20.4,0,,,BC,1,Good
Computer Engineering,8,Internet of Things,Before Mid-1,85.7,6.78,23.4,1,,,BC,1,Good
Electronics & Communication,1,Basic Electrical Engineering,After Mid-2,100.0,7.48,22.7,0,7.5,15.2,AB,1,Excellent
Civil Engineering,5,Soil Mechanics & Geotechnical Engg,After Mid-1,81.5,6.94,23.8,0,7.3,,BB,1,Very Good
Computer Engineering,3,Probability & Statistics,Before Mid-1,85.2,8.33,25.2,0,,,AB,1,Excellent
Electronics & Communication,2,Environmental Sciences,Before Mid-1,85.3,7.29,25.3,0,,,AB,1,Excellent
Mechanical Engineering,4,Fluid Mechanics & Hydraulic Machines,After Mid-2,90.3,8.6,28.3,0,6.6,15.5,AB,1,Excellent
Information Technology,6,Mobile Computing,Before Mid-1,90.9,8.73,21.2,0,,,AB,1,Excellent
Computer Engineering,4,Operating System,After Mid-2,85.7,6.02,24.0,0,4.1,11.3,BC,1,Good
Civil Engineering,1,Physics,Before Mid-1,77.4,6.25,21.6,1,,,BC,1,Good
Civil Engineering,7,Project-1,After Mid-1,88.3,6.37,21.7,5,4.8,,FF,0,At Risk
Computer Engineering,7,Compiler Design,After Mid-2,81.4,4.54,9.7,1,4.1,7.5,FF,0,At Risk
Civil Engineering,4,Structural Analysis-1,After Mid-2,89.0,8.77,19.9,1,7.2,11.5,BB,1,Very Good
Computer Engineering,3,Data Structures,Before Mid-1,70.1,5.91,17.8,1,,,DD,1,At Risk
Electrical Engineering,7,Smart Grid Technology,After Mid-1,86.8,6.53,21.3,0,7.5,,BB,1,Very Good
Computer Engineering,5,Cyber Security,Before Mid-1,78.5,7.74,21.4,0,,,AB,1,Excellent
Computer Engineering,3,Effective Technical Communication,After Mid-2,79.5,7.01,20.7,1,6.0,14.3,BB,1,Very Good
Information Technology,1,Engineering Graphics & Design,Before Mid-1,75.2,7.44,21.3,0,,,BB,1,Very Good
Electronics & Communication,3,Network Theory,After Mid-2,85.6,8.65,23.8,0,6.9,11.1,BB,1,Very Good
Electrical Engineering,2,Engineering Graphics & Design,After Mid-2,100.0,8.55,25.0,0,9.0,16.5,AB,1,Excellent
Mechanical Engineering,8,Automobile Engineering,After Mid-1,98.1,6.12,14.1,1,5.1,,CC,1,Average
Information Technology,8,Project-2,Before Mid-1,82.3,5.66,16.3,0,,,BC,1,Good
Computer Engineering,5,Software Engineering,After Mid-2,92.6,6.81,23.6,0,6.4,12.6,BB,1,Very Good
Electronics & Communication,6,Antenna & Wave Propagation,Before Mid-1,83.8,7.74,19.1,0,,,BB,1,Very Good
Computer Engineering,1,Environmental Sciences,After Mid-1,94.3,7.57,18.2,0,8.3,,AB,1,Excellent
Information Technology,7,Project-1,Before Mid-1,87.3,7.59,24.9,0,,,AB,1,Excellent
Information Technology,8,Internet of Things,Before Mid-1,61.4,6.48,20.2,0,,,BC,1,Good
Computer Engineering,6,Advanced Java Programming,After Mid-2,84.5,4.0,17.4,3,3.0,5.2,FF,0,At Risk
Electronics & Communication,7,Satellite Communication,After Mid-2,80.2,5.61,18.4,2,5.1,10.1,CC,1,Average
Information Technology,4,Computer Networks,After Mid-2,88.5,7.09,23.3,0,5.5,11.0,BB,1,Very Good
Computer Engineering,8,Internet of Things,After Mid-1,89.8,9.93,30.0,0,9.6,,AA,1,Excellent
Electronics & Communication,2,Programming for Problem Solving,After Mid-1,91.6,7.99,24.0,0,8.4,,AB,1,Excellent
Mechanical Engineering,6,Computer Aided Design (CAD),Before Mid-1,80.7,7.87,20.3,0,,,AB,1,Excellent
Civil Engineering,1,Physics,After Mid-1,86.5,5.63,13.5,1,3.9,,CD,1,Average
Mechanical Engineering,6,Operations Research,Before Mid-1,60.0,4.13,16.4,0,,,CD,1,Average
Civil Engineering,4,Structural Analysis-1,After Mid-1,87.3,6.68,24.1,0,5.8,,BB,1,Very Good
Computer Engineering,4,Principles of Economics & Management,Before Mid-1,92.6,6.91,23.1,0,,,AB,1,Excellent
Civil Engineering,3,Mechanics of Solids,After Mid-1,85.7,9.13,27.7,0,9.1,,AA,1,Excellent
Information Technology,7,Mobile Application Development,After Mid-2,74.6,7.9,19.4,0,6.6,11.7,BB,1,Very Good
Mechanical Engineering,5,Dynamics of Machinery,After Mid-1,91.2,8.24,20.6,0,7.7,,AB,1,Excellent
Mechanical Engineering,2,Mathematics-2,After Mid-2,87.7,8.99,30.0,0,7.3,16.6,AB,1,Excellent
Information Technology,3,Effective Technical Communication,After Mid-2,81.2,6.61,22.4,0,6.2,13.4,BB,1,Very Good
Information Technology,8,Distributed Systems,After Mid-2,89.9,9.97,25.5,0,8.7,14.4,AA,1,Excellent
Computer Engineering,1,Environmental Sciences,Before Mid-1,69.5,6.2,16.8,1,,,BC,1,Good
Mechanical Engineering,6,Operations Research,Before Mid-1,100.0,8.74,28.5,0,,,AA,1,Excellent
Mechanical Engineering,8,Automobile Engineering,After Mid-2,89.3,8.14,24.2,0,7.2,13.5,AB,1,Excellent
Electronics & Communication,2,Mathematics-2,After Mid-1,86.4,8.18,23.0,0,8.7,,AB,1,Excellent
Mechanical Engineering,2,Mathematics-2,After Mid-1,78.9,5.9,17.3,0,5.6,,BC,1,Good
Information Technology,6,Web Technology,After Mid-2,78.1,8.27,29.2,0,5.5,13.0,BB,1,Very Good
Electronics & Communication,8,Optical Communication,After Mid-1,71.3,7.64,21.0,0,7.1,,BB,1,Very Good
Civil Engineering,2,Mathematics-2,After Mid-2,86.8,7.26,20.6,0,5.5,10.8,BC,1,Good
Electronics & Communication,2,Environmental Sciences,After Mid-2,73.2,6.45,16.1,0,5.3,9.6,BC,1,Good
Civil Engineering,4,Transportation Engineering,Before Mid-1,90.5,9.22,21.8,0,,,AA,1,Excellent
Electronics & Communication,7,Project-1,After Mid-1,80.6,6.64,21.4,0,6.4,,BB,1,Very Good
Computer Engineering,3,Probability & Statistics,After Mid-2,95.2,8.15,24.0,0,6.9,14.6,AB,1,Excellent
Electronics & Communication,2,Mathematics-2,After Mid-2,82.1,5.09,20.4,3,4.4,9.5,DD,1,At Risk
Civil Engineering,5,Structural Analysis-2,After Mid-1,76.1,5.85,22.0,0,5.7,,CC,1,Average
Mechanical Engineering,3,Engineering Thermodynamics,After Mid-1,91.6,6.83,17.7,0,6.0,,BC,1,Good
Information Technology,4,Object Oriented Programming - Java,After Mid-2,78.3,6.69,20.2,1,7.3,12.9,BB,1,Very Good
Civil Engineering,4,Transportation Engineering,After Mid-2,91.1,7.23,20.4,0,5.9,13.6,BB,1,Very Good
Mechanical Engineering,1,Basic Mechanical Engineering,After Mid-2,100.0,8.67,21.8,0,10.0,20.0,AA,1,Excellent
Computer Engineering,7,Machine Learning,After Mid-2,84.3,8.63,25.5,0,8.1,15.5,AB,1,Excellent
Electrical Engineering,3,Electrical Measurements & Instrumentation,Before Mid-1,94.3,7.95,20.9,0,,,AB,1,Excellent
Electronics & Communication,5,Microcontroller & Applications,After Mid-2,71.4,6.03,23.9,1,6.0,11.7,BC,1,Good
Computer Engineering,3,Database Management Systems,Before Mid-1,82.4,7.21,24.1,0,,,BB,1,Very Good
Civil Engineering,1,Basic Civil Engineering,After Mid-2,94.8,7.91,20.0,0,7.5,14.5,AB,1,Excellent
Mechanical Engineering,2,Workshop Practices,After Mid-1,66.4,6.18,19.2,0,6.7,,BB,1,Very Good
Information Technology,8,Distributed Systems,After Mid-2,88.7,6.81,24.0,0,4.9,12.0,BC,1,Good
Information Technology,4,Operating System Concepts,After Mid-2,83.9,6.68,21.0,4,5.3,8.9,CD,1,Average
Civil Engineering,2,Programming for Problem Solving,Before Mid-1,73.2,6.2,21.5,1,,,BC,1,Good
Mechanical Engineering,8,Industrial Engineering,After Mid-2,87.7,8.14,28.3,0,7.4,16.1,AA,1,Excellent
Electrical Engineering,6,Power Electronics-1,After Mid-2,91.6,6.02,20.8,1,4.7,8.0,CC,1,Average
Electronics & Communication,2,Environmental Sciences,After Mid-2,81.8,7.61,23.4,0,8.8,20.0,AA,1,Excellent
Computer Engineering,7,Machine Learning,After Mid-1,74.2,4.14,14.1,1,2.6,,FF,0,At Risk
Computer Engineering,8,Project-2,After Mid-2,90.4,9.02,28.1,0,8.6,15.7,AA,1,Excellent
Civil Engineering,7,Project-1,After Mid-2,74.4,7.0,14.7,0,6.5,12.5,BB,1,Very Good
Electronics & Communication,8,Wireless Communication,After Mid-2,76.4,5.12,18.4,0,4.9,7.2,CC,1,Average
Civil Engineering,8,Earthquake Engineering,After Mid-1,84.8,6.54,20.5,0,4.7,,BC,1,Good
Information Technology,1,Basic Electrical Engineering,After Mid-1,89.0,7.58,27.6,2,6.2,,BC,1,Good
Electronics & Communication,4,Microprocessor & Interfacing,Before Mid-1,100.0,9.0,26.5,0,,,AA,1,Excellent
Electrical Engineering,2,Basic Electronics,After Mid-2,85.0,7.65,26.2,0,6.4,14.0,BB,1,Very Good
Civil Engineering,4,Concrete Technology,Before Mid-1,82.0,6.44,23.1,2,,,BC,1,Good
Civil Engineering,1,Engineering Graphics & Design,After Mid-2,90.1,7.3,22.5,0,6.5,14.2,BB,1,Very Good
Information Technology,7,Information Retrieval,Before Mid-1,91.0,6.34,23.3,1,,,BC,1,Good
Civil Engineering,1,Mathematics-1,After Mid-1,79.1,5.17,20.5,0,6.0,,BC,1,Good
Mechanical Engineering,3,Manufacturing Processes-1,After Mid-2,77.6,8.17,18.9,0,7.2,14.6,AB,1,Excellent
Computer Engineering,2,English,Before Mid-1,70.7,5.12,15.9,4,,,FF,0,At Risk
Electronics & Communication,6,Digital Signal Processing,After Mid-2,80.3,5.66,25.1,1,6.0,13.5,BC,1,Good
Electronics & Communication,8,Optical Communication,After Mid-1,79.1,8.58,29.4,0,7.8,,AB,1,Excellent
Information Technology,4,Computer Networks,Before Mid-1,77.4,8.78,21.8,0,,,AB,1,Excellent
Electrical Engineering,3,Electrical Measurements & Instrumentation,After Mid-2,79.6,5.79,16.2,0,7.2,13.9,BC,1,Good
Electrical Engineering,7,High Voltage Engineering,After Mid-2,83.8,7.6,19.6,3,7.7,13.6,BC,1,Good
Computer Engineering,5,Analysis & Design of Algorithms,After Mid-1,92.2,8.83,26.4,0,7.8,,AB,1,Excellent
Electrical Engineering,4,Electrical Machines-1,Before Mid-1,75.5,6.8,16.5,0,,,BC,1,Good
Civil Engineering,5,Structural Analysis-2,Before Mid-1,79.3,9.16,29.3,0,,,AB,1,Excellent
Computer Engineering,1,Basic Electrical Engineering,After Mid-2,85.1,10.0,22.3,0,9.0,15.9,AA,1,Excellent
Mechanical Engineering,8,Renewable Energy Engineering,After Mid-2,71.3,5.65,18.7,1,5.2,7.8,CC,1,Average
Information Technology,7,Project-1,After Mid-1,89.3,6.62,22.9,2,5.9,,BC,1,Good
Information Technology,7,Project-1,After Mid-2,76.7,4.99,16.1,1,4.0,8.3,CD,1,Average
Electronics & Communication,4,Analog Communication,After Mid-2,93.5,10.0,28.3,0,10.0,20.0,AA,1,Excellent
Information Technology,7,Project-1,After Mid-1,76.2,5.32,21.9,1,6.5,,BC,1,Good
Civil Engineering,5,Hydrology & Water Resources Engg,Before Mid-1,83.2,8.18,28.5,0,,,AB,1,Excellent
Electronics & Communication,4,Control Systems,Before Mid-1,69.1,5.67,20.3,0,,,CC,1,Average
Computer Engineering,7,Information & Network Security,Before Mid-1,70.3,5.56,19.5,0,,,CC,1,Average
Computer Engineering,7,Information & Network Security,After Mid-2,90.3,8.93,28.9,0,8.6,16.9,AB,1,Excellent
Mechanical Engineering,6,Design of Machine Elements,Before Mid-1,68.2,5.72,20.3,3,,,DD,1,At Risk
Electrical Engineering,5,Microprocessor & Microcontroller,After Mid-1,75.2,6.33,15.7,0,6.2,,BC,1,Good
Electronics & Communication,5,Microcontroller & Applications,After Mid-1,100.0,9.91,31.2,0,8.2,,AA,1,Excellent
Electronics & Communication,3,Signals & Systems,Before Mid-1,96.7,7.88,19.3,0,,,BB,1,Very Good
Mechanical Engineering,5,Dynamics of Machinery,After Mid-1,68.1,5.55,16.9,0,3.2,,CC,1,Average
Electronics & Communication,7,Satellite Communication,Before Mid-1,76.6,6.55,24.1,0,,,BB,1,Very Good
Mechanical Engineering,7,Computer Aided Manufacturing (CAM),After Mid-2,88.2,7.92,25.2,0,7.0,16.7,AB,1,Excellent
Civil Engineering,6,Foundation Engineering,After Mid-2,82.2,7.11,24.1,0,5.6,11.7,BB,1,Very Good
Mechanical Engineering,8,Renewable Energy Engineering,Before Mid-1,91.0,7.71,29.0,0,,,AB,1,Excellent
Civil Engineering,7,Irrigation Engineering,After Mid-2,85.3,7.38,24.8,0,6.9,15.4,AB,1,Excellent
Computer Engineering,8,Internet of Things,After Mid-1,76.7,7.25,19.8,0,7.4,,BB,1,Very Good
Computer Engineering,2,Mathematics-2,After Mid-2,83.1,7.54,26.4,1,6.7,14.0,BB,1,Very Good
Civil Engineering,5,Structural Analysis-2,After Mid-1,87.1,6.31,19.5,0,4.5,,BC,1,Good
Information Technology,8,Big Data Analytics,After Mid-2,71.1,6.28,14.3,0,5.5,8.0,CC,1,Average
Electrical Engineering,3,Electrical Circuit Analysis,After Mid-2,99.1,8.95,28.7,0,9.1,18.3,AA,1,Excellent
Civil Engineering,4,Concrete Technology,Before Mid-1,83.0,7.51,24.9,0,,,BB,1,Very Good
Mechanical Engineering,2,Mathematics-2,After Mid-1,73.5,4.49,14.5,1,2.2,,FF,0,At Risk
Civil Engineering,1,Mathematics-1,After Mid-2,85.4,6.51,22.3,0,6.4,14.5,BB,1,Very Good
Information Technology,2,Mathematics-2,After Mid-2,70.9,6.58,15.0,0,5.2,10.1,BC,1,Good
Mechanical Engineering,7,Refrigeration & Air Conditioning,After Mid-2,83.9,7.8,26.9,0,8.1,15.2,AB,1,Excellent
Information Technology,5,Computer Networks,After Mid-2,87.9,7.32,23.6,0,6.6,14.6,AB,1,Excellent
Civil Engineering,3,Fluid Mechanics,After Mid-1,86.8,7.51,13.4,0,9.2,,BB,1,Very Good
Mechanical Engineering,3,Kinematics of Machines,After Mid-1,92.1,7.85,27.3,0,7.1,,AB,1,Excellent
Information Technology,5,Software Engineering,After Mid-2,69.8,6.12,21.2,4,5.2,7.8,DD,1,At Risk
Information Technology,1,Engineering Graphics & Design,Before Mid-1,77.0,5.84,20.0,1,,,CC,1,Average
Computer Engineering,2,Programming for Problem Solving,After Mid-1,82.5,6.34,22.3,0,6.1,,BB,1,Very Good
Electrical Engineering,7,Smart Grid Technology,After Mid-1,80.6,5.6,14.6,0,5.7,,BC,1,Good
Electronics & Communication,2,Programming for Problem Solving,Before Mid-1,94.0,7.66,29.3,0,,,AA,1,Excellent
Information Technology,7,Project-1,After Mid-1,96.5,8.46,20.2,0,6.8,,AB,1,Excellent
Electrical Engineering,3,Analog Electronics,After Mid-1,86.0,9.17,27.4,0,9.0,,AA,1,Excellent
Electronics & Communication,8,Wireless Communication,Before Mid-1,77.7,5.54,20.8,0,,,BC,1,Good
Mechanical Engineering,4,Manufacturing Processes-2,After Mid-2,82.9,6.44,19.3,0,6.1,10.1,BC,1,Good
Information Technology,4,Database Management Systems,Before Mid-1,82.8,6.55,24.5,0,,,BB,1,Very Good
Electrical Engineering,3,Analog Electronics,Before Mid-1,84.3,8.47,25.6,0,,,AB,1,Excellent
Information Technology,3,Data Structures,After Mid-2,82.4,5.71,17.3,1,2.9,6.3,CD,1,Average
Electrical Engineering,4,Digital Electronics,Before Mid-1,79.8,6.63,21.5,1,,,CC,1,Average
Computer Engineering,5,Cyber Security,Before Mid-1,77.0,5.44,15.0,1,,,BC,1,Good
Electrical Engineering,5,Electrical Power System-1,Before Mid-1,86.9,7.12,20.6,1,,,BC,1,Good
Computer Engineering,5,Cyber Security,After Mid-2,84.4,6.13,9.5,1,5.3,9.2,CC,1,Average
Electronics & Communication,2,Environmental Sciences,Before Mid-1,84.4,6.25,19.5,0,,,BB,1,Very Good
Electronics & Communication,2,Programming for Problem Solving,After Mid-1,99.6,8.33,22.0,0,8.8,,AB,1,Excellent
Electrical Engineering,2,Mathematics-2,Before Mid-1,98.0,7.8,29.9,0,,,AB,1,Excellent
Mechanical Engineering,4,Fluid Mechanics & Hydraulic Machines,After Mid-1,68.5,6.45,19.2,0,5.2,,BC,1,Good
Mechanical Engineering,8,Automobile Engineering,After Mid-1,84.8,7.67,24.9,0,5.2,,BB,1,Very Good
Computer Engineering,1,Mathematics-1,After Mid-2,64.7,6.91,19.7,0,8.0,15.9,BB,1,Very Good
Electrical Engineering,8,Power Quality & Management,Before Mid-1,85.2,7.96,25.0,0,,,AA,1,Excellent
Electrical Engineering,5,Electrical Machines-2,After Mid-2,82.0,7.47,20.3,0,4.6,11.5,BC,1,Good
Electrical Engineering,4,Electromagnetic Field Theory,After Mid-1,60.0,5.53,15.2,0,4.3,,CD,1,Average
Information Technology,3,Effective Technical Communication,After Mid-1,78.5,7.36,20.3,0,7.3,,BB,1,Very Good
Computer Engineering,7,Machine Learning,Before Mid-1,86.8,9.36,28.7,0,,,AB,1,Excellent
Mechanical Engineering,3,Manufacturing Processes-1,After Mid-2,75.9,6.26,22.1,2,6.3,11.6,BC,1,Good
Electronics & Communication,2,Mathematics-2,Before Mid-1,88.5,7.07,20.4,1,,,BC,1,Good
Computer Engineering,7,Cloud Computing,Before Mid-1,89.2,8.17,20.9,0,,,BB,1,Very Good
Electrical Engineering,6,Power Electronics-1,After Mid-2,78.1,5.9,16.1,1,4.9,8.8,CC,1,Average
Computer Engineering,3,Database Management Systems,Before Mid-1,92.8,10.0,27.8,1,,,AA,1,Excellent
Mechanical Engineering,4,Mechanical Measurement & Metrology,After Mid-2,91.8,7.62,21.8,0,7.5,12.7,AB,1,Excellent
Civil Engineering,1,Engineering Graphics & Design,After Mid-2,76.9,6.36,21.1,3,3.8,5.1,DD,1,At Risk
Electronics & Communication,1,Basic Electronics,Before Mid-1,93.1,6.39,21.1,2,,,CC,1,Average
Civil Engineering,2,Mathematics-2,After Mid-2,91.3,7.91,21.9,1,5.9,12.2,BC,1,Good
Computer Engineering,1,Engineering Graphics & Design,Before Mid-1,90.0,7.95,21.1,0,,,AA,1,Excellent
Electrical Engineering,1,Physics,After Mid-1,78.2,6.94,24.6,0,7.7,,BB,1,Very Good
Computer Engineering,3,Effective Technical Communication,After Mid-2,72.6,5.13,21.4,4,4.7,11.0,DD,1,At Risk
Electronics & Communication,7,Satellite Communication,Before Mid-1,90.4,5.58,16.8,2,,,CD,1,Average
Computer Engineering,3,Effective Technical Communication,After Mid-1,84.2,7.69,22.2,0,8.5,,AA,1,Excellent
Electrical Engineering,8,E-Vehicle Technology,After Mid-2,72.9,5.89,17.7,1,5.7,9.0,CC,1,Average
Information Technology,6,Web Technology,After Mid-2,62.0,7.11,21.5,0,7.0,13.7,BB,1,Very Good
Civil Engineering,2,Environmental Sciences,After Mid-1,92.7,8.89,27.4,0,8.9,,AA,1,Excellent
Computer Engineering,8,Internet of Things,After Mid-2,78.4,6.36,29.3,2,7.2,16.7,BB,1,Very Good
Information Technology,6,Cyber Security & Laws,After Mid-1,83.9,7.93,21.1,0,7.8,,AB,1,Excellent
Civil Engineering,5,Hydrology & Water Resources Engg,Before Mid-1,71.5,6.86,21.7,0,,,BB,1,Very Good
Information Technology,2,Physics,After Mid-2,68.0,4.25,15.2,4,2.5,5.7,FF,0,At Risk
Information Technology,3,Effective Technical Communication,After Mid-2,74.8,6.46,19.1,0,7.0,13.7,BB,1,Very Good
Civil Engineering,8,Construction Project Management,Before Mid-1,92.0,7.53,19.4,0,,,BB,1,Very Good
Electrical Engineering,2,Basic Electronics,After Mid-2,79.8,10.0,32.8,0,8.9,19.4,AA,1,Excellent
Computer Engineering,2,English,After Mid-1,96.6,9.06,25.0,0,9.4,,AA,1,Excellent
Information Technology,7,Information Retrieval,After Mid-1,81.4,5.76,20.9,0,5.5,,BC,1,Good
Mechanical Engineering,8,Automobile Engineering,After Mid-1,93.0,6.83,16.8,0,6.9,,BC,1,Good
Civil Engineering,4,Concrete Technology,After Mid-2,76.9,6.89,15.9,0,5.4,9.7,BC,1,Good
Civil Engineering,1,Engineering Graphics & Design,After Mid-2,74.1,4.63,17.3,5,2.8,2.4,FF,0,At Risk
Computer Engineering,8,Internet of Things,After Mid-1,77.2,8.1,26.2,0,7.8,,AB,1,Excellent
Computer Engineering,6,Agile Software Development,After Mid-2,99.9,6.45,17.3,0,8.4,20.0,AB,1,Excellent
Computer Engineering,6,Theory of Computation,After Mid-1,69.6,6.77,21.4,0,6.6,,BC,1,Good
Civil Engineering,1,Engineering Graphics & Design,After Mid-1,80.5,6.6,19.9,1,6.2,,BC,1,Good
Electrical Engineering,6,Testing & Maintenance of Electrical Equipment,After Mid-2,64.7,5.48,20.8,1,4.8,8.6,CC,1,Average
Computer Engineering,3,Digital Fundamentals,After Mid-1,72.4,5.33,16.1,0,4.0,,CC,1,Average
Electronics & Communication,1,Physics,Before Mid-1,92.5,9.18,25.8,0,,,AB,1,Excellent
Electronics & Communication,1,Physics,After Mid-1,87.4,6.2,16.9,3,2.4,,FF,0,At Risk
Civil Engineering,3,Building Construction & Materials,After Mid-2,80.5,7.3,26.3,1,6.5,14.4,BB,1,Very Good
Mechanical Engineering,4,Manufacturing Processes-2,After Mid-1,82.4,6.64,24.0,0,7.1,,BB,1,Very Good
Computer Engineering,1,Mathematics-1,Before Mid-1,86.2,6.35,20.7,2,,,CC,1,Average
Information Technology,2,Programming for Problem Solving,After Mid-2,80.7,7.26,19.7,0,7.2,13.3,BB,1,Very Good
Electronics & Communication,8,Project-2,After Mid-1,77.4,7.21,19.9,0,7.5,,BB,1,Very Good
Electrical Engineering,2,Basic Electronics,After Mid-2,89.6,7.56,26.8,0,6.8,14.3,BB,1,Very Good
Computer Engineering,3,Database Management Systems,After Mid-1,82.9,4.44,15.6,3,4.6,,DD,1,At Risk
Information Technology,7,Mobile Application Development,After Mid-2,88.8,6.72,21.7,0,7.1,15.8,BB,1,Very Good
Information Technology,4,Database Management Systems,Before Mid-1,86.2,6.48,20.1,1,,,BC,1,Good
Electronics & Communication,2,Mathematics-2,After Mid-2,62.9,5.95,23.5,0,5.7,11.4,BC,1,Good
Civil Engineering,1,Mathematics-1,Before Mid-1,92.6,6.46,16.2,1,,,BB,1,Very Good
Civil Engineering,8,Project-2,Before Mid-1,85.7,8.91,22.8,0,,,AB,1,Excellent
Electrical Engineering,4,Digital Electronics,After Mid-1,82.7,6.74,26.4,0,5.4,,BB,1,Very Good
Electronics & Communication,8,Wireless Communication,Before Mid-1,71.2,4.87,15.4,4,,,FF,0,At Risk
Electronics & Communication,4,Analog Communication,After Mid-1,87.2,9.96,18.9,1,10.0,,AA,1,Excellent
Electronics & Communication,6,Digital Signal Processing,After Mid-1,80.6,6.04,19.7,0,6.4,,BC,1,Good
Mechanical Engineering,2,Programming for Problem Solving,After Mid-2,83.7,7.78,22.8,0,8.3,15.4,AB,1,Excellent
Electronics & Communication,2,Engineering Graphics & Design,Before Mid-1,95.5,9.0,26.8,0,,,AA,1,Excellent
Mechanical Engineering,3,Kinematics of Machines,Before Mid-1,78.5,6.63,23.6,1,,,CC,1,Average
Mechanical Engineering,8,Renewable Energy Engineering,After Mid-2,79.9,6.06,24.4,0,6.0,12.8,BB,1,Very Good
Computer Engineering,4,Computer Organization & Architecture,After Mid-1,91.8,8.36,22.4,0,7.3,,BB,1,Very Good
Information Technology,8,Project-2,Before Mid-1,100.0,9.11,19.2,0,,,AA,1,Excellent
Mechanical Engineering,6,Operations Research,After Mid-1,99.1,8.09,29.8,0,6.2,,AB,1,Excellent
Civil Engineering,1,Basic Civil Engineering,After Mid-2,76.3,6.25,16.8,0,6.9,14.6,BB,1,Very Good
Information Technology,2,Programming for Problem Solving,After Mid-1,82.5,6.4,16.1,0,6.4,,BC,1,Good
Mechanical Engineering,5,Dynamics of Machinery,After Mid-1,93.9,9.09,27.0,0,9.1,,AB,1,Excellent
Mechanical Engineering,3,Kinematics of Machines,After Mid-1,78.1,7.04,22.9,0,5.6,,BC,1,Good
Information Technology,8,Distributed Systems,After Mid-2,84.2,5.55,19.5,0,5.6,11.6,BC,1,Good
Electrical Engineering,7,Smart Grid Technology,After Mid-1,81.9,7.51,20.7,0,6.5,,BB,1,Very Good
Electrical Engineering,6,Electrical Switchgear & Protection,After Mid-2,84.0,6.31,18.2,0,4.1,9.4,CC,1,Average
Electrical Engineering,7,Project-1,After Mid-2,75.7,7.7,25.1,0,6.4,12.6,BB,1,Very Good
Computer Engineering,5,Professional Ethics & Human Values,After Mid-2,94.8,8.69,26.3,0,7.7,18.4,AA,1,Excellent
Mechanical Engineering,4,Manufacturing Processes-2,After Mid-2,83.6,7.1,20.5,0,8.9,16.8,AB,1,Excellent
Electrical Engineering,2,Basic Electronics,After Mid-2,87.8,6.99,17.4,0,8.3,17.8,AB,1,Excellent
Electronics & Communication,1,Basic Electrical Engineering,After Mid-2,100.0,10.0,26.9,0,8.0,16.2,AA,1,Excellent
Electronics & Communication,8,Wireless Communication,Before Mid-1,94.9,7.7,19.6,0,,,AB,1,Excellent
Computer Engineering,4,Operating System,After Mid-2,82.8,7.25,28.6,0,7.1,12.3,BB,1,Very Good
Electrical Engineering,7,Project-1,After Mid-2,95.1,7.45,21.4,0,6.2,11.5,BB,1,Very Good
Electrical Engineering,4,Electrical Machines-1,After Mid-2,100.0,8.85,26.9,1,9.1,15.2,AB,1,Excellent
Computer Engineering,7,Cloud Computing,After Mid-1,94.8,8.07,16.8,0,9.0,,AB,1,Excellent
Information Technology,2,English,Before Mid-1,84.9,7.78,22.0,0,,,AB,1,Excellent
Computer Engineering,8,Big Data Analytics,Before Mid-1,78.6,7.74,28.1,0,,,AB,1,Excellent
Mechanical Engineering,8,Renewable Energy Engineering,Before Mid-1,92.8,6.12,19.3,1,,,BC,1,Good
Electronics & Communication,5,Microcontroller & Applications,Before Mid-1,77.2,6.17,20.7,1,,,BC,1,Good
Electronics & Communication,1,Mathematics-1,After Mid-2,83.5,6.35,20.4,0,6.4,14.0,BB,1,Very Good
Electronics & Communication,2,Mathematics-2,After Mid-1,64.1,6.75,16.2,0,5.0,,CC,1,Average
Mechanical Engineering,8,Project-2,After Mid-1,89.8,7.65,20.0,0,5.7,,BB,1,Very Good
Information Technology,5,Software Engineering,After Mid-2,87.3,7.58,24.2,0,7.6,15.0,AB,1,Excellent
Information Technology,6,Data Warehousing & Mining,After Mid-1,87.4,5.63,24.7,1,6.7,,BC,1,Good
Information Technology,7,Project-1,Before Mid-1,74.3,7.44,19.5,0,,,BB,1,Very Good
Computer Engineering,5,Professional Ethics & Human Values,After Mid-2,75.6,6.52,23.1,0,5.2,12.0,BB,1,Very Good
Information Technology,1,Environmental Sciences,After Mid-1,81.2,8.04,23.9,0,7.7,,AB,1,Excellent
Civil Engineering,7,Project-1,After Mid-1,79.2,6.41,16.1,0,5.9,,BB,1,Very Good
Electrical Engineering,3,Electrical Measurements & Instrumentation,After Mid-2,86.5,7.54,22.8,0,7.9,15.6,AB,1,Excellent
Mechanical Engineering,4,Mechanical Measurement & Metrology,After Mid-2,80.3,7.1,19.1,0,7.7,14.7,BB,1,Very Good
Mechanical Engineering,1,Basic Mechanical Engineering,After Mid-1,78.5,6.73,19.4,0,5.8,,BB,1,Very Good
Electronics & Communication,5,Integrated Circuits & Applications,After Mid-2,76.3,6.34,22.6,0,6.4,13.8,BB,1,Very Good
Computer Engineering,5,Analysis & Design of Algorithms,Before Mid-1,86.3,6.23,26.6,3,,,CC,1,Average
Information Technology,6,Cyber Security & Laws,After Mid-1,78.9,6.88,20.0,1,6.4,,BB,1,Very Good
Electrical Engineering,7,Smart Grid Technology,Before Mid-1,88.2,8.28,25.9,0,,,AB,1,Excellent
Computer Engineering,4,Object Oriented Programming - C++,After Mid-2,77.7,7.26,19.3,0,6.9,12.6,BB,1,Very Good
Mechanical Engineering,2,Programming for Problem Solving,Before Mid-1,78.9,7.83,24.4,1,,,BB,1,Very Good
Electronics & Communication,2,Programming for Problem Solving,After Mid-1,79.1,7.27,19.4,0,6.6,,BB,1,Very Good
Mechanical Engineering,1,Mathematics-1,After Mid-2,77.5,6.37,17.2,0,8.0,13.4,BB,1,Very Good
Civil Engineering,5,Hydrology & Water Resources Engg,After Mid-2,82.6,8.93,29.7,0,8.6,15.8,AA,1,Excellent
Electronics & Communication,8,Radar & Navigational Aids,After Mid-1,92.6,10.0,27.9,0,10.0,,AA,1,Excellent
Information Technology,4,Object Oriented Programming - Java,After Mid-2,79.3,7.55,26.1,0,6.4,11.8,BB,1,Very Good
Information Technology,4,Operating System Concepts,After Mid-1,78.7,5.48,19.8,1,4.1,,CC,1,Average
Mechanical Engineering,1,Physics,Before Mid-1,67.6,4.86,15.2,2,,,DD,1,At Risk
Computer Engineering,8,Internet of Things,Before Mid-1,80.1,5.06,14.6,0,,,BC,1,Good
Electronics & Communication,8,Radar & Navigational Aids,After Mid-1,98.1,7.06,19.7,1,6.9,,BB,1,Very Good
Information Technology,5,Formal Languages & Automata Theory,After Mid-1,84.0,5.8,16.8,6,4.2,,FF,0,At Risk
Electronics & Communication,7,Satellite Communication,After Mid-1,92.0,7.56,20.4,1,6.0,,BC,1,Good
Computer Engineering,2,Workshop/Manufacturing Practices,Before Mid-1,83.6,7.85,22.2,1,,,AB,1,Excellent
Information Technology,5,Python Programming,After Mid-2,93.9,7.69,21.6,0,6.8,16.4,AB,1,Excellent
Civil Engineering,8,Bridge Engineering,After Mid-2,81.2,8.34,27.1,0,8.2,16.2,AB,1,Excellent
Electrical Engineering,2,Engineering Graphics & Design,After Mid-1,81.7,6.28,21.5,0,6.0,,BB,1,Very Good
Electronics & Communication,6,VLSI Design,Before Mid-1,84.8,6.05,14.6,0,,,BC,1,Good
Mechanical Engineering,5,Internal Combustion Engines,Before Mid-1,88.0,6.94,14.9,0,,,BB,1,Very Good
Information Technology,5,Computer Networks,After Mid-1,78.4,7.84,21.1,0,7.7,,BB,1,Very Good
Electrical Engineering,1,Physics,After Mid-2,77.9,6.6,18.1,0,5.5,10.5,BC,1,Good
Computer Engineering,1,Environmental Sciences,After Mid-1,91.1,8.16,17.1,0,8.7,,AB,1,Excellent
Information Technology,7,Data Mining & Business Intelligence,After Mid-2,76.6,6.13,24.5,3,4.5,8.0,CD,1,Average
Electronics & Communication,8,Project-2,After Mid-1,77.1,4.52,13.8,0,4.7,,CC,1,Average
Electronics & Communication,2,Programming for Problem Solving,Before Mid-1,87.5,6.7,23.3,0,,,BB,1,Very Good
Information Technology,6,Data Warehousing & Mining,After Mid-1,80.2,6.04,15.4,2,3.7,,CD,1,Average
Mechanical Engineering,2,Workshop Practices,Before Mid-1,84.8,6.25,18.2,1,,,BC,1,Good
Computer Engineering,3,Probability & Statistics,After Mid-2,82.0,8.2,22.9,0,6.8,14.4,AB,1,Excellent
Information Technology,2,English,After Mid-1,93.7,6.69,21.2,0,6.8,,BB,1,Very Good
Computer Engineering,2,Workshop/Manufacturing Practices,After Mid-1,97.7,8.3,22.0,0,9.6,,AA,1,Excellent
Information Technology,3,Effective Technical Communication,After Mid-2,69.9,6.1,19.9,1,5.6,11.2,BC,1,Good
Information Technology,4,Computer Networks,After Mid-2,86.2,7.53,24.9,0,6.4,11.8,BB,1,Very Good
Information Technology,7,Mobile Application Development,After Mid-1,71.3,6.48,20.5,2,5.8,,CC,1,Average
Civil Engineering,7,Highway & Traffic Engineering,After Mid-1,93.9,6.97,20.8,0,7.4,,BB,1,Very Good
Electronics & Communication,1,Basic Electronics,Before Mid-1,94.3,8.78,28.6,0,,,AA,1,Excellent
Computer Engineering,2,Programming for Problem Solving,After Mid-1,94.3,6.65,21.4,0,4.8,,BC,1,Good
Information Technology,2,Basic Electronics,After Mid-2,90.0,9.28,24.7,0,8.1,14.2,AB,1,Excellent
Information Technology,1,Mathematics-1,After Mid-1,77.0,6.07,18.8,0,5.4,,BC,1,Good
Information Technology,2,Programming for Problem Solving,After Mid-2,76.6,6.53,14.3,0,7.0,15.1,BB,1,Very Good
Information Technology,4,Operating System Concepts,Before Mid-1,91.3,5.85,16.4,0,,,CC,1,Average
Civil Engineering,1,Physics,After Mid-2,78.3,7.71,28.1,0,7.3,14.9,AB,1,Excellent
Computer Engineering,5,Cyber Security,After Mid-2,90.6,5.84,20.7,1,6.0,13.5,BC,1,Good
Information Technology,4,Object Oriented Programming - Java,After Mid-2,78.4,6.63,20.7,0,8.6,15.4,BB,1,Very Good
Electrical Engineering,8,Project-2,After Mid-2,75.9,6.97,23.3,0,5.9,11.2,BB,1,Very Good
Electronics & Communication,8,Radar & Navigational Aids,After Mid-1,87.7,7.25,21.1,0,7.4,,BB,1,Very Good
Electrical Engineering,3,Electrical Circuit Analysis,After Mid-2,100.0,8.43,21.8,1,6.4,12.4,BB,1,Very Good
Civil Engineering,1,Physics,After Mid-1,99.2,9.39,28.8,0,9.9,,AA,1,Excellent
Electrical Engineering,7,Project-1,Before Mid-1,79.0,6.47,16.9,4,,,DD,1,At Risk
Computer Engineering,4,Discrete Mathematics,After Mid-2,90.9,7.55,22.0,0,5.1,11.1,BC,1,Good
Computer Engineering,3,Digital Fundamentals,After Mid-2,98.3,8.54,18.6,0,8.7,14.9,AB,1,Excellent
Electronics & Communication,8,Optical Communication,After Mid-1,81.2,7.78,24.1,0,7.6,,AB,1,Excellent
Electrical Engineering,8,Project-2,After Mid-2,86.1,7.75,22.7,1,7.6,15.8,AB,1,Excellent
Electronics & Communication,5,Microcontroller & Applications,After Mid-1,93.3,8.27,20.2,0,8.5,,AB,1,Excellent
Electronics & Communication,2,Engineering Graphics & Design,After Mid-1,70.9,4.85,17.7,1,5.6,,CC,1,Average
Civil Engineering,7,Irrigation Engineering,Before Mid-1,68.7,4.01,18.4,6,,,FF,0,At Risk
Civil Engineering,7,Design of Reinforced Concrete Structures,After Mid-2,88.2,8.15,23.9,0,7.6,13.5,AB,1,Excellent
Electronics & Communication,2,Programming for Problem Solving,After Mid-1,94.6,7.89,23.9,0,6.5,,BB,1,Very Good
Computer Engineering,3,Digital Fundamentals,After Mid-2,75.9,5.06,21.0,0,5.5,9.9,BC,1,Good
Mechanical Engineering,7,Computer Aided Manufacturing (CAM),After Mid-2,87.8,6.42,23.8,6,5.5,11.6,DD,1,At Risk
Electrical Engineering,7,Electric Drives,After Mid-1,90.5,7.88,19.9,0,7.2,,BB,1,Very Good
Computer Engineering,2,English,After Mid-1,76.5,8.32,23.9,0,9.4,,AA,1,Excellent
Electronics & Communication,1,Basic Electronics,After Mid-2,100.0,7.91,27.7,0,7.4,14.0,AB,1,Excellent
Information Technology,6,Web Technology,After Mid-2,84.9,9.1,26.5,0,7.6,15.6,AB,1,Excellent
Civil Engineering,1,Basic Civil Engineering,After Mid-1,85.2,6.68,28.0,1,5.6,,BC,1,Good
Information Technology,2,Programming for Problem Solving,After Mid-2,72.5,7.21,25.7,0,6.9,15.0,BB,1,Very Good
Electronics & Communication,8,Wireless Communication,After Mid-2,94.9,8.76,26.3,0,7.9,15.8,AB,1,Excellent
Electronics & Communication,2,Engineering Graphics & Design,After Mid-2,79.0,7.16,29.5,1,7.1,15.7,BB,1,Very Good
Electronics & Communication,7,Project-1,After Mid-2,79.5,4.49,15.4,2,3.6,5.8,FF,0,At Risk
Information Technology,8,Big Data Analytics,After Mid-1,89.3,6.01,22.6,1,7.0,,BC,1,Good
Information Technology,1,Engineering Graphics & Design,After Mid-1,68.5,4.74,13.7,6,2.1,,FF,0,At Risk
Electrical Engineering,1,Physics,After Mid-2,79.4,8.95,32.4,0,7.4,14.3,AB,1,Excellent
Electronics & Communication,6,Digital Signal Processing,After Mid-1,74.9,5.7,20.7,1,3.7,,CD,1,Average
Electrical Engineering,5,Microprocessor & Microcontroller,Before Mid-1,66.2,5.25,19.5,2,,,CD,1,Average
Civil Engineering,4,Structural Analysis-1,After Mid-2,71.6,5.75,19.9,1,4.8,8.1,CD,1,Average
Electronics & Communication,2,Programming for Problem Solving,Before Mid-1,90.8,8.43,19.8,0,,,AB,1,Excellent
Information Technology,2,Mathematics-2,After Mid-2,79.4,6.43,29.0,0,5.9,12.2,BC,1,Good
Civil Engineering,1,Basic Civil Engineering,Before Mid-1,82.9,7.22,14.2,0,,,BC,1,Good
Information Technology,3,Digital Electronics,After Mid-1,91.0,9.33,22.9,0,8.3,,AA,1,Excellent
Electrical Engineering,6,Testing & Maintenance of Electrical Equipment,After Mid-2,78.7,6.28,24.5,1,4.8,10.0,BC,1,Good
Civil Engineering,1,Physics,Before Mid-1,87.9,7.9,23.8,0,,,AB,1,Excellent
Information Technology,4,Object Oriented Programming - Java,Before Mid-1,84.6,7.44,26.4,0,,,AB,1,Excellent
Mechanical Engineering,2,Mathematics-2,After Mid-2,87.2,7.69,20.5,0,8.4,15.0,AB,1,Excellent
Computer Engineering,5,Cyber Security,After Mid-1,80.8,6.59,24.0,0,7.1,,AB,1,Excellent
Electrical Engineering,6,Testing & Maintenance of Electrical Equipment,After Mid-1,84.5,6.04,25.5,1,5.8,,BC,1,Good
Information Technology,2,Programming for Problem Solving,After Mid-2,72.8,5.64,16.0,1,5.1,7.9,CC,1,Average
Computer Engineering,8,Big Data Analytics,After Mid-2,77.1,7.14,17.9,1,6.6,10.8,BC,1,Good
Information Technology,6,Mobile Computing,After Mid-2,86.7,7.01,21.0,0,6.7,13.8,BB,1,Very Good
Electronics & Communication,4,Analog Communication,After Mid-1,84.7,6.22,17.6,1,5.5,,CC,1,Average
Electronics & Communication,8,Optical Communication,Before Mid-1,76.9,6.02,14.6,2,,,CC,1,Average
Electrical Engineering,1,Physics,After Mid-2,90.5,6.56,20.6,0,7.2,12.1,BB,1,Very Good
Information Technology,4,Database Management Systems,After Mid-1,86.2,6.78,22.9,1,6.3,,BC,1,Good
Computer Engineering,5,Computer Networks,After Mid-1,81.8,6.85,19.8,0,6.5,,BB,1,Very Good
Computer Engineering,1,Physics,After Mid-2,86.3,8.33,20.5,0,7.0,10.9,BB,1,Very Good
Electronics & Communication,3,Network Theory,After Mid-1,79.4,9.25,24.6,0,8.4,,AB,1,Excellent
Electrical Engineering,1,Environmental Sciences,After Mid-2,94.3,6.35,20.4,0,5.7,9.5,BC,1,Good
Electronics & Communication,8,Radar & Navigational Aids,Before Mid-1,87.5,6.41,25.4,1,,,BC,1,Good
Civil Engineering,3,Building Construction & Materials,After Mid-1,78.6,5.73,17.2,0,6.4,,BC,1,Good
Mechanical Engineering,4,Applied Thermodynamics,After Mid-1,92.3,9.24,21.8,0,7.4,,AB,1,Excellent
Computer Engineering,5,Analysis & Design of Algorithms,Before Mid-1,81.6,7.83,23.4,0,,,AB,1,Excellent
Civil Engineering,2,Environmental Sciences,After Mid-1,77.8,7.01,21.2,0,7.0,,BB,1,Very Good
Computer Engineering,7,Project-1,After Mid-1,86.7,9.19,23.4,0,9.2,,AA,1,Excellent
Electronics & Communication,8,Project-2,Before Mid-1,83.6,7.16,19.9,0,,,BB,1,Very Good
Mechanical Engineering,1,Engineering Graphics & Design,After Mid-1,91.8,8.57,22.2,0,6.3,,BB,1,Very Good
Mechanical Engineering,7,Project-1,After Mid-2,79.3,4.64,19.5,2,5.1,11.8,CC,1,Average
Information Technology,5,Formal Languages & Automata Theory,Before Mid-1,71.1,5.39,13.9,0,,,CC,1,Average
Mechanical Engineering,4,Applied Thermodynamics,After Mid-1,84.6,5.5,16.4,1,3.6,,CC,1,Average
Information Technology,2,Basic Electronics,After Mid-2,75.2,5.25,18.4,0,4.7,9.6,CC,1,Average
Electronics & Communication,4,Microprocessor & Interfacing,After Mid-2,76.6,6.36,19.8,0,5.5,16.3,BC,1,Good
Computer Engineering,8,Internet of Things,Before Mid-1,86.4,8.26,16.6,0,,,AB,1,Excellent
Information Technology,5,Python Programming,Before Mid-1,78.1,6.88,27.2,0,,,AB,1,Excellent
Electronics & Communication,3,Signals & Systems,After Mid-2,84.1,7.05,22.6,0,7.8,15.6,BB,1,Very Good
Civil Engineering,3,Mechanics of Solids,After Mid-2,86.7,7.0,18.5,0,4.5,10.6,BC,1,Good
Information Technology,7,Data Mining & Business Intelligence,After Mid-1,80.7,5.34,12.8,2,4.0,,FF,0,At Risk
Information Technology,5,Software Engineering,After Mid-1,84.1,8.16,33.4,0,8.8,,AA,1,Excellent
Mechanical Engineering,4,Manufacturing Processes-2,After Mid-1,84.3,8.76,21.4,0,8.8,,AB,1,Excellent
Civil Engineering,8,Project-2,After Mid-2,72.7,6.47,19.9,0,7.2,14.1,BB,1,Very Good
Mechanical Engineering,8,Automobile Engineering,After Mid-1,77.9,7.94,22.3,0,9.2,,AB,1,Excellent
Information Technology,8,Project-2,After Mid-1,88.4,9.34,31.4,0,9.2,,AA,1,Excellent
Information Technology,7,Project-1,Before Mid-1,85.3,6.13,17.8,0,,,BC,1,Good
Computer Engineering,5,Software Engineering,After Mid-1,74.0,5.28,14.1,0,6.6,,BC,1,Good
Civil Engineering,4,Concrete Technology,After Mid-1,81.2,7.29,24.1,0,6.9,,BB,1,Very Good
Computer Engineering,7,Machine Learning,After Mid-2,91.2,6.69,24.2,0,6.6,11.7,BB,1,Very Good
Civil Engineering,3,Mechanics of Solids,After Mid-1,81.6,7.33,22.3,0,6.5,,BB,1,Very Good
Mechanical Engineering,1,Mathematics-1,After Mid-1,96.8,7.28,19.6,0,8.6,,AB,1,Excellent
Electrical Engineering,1,Basic Electrical Engineering,Before Mid-1,78.0,7.59,23.4,3,,,BC,1,Good
Civil Engineering,6,Design of Steel Structures,Before Mid-1,61.7,4.17,16.0,2,,,FF,0,At Risk
Computer Engineering,5,Cyber Security,After Mid-1,88.8,8.11,31.1,0,9.4,,AA,1,Excellent
Electronics & Communication,1,Basic Electrical Engineering,After Mid-1,75.7,6.08,14.2,2,5.0,,CD,1,Average
Electronics & Communication,5,Microcontroller & Applications,Before Mid-1,75.3,6.21,21.8,1,,,BC,1,Good
Information Technology,5,Software Engineering,After Mid-1,74.4,4.8,16.4,4,2.8,,FF,0,At Risk
Electronics & Communication,4,Microprocessor & Interfacing,After Mid-2,77.6,6.66,27.4,0,7.2,16.3,BB,1,Very Good
Electronics & Communication,4,Analog Communication,After Mid-1,77.1,6.35,25.5,0,5.4,,BC,1,Good
Information Technology,8,Internet of Things,After Mid-2,77.3,6.36,19.9,2,4.1,9.2,CD,1,Average
Civil Engineering,6,Foundation Engineering,After Mid-2,79.6,5.99,19.8,4,4.4,7.7,DD,1,At Risk
Civil Engineering,5,Soil Mechanics & Geotechnical Engg,After Mid-2,73.9,6.04,19.0,1,4.7,9.3,CC,1,Average
Electrical Engineering,1,Mathematics-1,After Mid-1,91.2,8.2,27.2,0,9.6,,AA,1,Excellent
Information Technology,8,Big Data Analytics,After Mid-1,99.8,7.6,21.1,3,6.5,,BC,1,Good
Civil Engineering,1,Engineering Graphics & Design,After Mid-2,87.5,7.27,25.3,0,8.0,15.6,AB,1,Excellent
Electrical Engineering,3,Electrical Circuit Analysis,After Mid-1,83.1,7.4,21.7,1,6.6,,BC,1,Good
Computer Engineering,2,Mathematics-2,After Mid-2,67.3,4.8,14.0,1,3.9,7.6,DD,1,At Risk
Information Technology,6,Mobile Computing,After Mid-2,87.2,6.12,20.0,1,6.2,8.5,BC,1,Good
Electronics & Communication,7,Microwave Engineering,After Mid-1,100.0,10.0,25.6,0,10.0,,AA,1,Excellent
Civil Engineering,1,Engineering Graphics & Design,After Mid-1,74.6,6.02,26.5,2,5.2,,BC,1,Good
Information Technology,1,Environmental Sciences,After Mid-1,84.8,9.64,26.9,1,10.0,,AA,1,Excellent
Civil Engineering,5,Structural Analysis-2,After Mid-2,78.7,7.06,20.8,0,5.3,8.6,BC,1,Good
Mechanical Engineering,3,Kinematics of Machines,After Mid-2,82.7,6.9,16.7,0,3.8,6.2,CC,1,Average
Electrical Engineering,8,Renewable Energy Sources,Before Mid-1,100.0,7.25,25.8,0,,,AB,1,Excellent
Electrical Engineering,5,Electrical Power System-1,After Mid-2,90.4,8.29,24.2,0,7.5,14.6,AB,1,Excellent
Electrical Engineering,4,Electrical Machines-1,After Mid-2,69.1,5.98,22.6,2,4.9,10.1,CD,1,Average
Mechanical Engineering,4,Applied Thermodynamics,Before Mid-1,80.0,7.45,14.6,0,,,BB,1,Very Good
Information Technology,4,Computer Networks,After Mid-2,81.2,7.33,19.4,0,6.0,12.8,BB,1,Very Good
Information Technology,3,Data Structures,After Mid-2,70.9,6.68,25.6,0,7.1,15.3,BB,1,Very Good
Computer Engineering,4,Computer Organization & Architecture,After Mid-2,96.8,7.87,25.9,1,6.7,10.8,BB,1,Very Good
Information Technology,1,Engineering Graphics & Design,After Mid-2,84.3,5.84,22.0,2,7.3,14.7,BC,1,Good
Electronics & Communication,2,Engineering Graphics & Design,After Mid-2,80.8,7.21,18.0,0,6.4,13.0,BB,1,Very Good
Computer Engineering,1,Mathematics-1,Before Mid-1,86.5,7.57,24.7,0,,,AB,1,Excellent
Electrical Engineering,1,Basic Electrical Engineering,After Mid-1,82.3,8.57,23.4,0,7.2,,AB,1,Excellent
Mechanical Engineering,8,Automobile Engineering,Before Mid-1,74.8,6.86,23.6,1,,,BC,1,Good
Mechanical Engineering,5,Heat Transfer,After Mid-2,96.6,8.8,27.5,0,7.4,14.0,AB,1,Excellent
Civil Engineering,5,Structural Analysis-2,After Mid-2,83.7,7.33,24.3,0,7.3,12.1,BB,1,Very Good
Computer Engineering,2,Programming for Problem Solving,Before Mid-1,78.5,6.1,19.0,2,,,CC,1,Average
Mechanical Engineering,8,Automobile Engineering,Before Mid-1,82.3,7.75,19.1,0,,,BB,1,Very Good
Electrical Engineering,4,Digital Electronics,After Mid-2,87.4,9.12,29.0,0,8.7,19.1,AA,1,Excellent
Information Technology,8,Internet of Things,After Mid-2,84.1,5.19,9.2,1,5.5,8.4,CC,1,Average
Electrical Engineering,3,Electrical Circuit Analysis,Before Mid-1,89.3,4.94,14.3,4,,,FF,0,At Risk
Mechanical Engineering,4,Mechanical Measurement & Metrology,After Mid-1,100.0,9.86,25.8,2,10.0,,AA,1,Excellent
Computer Engineering,5,Professional Ethics & Human Values,Before Mid-1,86.5,7.2,20.7,0,,,AB,1,Excellent
Electronics & Communication,2,Environmental Sciences,After Mid-2,90.6,8.21,24.9,0,9.3,16.9,AA,1,Excellent
Information Technology,4,Database Management Systems,After Mid-2,86.9,7.26,26.1,0,6.3,12.9,BB,1,Very Good
Mechanical Engineering,6,Design of Machine Elements,After Mid-2,82.6,5.75,18.5,2,5.1,11.8,CC,1,Average
Computer Engineering,6,Data Analysis & Visualization,Before Mid-1,89.7,7.26,18.4,0,,,BB,1,Very Good
Computer Engineering,5,Software Engineering,After Mid-2,69.1,8.31,30.3,0,6.9,15.4,AB,1,Excellent
Electrical Engineering,6,Power Electronics-1,After Mid-1,87.7,8.66,34.0,0,7.2,,AB,1,Excellent
Electronics & Communication,1,Physics,After Mid-2,86.7,8.27,24.4,0,6.8,14.8,AB,1,Excellent
Mechanical Engineering,6,Design of Machine Elements,After Mid-2,85.0,8.27,21.7,0,7.4,13.6,BB,1,Very Good
Computer Engineering,5,Computer Networks,After Mid-1,69.2,4.8,18.2,2,4.6,,DD,1,At Risk
Electrical Engineering,6,Electrical Switchgear & Protection,After Mid-1,89.2,8.46,24.2,0,8.5,,AA,1,Excellent
Civil Engineering,2,Programming for Problem Solving,Before Mid-1,69.1,6.77,18.2,1,,,BC,1,Good
Civil Engineering,2,Programming for Problem Solving,After Mid-1,79.1,6.22,17.8,3,6.1,,CC,1,Average
Computer Engineering,6,Theory of Computation,After Mid-2,86.6,5.92,15.3,0,4.4,8.3,CC,1,Average
Electrical Engineering,7,Project-1,Before Mid-1,80.3,4.53,17.5,1,,,CC,1,Average
Computer Engineering,3,Data Structures,After Mid-2,83.7,6.67,24.1,1,4.4,9.6,CC,1,Average
Information Technology,1,Mathematics-1,After Mid-1,85.5,7.53,24.7,0,7.3,,BB,1,Very Good
Civil Engineering,8,Project-2,After Mid-1,94.7,7.46,22.1,2,7.8,,BB,1,Very Good
Civil Engineering,2,Workshop Practices,After Mid-2,74.9,6.07,17.7,2,4.0,8.8,CC,1,Average
Information Technology,7,Information Retrieval,Before Mid-1,88.9,7.3,22.7,0,,,AB,1,Excellent
Civil Engineering,7,Project-1,Before Mid-1,90.1,7.68,19.8,0,,,AA,1,Excellent
Information Technology,8,Internet of Things,After Mid-2,100.0,10.0,25.8,0,8.9,16.6,AA,1,Excellent
Computer Engineering,5,Analysis & Design of Algorithms,After Mid-1,85.9,7.99,23.9,1,6.7,,BB,1,Very Good
Civil Engineering,7,Highway & Traffic Engineering,After Mid-2,84.3,4.19,17.6,1,2.9,7.3,DD,1,At Risk
Information Technology,2,Mathematics-2,After Mid-2,81.7,6.49,22.7,4,5.8,7.4,CD,1,Average
Electronics & Communication,5,Microcontroller & Applications,After Mid-2,74.6,6.03,18.6,0,6.0,14.9,BB,1,Very Good
Civil Engineering,8,Earthquake Engineering,After Mid-1,89.7,7.99,25.5,0,6.4,,BB,1,Very Good
Information Technology,5,Python Programming,Before Mid-1,95.3,8.49,31.6,0,,,AA,1,Excellent
Mechanical Engineering,2,Programming for Problem Solving,After Mid-1,84.9,8.4,19.2,0,7.8,,AB,1,Excellent
Civil Engineering,1,Physics,After Mid-1,91.5,6.23,22.7,1,5.8,,BC,1,Good
Computer Engineering,4,Operating System,After Mid-1,83.1,4.83,19.8,4,3.0,,FF,0,At Risk
Electronics & Communication,4,Microprocessor & Interfacing,After Mid-1,77.4,6.1,12.9,1,5.5,,CD,1,Average
Information Technology,8,Project-2,After Mid-1,87.6,5.78,16.9,0,6.7,,BC,1,Good
Civil Engineering,2,Workshop Practices,After Mid-2,95.9,7.63,21.7,0,8.4,17.3,AA,1,Excellent
Mechanical Engineering,1,Basic Mechanical Engineering,After Mid-2,67.2,5.58,19.2,3,5.7,11.7,CD,1,Average
Information Technology,7,Project-1,After Mid-1,71.9,5.58,26.3,0,5.2,,BB,1,Very Good
Computer Engineering,5,Computer Networks,After Mid-2,79.5,6.91,24.5,0,7.2,14.7,BB,1,Very Good
Civil Engineering,6,Foundation Engineering,Before Mid-1,82.8,6.93,18.1,0,,,BB,1,Very Good
Civil Engineering,5,Soil Mechanics & Geotechnical Engg,After Mid-2,87.3,9.71,27.9,0,8.0,13.8,AB,1,Excellent
Information Technology,8,Internet of Things,After Mid-1,92.8,7.95,24.4,4,6.8,,CC,1,Average
Civil Engineering,5,Structural Analysis-2,Before Mid-1,87.2,7.86,16.6,0,,,AB,1,Excellent
Computer Engineering,2,Mathematics-2,After Mid-2,85.0,7.54,19.1,4,5.5,8.9,CD,1,Average
Information Technology,4,Database Management Systems,After Mid-1,77.8,5.09,22.7,0,5.4,,BC,1,Good
Electrical Engineering,6,Testing & Maintenance of Electrical Equipment,After Mid-2,83.7,6.96,21.7,2,5.0,10.2,CC,1,Average
Civil Engineering,4,Concrete Technology,After Mid-2,73.3,6.27,11.4,1,5.5,9.8,CC,1,Average
Electrical Engineering,8,Renewable Energy Sources,After Mid-1,90.3,7.97,24.0,0,8.3,,AB,1,Excellent
Mechanical Engineering,7,Power Plant Engineering,After Mid-1,71.9,5.72,19.0,1,7.8,,BC,1,Good
Information Technology,6,Data Warehousing & Mining,Before Mid-1,90.0,10.0,25.1,0,,,AA,1,Excellent
Computer Engineering,4,Discrete Mathematics,Before Mid-1,80.3,6.93,22.5,0,,,BC,1,Good
Information Technology,2,Mathematics-2,After Mid-2,90.3,7.33,27.6,0,6.1,12.2,BB,1,Very Good
Electronics & Communication,5,Digital Communication,After Mid-2,89.7,8.32,28.0,0,7.6,14.1,AB,1,Excellent
Electrical Engineering,6,Testing & Maintenance of Electrical Equipment,After Mid-1,84.5,8.54,21.4,0,7.0,,BB,1,Very Good
Mechanical Engineering,1,Basic Mechanical Engineering,After Mid-1,81.6,6.62,20.1,0,5.9,,BB,1,Very Good
Computer Engineering,7,Project-1,Before Mid-1,94.2,7.22,16.0,1,,,BC,1,Good
Civil Engineering,4,Concrete Technology,Before Mid-1,86.0,8.14,24.1,0,,,AB,1,Excellent
Information Technology,6,Cyber Security & Laws,After Mid-1,73.3,5.64,22.0,0,6.1,,BB,1,Very Good
Electronics & Communication,5,Digital Communication,After Mid-2,73.2,5.57,13.2,1,4.4,7.8,CD,1,Average
Electrical Engineering,3,Analog Electronics,Before Mid-1,90.4,7.38,22.5,2,,,BC,1,Good
Mechanical Engineering,2,Mathematics-2,Before Mid-1,84.7,10.0,27.3,0,,,AA,1,Excellent
Civil Engineering,2,Environmental Sciences,After Mid-1,84.4,8.26,27.7,0,8.3,,AB,1,Excellent
Civil Engineering,8,Bridge Engineering,After Mid-2,79.5,7.66,23.2,0,6.4,14.5,BB,1,Very Good
Electronics & Communication,1,Mathematics-1,After Mid-1,76.0,6.36,20.1,1,5.3,,BC,1,Good
Electronics & Communication,6,VLSI Design,After Mid-2,77.2,6.98,17.3,0,7.0,12.2,BC,1,Good
Electrical Engineering,4,Electrical Machines-1,Before Mid-1,71.3,5.54,17.8,1,,,CD,1,Average
Civil Engineering,1,Engineering Graphics & Design,After Mid-2,80.7,7.89,23.5,0,7.5,14.9,AB,1,Excellent
Electronics & Communication,2,Environmental Sciences,After Mid-1,88.8,8.2,26.1,0,7.4,,AB,1,Excellent
Electronics & Communication,7,Project-1,After Mid-2,66.5,4.0,9.9,2,3.7,6.1,FF,0,At Risk
Computer Engineering,1,Environmental Sciences,After Mid-2,87.2,5.4,15.7,0,6.1,14.0,BB,1,Very Good
Information Technology,3,IT Infrastructure & Management,After Mid-1,84.2,8.34,25.6,0,8.0,,AB,1,Excellent
Electronics & Communication,5,Digital Communication,After Mid-1,69.7,6.65,22.7,1,5.9,,BC,1,Good
Electrical Engineering,1,Basic Electrical Engineering,Before Mid-1,85.7,9.1,23.1,0,,,AB,1,Excellent
Civil Engineering,6,Design of Steel Structures,Before Mid-1,75.0,8.37,23.1,0,,,BB,1,Very Good
Electronics & Communication,7,Satellite Communication,After Mid-2,80.2,7.26,15.5,0,7.1,15.7,BB,1,Very Good
Electrical Engineering,3,Electrical Measurements & Instrumentation,Before Mid-1,79.8,7.87,21.7,0,,,AB,1,Excellent
Computer Engineering,1,Physics,Before Mid-1,98.4,10.0,26.8,0,,,AA,1,Excellent
Computer Engineering,3,Database Management Systems,Before Mid-1,85.4,7.84,27.2,0,,,AB,1,Excellent
Electronics & Communication,4,Microprocessor & Interfacing,After Mid-1,84.3,6.87,18.7,0,6.6,,BB,1,Very Good
Civil Engineering,4,Transportation Engineering,Before Mid-1,88.9,7.46,19.9,0,,,BB,1,Very Good
Mechanical Engineering,6,Computer Aided Design (CAD),Before Mid-1,79.5,6.09,18.3,1,,,CC,1,Average
Computer Engineering,1,Mathematics-1,After Mid-2,98.5,9.88,30.1,0,9.3,17.2,AA,1,Excellent
Electronics & Communication,1,Basic Electronics,After Mid-2,86.3,8.51,21.6,0,7.2,13.3,AB,1,Excellent
Electronics & Communication,1,Physics,After Mid-2,79.2,6.0,15.2,1,4.7,7.1,CC,1,Average
Electronics & Communication,7,Microwave Engineering,After Mid-1,88.7,5.69,20.7,1,5.7,,BC,1,Good
Civil Engineering,8,Construction Project Management,After Mid-2,83.9,8.63,26.9,0,8.7,17.7,AA,1,Excellent
Electrical Engineering,2,Basic Electronics,After Mid-2,79.3,6.94,15.2,0,5.2,11.3,BC,1,Good
Civil Engineering,1,Engineering Graphics & Design,After Mid-1,78.1,7.31,21.6,0,7.3,,BB,1,Very Good
Electrical Engineering,7,Electric Drives,After Mid-1,86.9,9.54,26.7,0,8.1,,AB,1,Excellent
Computer Engineering,4,Principles of Economics & Management,After Mid-2,83.5,7.27,20.6,3,7.1,11.6,BC,1,Good
Civil Engineering,4,Structural Analysis-1,After Mid-2,79.2,6.89,16.4,0,7.7,10.1,BC,1,Good
Electrical Engineering,3,Electrical Measurements & Instrumentation,After Mid-2,86.5,8.24,23.7,0,8.0,15.9,AB,1,Excellent
Information Technology,5,Python Programming,After Mid-2,95.3,8.13,28.2,0,6.4,15.2,AB,1,Excellent
Civil Engineering,4,Structural Analysis-1,After Mid-1,88.1,9.05,31.3,0,8.4,,AB,1,Excellent
Electronics & Communication,6,Antenna & Wave Propagation,Before Mid-1,84.8,5.55,17.7,1,,,CC,1,Average
Electrical Engineering,2,Basic Electronics,Before Mid-1,80.8,7.46,12.3,0,,,BB,1,Very Good
Electronics & Communication,6,Antenna & Wave Propagation,After Mid-2,78.6,6.12,27.0,0,5.9,12.9,BB,1,Very Good
Mechanical Engineering,3,Material Science & Metallurgy,Before Mid-1,81.0,6.94,22.8,0,,,BB,1,Very Good
Civil Engineering,1,Basic Civil Engineering,After Mid-2,67.9,4.62,21.6,1,4.9,7.5,CC,1,Average
Civil Engineering,6,Foundation Engineering,After Mid-1,69.3,5.9,23.0,0,6.2,,BC,1,Good
Mechanical Engineering,6,Operations Research,After Mid-2,89.5,7.9,18.5,0,8.7,13.9,AB,1,Excellent
Computer Engineering,1,Environmental Sciences,After Mid-2,100.0,8.39,23.0,0,8.2,16.9,AA,1,Excellent
Computer Engineering,2,Mathematics-2,After Mid-1,70.9,5.87,19.2,0,3.3,,CC,1,Average
Electrical Engineering,5,Electrical Machines-2,After Mid-2,94.0,8.81,24.6,0,7.5,14.5,AB,1,Excellent
Electrical Engineering,8,Power Quality & Management,After Mid-1,86.6,7.88,23.6,0,7.7,,AB,1,Excellent
Mechanical Engineering,8,Industrial Engineering,After Mid-2,79.8,7.55,25.2,0,7.9,15.6,AB,1,Excellent
Computer Engineering,2,Programming for Problem Solving,After Mid-1,96.8,9.04,26.4,0,8.3,,AA,1,Excellent
Mechanical Engineering,6,Operations Research,Before Mid-1,100.0,9.08,29.1,0,,,AA,1,Excellent
Computer Engineering,7,Machine Learning,Before Mid-1,86.4,7.0,15.9,0,,,BB,1,Very Good
Computer Engineering,1,Engineering Graphics & Design,After Mid-1,67.6,4.05,13.6,3,2.8,,FF,0,At Risk
Information Technology,1,Environmental Sciences,After Mid-1,78.3,7.33,23.5,0,7.3,,BB,1,Very Good
Mechanical Engineering,7,Project-1,Before Mid-1,69.8,6.57,20.5,1,,,BB,1,Very Good
Civil Engineering,3,Surveying,After Mid-2,86.8,7.11,16.0,0,7.1,14.0,BB,1,Very Good
Civil Engineering,8,Project-2,Before Mid-1,86.7,6.35,19.6,1,,,BC,1,Good
Electrical Engineering,2,Mathematics-2,Before Mid-1,84.2,6.53,17.6,0,,,BC,1,Good
Electrical Engineering,7,High Voltage Engineering,Before Mid-1,90.4,9.33,24.3,0,,,AA,1,Excellent
Civil Engineering,5,Soil Mechanics & Geotechnical Engg,After Mid-1,74.7,6.0,20.4,1,6.7,,BC,1,Good
Mechanical Engineering,8,Project-2,After Mid-1,99.5,7.99,23.5,4,6.7,,BC,1,Good
Civil Engineering,7,Design of Reinforced Concrete Structures,Before Mid-1,73.8,6.58,19.9,0,,,BC,1,Good
Information Technology,6,Mobile Computing,Before Mid-1,79.3,5.69,15.8,0,,,BC,1,Good
Electrical Engineering,8,Power Quality & Management,After Mid-2,68.5,4.41,18.8,3,2.0,5.3,FF,0,At Risk
Electronics & Communication,8,Optical Communication,After Mid-1,90.7,7.28,23.2,0,7.8,,AB,1,Excellent
Civil Engineering,8,Construction Project Management,After Mid-1,88.4,8.74,22.9,0,8.1,,AB,1,Excellent
Electrical Engineering,3,Electrical Measurements & Instrumentation,After Mid-1,95.9,9.32,28.4,0,9.5,,AA,1,Excellent
Information Technology,7,Project-1,After Mid-1,83.8,5.71,17.3,2,4.0,,CD,1,Average
Information Technology,4,Computer Networks,After Mid-2,86.7,6.57,20.5,0,7.5,15.7,BB,1,Very Good
Computer Engineering,6,Agile Software Development,After Mid-2,92.8,10.0,28.3,0,10.0,20.0,AA,1,Excellent
Information Technology,4,Computer Networks,After Mid-1,80.8,8.51,27.6,0,8.0,,AB,1,Excellent
Electronics & Communication,7,Satellite Communication,Before Mid-1,100.0,7.94,26.0,0,,,AB,1,Excellent
Computer Engineering,8,Artificial Intelligence,After Mid-1,82.3,6.78,23.7,1,5.6,,BC,1,Good
Civil Engineering,8,Bridge Engineering,After Mid-2,87.3,7.99,23.7,0,6.5,12.3,BB,1,Very Good
Computer Engineering,5,Cyber Security,Before Mid-1,83.4,7.75,22.4,1,,,BB,1,Very Good
Electronics & Communication,8,Wireless Communication,After Mid-1,77.0,6.3,21.6,1,4.8,,CC,1,Average
Mechanical Engineering,1,Basic Mechanical Engineering,After Mid-2,88.8,7.52,19.6,0,7.3,16.0,BB,1,Very Good
Civil Engineering,5,Soil Mechanics & Geotechnical Engg,Before Mid-1,84.3,7.39,23.2,0,,,BC,1,Good
Mechanical Engineering,2,Mathematics-2,Before Mid-1,85.3,7.16,19.6,0,,,BC,1,Good
Mechanical Engineering,2,Programming for Problem Solving,Before Mid-1,80.9,5.77,20.4,6,,,FF,0,At Risk
Electronics & Communication,6,Digital Signal Processing,After Mid-1,70.3,6.81,21.0,0,5.2,,BC,1,Good
Civil Engineering,1,Basic Civil Engineering,After Mid-1,75.0,8.9,22.2,0,8.0,,AB,1,Excellent
Mechanical Engineering,1,Physics,After Mid-1,92.8,7.73,22.1,1,7.7,,BB,1,Very Good
Computer Engineering,4,Discrete Mathematics,After Mid-1,74.9,6.82,25.7,0,7.7,,BB,1,Very Good
Electronics & Communication,8,Wireless Communication,After Mid-1,89.8,8.62,27.4,0,8.2,,AB,1,Excellent
Electrical Engineering,4,Digital Electronics,After Mid-2,82.8,7.2,23.7,0,6.8,13.0,BB,1,Very Good
Computer Engineering,4,Operating System,Before Mid-1,79.5,7.78,21.2,0,,,BB,1,Very Good
Computer Engineering,4,Object Oriented Programming - C++,After Mid-2,86.2,6.0,15.6,2,3.7,6.4,CD,1,Average
Electrical Engineering,6,Electrical Switchgear & Protection,After Mid-2,93.2,8.15,15.9,0,7.3,12.9,BB,1,Very Good
Computer Engineering,2,English,Before Mid-1,97.3,9.57,27.3,0,,,AA,1,Excellent
Computer Engineering,5,Computer Networks,After Mid-1,99.3,8.4,20.6,0,7.3,,AB,1,Excellent
Mechanical Engineering,1,Mathematics-1,After Mid-2,90.3,8.33,21.2,0,8.0,14.9,AB,1,Excellent
Electronics & Communication,5,Integrated Circuits & Applications,Before Mid-1,78.9,6.74,22.3,0,,,BB,1,Very Good
Information Technology,6,Data Warehousing & Mining,After Mid-1,77.2,5.01,15.5,0,5.0,,CC,1,Average
Civil Engineering,4,Concrete Technology,After Mid-2,93.6,6.51,20.4,0,6.5,9.8,BB,1,Very Good
Civil Engineering,7,Design of Reinforced Concrete Structures,Before Mid-1,89.9,8.25,24.9,0,,,AB,1,Excellent
Computer Engineering,6,Theory of Computation,After Mid-1,84.5,8.15,21.0,0,7.4,,BB,1,Very Good
Information Technology,2,English,Before Mid-1,83.5,6.81,24.5,0,,,BB,1,Very Good
Electrical Engineering,7,High Voltage Engineering,After Mid-1,75.4,6.81,17.6,0,6.2,,BC,1,Good
Electrical Engineering,6,Power Electronics-1,Before Mid-1,96.9,9.12,31.4,0,,,AB,1,Excellent
Electronics & Communication,7,Microwave Engineering,After Mid-2,85.4,6.75,19.6,0,5.6,10.9,BC,1,Good
Computer Engineering,8,Big Data Analytics,After Mid-1,88.0,6.32,24.1,0,5.9,,BB,1,Very Good
Computer Engineering,6,Agile Software Development,After Mid-1,76.1,5.14,19.4,1,6.6,,BC,1,Good
Mechanical Engineering,8,Automobile Engineering,Before Mid-1,79.1,6.52,21.8,2,,,CD,1,Average
Electrical Engineering,2,Mathematics-2,Before Mid-1,81.6,7.88,32.8,0,,,AB,1,Excellent
Mechanical Engineering,3,Kinematics of Machines,Before Mid-1,93.0,8.85,25.3,1,,,AB,1,Excellent
Civil Engineering,2,Programming for Problem Solving,After Mid-2,83.0,5.93,24.7,1,5.9,14.1,BC,1,Good
Electronics & Communication,2,Mathematics-2,After Mid-2,89.8,8.02,26.6,0,8.2,14.8,AB,1,Excellent
Computer Engineering,8,Artificial Intelligence,Before Mid-1,92.3,7.54,25.1,0,,,BB,1,Very Good
Mechanical Engineering,7,Refrigeration & Air Conditioning,After Mid-1,94.3,6.13,23.6,0,6.1,,BB,1,Very Good
Electronics & Communication,2,Engineering Graphics & Design,Before Mid-1,67.1,5.74,19.2,0,,,BC,1,Good
Computer Engineering,7,Information & Network Security,After Mid-2,84.4,9.21,22.9,0,9.1,17.5,AA,1,Excellent
Mechanical Engineering,3,Material Science & Metallurgy,After Mid-1,96.0,7.62,21.4,1,7.4,,BB,1,Very Good
Civil Engineering,6,Design of Steel Structures,After Mid-2,76.8,8.08,23.0,0,6.3,11.6,BB,1,Very Good
Electronics & Communication,3,Signals & Systems,Before Mid-1,88.5,7.04,26.5,0,,,BB,1,Very Good
Electrical Engineering,7,High Voltage Engineering,After Mid-1,100.0,10.0,29.9,1,9.6,,AA,1,Excellent
Electrical Engineering,5,Microprocessor & Microcontroller,After Mid-2,97.2,6.72,20.6,0,7.8,14.8,AB,1,Excellent
Electrical Engineering,8,E-Vehicle Technology,After Mid-1,70.7,4.96,15.8,2,4.9,,CD,1,Average
Information Technology,6,Cyber Security & Laws,Before Mid-1,72.1,5.18,14.2,0,,,BC,1,Good
Electronics & Communication,5,Microcontroller & Applications,After Mid-2,79.3,8.24,25.0,1,6.6,14.3,BB,1,Very Good
Electrical Engineering,4,Electrical Machines-1,Before Mid-1,95.4,9.07,31.5,0,,,AA,1,Excellent
Information Technology,1,Environmental Sciences,After Mid-2,84.7,6.31,21.2,5,6.8,13.9,CC,1,Average
Electrical Engineering,7,Project-1,Before Mid-1,91.0,8.85,24.0,0,,,AA,1,Excellent
Electronics & Communication,6,VLSI Design,After Mid-2,92.0,8.57,21.7,0,7.8,16.1,AB,1,Excellent
Civil Engineering,7,Highway & Traffic Engineering,After Mid-1,81.2,4.47,17.6,1,4.4,,CD,1,Average
Computer Engineering,5,Software Engineering,After Mid-1,90.2,6.33,23.4,2,5.2,,CC,1,Average
Electrical Engineering,7,Project-1,After Mid-1,76.3,7.26,19.2,0,7.3,,BB,1,Very Good
Mechanical Engineering,1,Basic Mechanical Engineering,After Mid-2,95.9,7.43,18.6,0,6.7,11.3,BB,1,Very Good
Information Technology,6,Data Warehousing & Mining,Before Mid-1,82.0,6.64,21.2,0,,,BC,1,Good
Electrical Engineering,8,Renewable Energy Sources,After Mid-1,100.0,7.96,14.4,0,6.7,,BB,1,Very Good
Information Technology,5,Computer Networks,After Mid-1,81.6,6.44,17.8,4,6.4,,CC,1,Average
Electrical Engineering,7,Smart Grid Technology,After Mid-1,91.2,6.65,18.4,0,7.3,,BB,1,Very Good
Computer Engineering,8,Project-2,After Mid-1,84.4,7.48,22.3,0,6.2,,BB,1,Very Good
Mechanical Engineering,2,Programming for Problem Solving,After Mid-2,81.5,8.07,24.4,0,7.1,16.0,AB,1,Excellent
Mechanical Engineering,6,Production Technology,After Mid-1,80.8,6.79,20.6,0,7.1,,BB,1,Very Good
Mechanical Engineering,7,Computer Aided Manufacturing (CAM),After Mid-1,96.6,7.18,19.2,0,7.4,,BB,1,Very Good
Electrical Engineering,5,Electrical Machines-2,Before Mid-1,87.5,6.09,15.8,0,,,CC,1,Average
Electronics & Communication,7,Project-1,After Mid-2,78.2,7.95,23.5,0,8.2,15.8,AB,1,Excellent
Civil Engineering,3,Surveying,After Mid-2,76.3,5.48,15.1,2,2.3,5.7,DD,1,At Risk
Computer Engineering,5,Professional Ethics & Human Values,After Mid-2,96.3,9.76,29.0,0,8.8,20.0,AA,1,Excellent
Electrical Engineering,3,Electrical Measurements & Instrumentation,Before Mid-1,80.3,8.7,25.4,0,,,AB,1,Excellent
Information Technology,5,Python Programming,After Mid-2,76.2,6.09,20.6,0,5.5,12.7,BC,1,Good
Computer Engineering,1,Basic Electrical Engineering,Before Mid-1,88.8,8.16,22.3,0,,,AB,1,Excellent
Computer Engineering,5,Computer Networks,After Mid-1,85.3,6.83,25.2,0,5.5,,BB,1,Very Good
Computer Engineering,6,Theory of Computation,After Mid-2,77.4,5.12,23.5,1,4.6,8.8,CD,1,Average
Mechanical Engineering,1,Engineering Graphics & Design,After Mid-2,82.5,5.83,25.4,2,4.1,10.5,CC,1,Average
Computer Engineering,4,Operating System,After Mid-1,69.0,5.26,13.8,0,4.7,,CC,1,Average
Information Technology,3,Data Structures,After Mid-1,93.0,6.76,18.4,0,6.7,,BB,1,Very Good
Information Technology,6,Web Technology,After Mid-1,84.5,5.47,24.8,2,4.3,,CD,1,Average
Civil Engineering,2,Workshop Practices,Before Mid-1,81.5,7.08,20.1,0,,,BB,1,Very Good
Information Technology,4,Object Oriented Programming - Java,Before Mid-1,79.6,5.7,21.7,1,,,CC,1,Average
Computer Engineering,3,Effective Technical Communication,Before Mid-1,93.0,9.5,31.1,0,,,AA,1,Excellent
Electronics & Communication,2,Mathematics-2,After Mid-2,77.6,6.55,17.1,0,5.3,10.8,BC,1,Good
Computer Engineering,4,Object Oriented Programming - C++,Before Mid-1,94.0,7.11,23.0,1,,,BB,1,Very Good
Computer Engineering,4,Object Oriented Programming - C++,Before Mid-1,96.4,8.26,19.2,0,,,AB,1,Excellent
Information Technology,1,Mathematics-1,After Mid-1,84.5,8.03,31.5,0,8.9,,AB,1,Excellent
Computer Engineering,7,Information & Network Security,After Mid-1,90.5,7.49,18.7,0,6.8,,BB,1,Very Good
Computer Engineering,6,Data Analysis & Visualization,After Mid-1,86.6,9.43,27.3,0,8.5,,AB,1,Excellent
Civil Engineering,3,Mechanics of Solids,After Mid-2,72.4,5.01,18.3,0,3.7,7.2,CD,1,Average
Mechanical Engineering,4,Applied Thermodynamics,After Mid-2,90.1,7.18,25.9,1,6.4,13.6,BB,1,Very Good
Computer Engineering,3,Digital Fundamentals,After Mid-2,75.2,7.06,27.9,1,5.6,13.0,BC,1,Good
Civil Engineering,8,Project-2,Before Mid-1,91.4,9.69,30.1,0,,,AA,1,Excellent
Information Technology,2,Programming for Problem Solving,After Mid-1,85.0,7.38,17.0,0,8.4,,AB,1,Excellent
Information Technology,8,Project-2,After Mid-1,78.7,4.68,19.3,1,5.6,,CC,1,Average
Information Technology,7,Project-1,After Mid-2,81.6,6.28,25.1,1,5.8,12.4,BC,1,Good
Information Technology,4,Object Oriented Programming - Java,After Mid-1,74.5,8.35,19.9,0,8.8,,AB,1,Excellent
Computer Engineering,1,Engineering Graphics & Design,After Mid-2,79.1,6.06,15.6,2,5.8,11.3,CC,1,Average
Information Technology,7,Mobile Application Development,Before Mid-1,79.3,5.78,22.6,0,,,BC,1,Good
Information Technology,3,Effective Technical Communication,Before Mid-1,99.6,9.7,23.3,0,,,AA,1,Excellent
Computer Engineering,2,Workshop/Manufacturing Practices,After Mid-2,87.4,8.43,22.1,0,8.4,15.0,AB,1,Excellent
Civil Engineering,8,Bridge Engineering,Before Mid-1,81.8,6.3,22.8,0,,,BC,1,Good
Information Technology,7,Information Retrieval,Before Mid-1,74.9,6.59,19.4,0,,,BB,1,Very Good
Computer Engineering,7,Compiler Design,After Mid-2,75.1,5.65,23.6,2,4.1,6.9,DD,1,At Risk
Electronics & Communication,7,Microwave Engineering,After Mid-2,77.1,6.77,17.1,0,7.2,13.8,BB,1,Very Good
Civil Engineering,3,Mechanics of Solids,After Mid-1,80.8,8.63,26.7,0,8.9,,AA,1,Excellent
Electrical Engineering,4,Electrical Machines-1,After Mid-1,89.5,6.57,21.8,1,4.5,,CC,1,Average
Electronics & Communication,1,Basic Electrical Engineering,After Mid-1,73.6,5.18,14.4,0,4.6,,CC,1,Average
Civil Engineering,5,Structural Analysis-2,After Mid-1,86.8,6.96,20.8,1,6.9,,BC,1,Good
Mechanical Engineering,7,Project-1,After Mid-2,75.9,6.42,13.6,1,5.2,8.0,CC,1,Average
Computer Engineering,6,Web Technology,Before Mid-1,73.8,6.95,21.9,1,,,BB,1,Very Good
Mechanical Engineering,3,Material Science & Metallurgy,Before Mid-1,91.4,7.87,21.7,0,,,AB,1,Excellent
Computer Engineering,1,Mathematics-1,After Mid-1,74.9,6.35,22.7,0,6.5,,BB,1,Very Good
Information Technology,5,Computer Networks,After Mid-2,91.6,8.12,27.9,0,7.8,15.2,AB,1,Excellent
Electronics & Communication,5,Digital Communication,Before Mid-1,81.2,6.21,14.7,0,,,BC,1,Good
Information Technology,3,IT Infrastructure & Management,Before Mid-1,82.4,7.58,27.2,0,,,AB,1,Excellent
Mechanical Engineering,2,Workshop Practices,Before Mid-1,84.9,8.71,26.6,0,,,AA,1,Excellent
Electronics & Communication,6,VLSI Design,Before Mid-1,94.5,9.52,21.3,0,,,AA,1,Excellent
Computer Engineering,5,Cyber Security,After Mid-2,82.8,6.82,23.5,0,7.4,14.4,AB,1,Excellent
Electronics & Communication,6,Antenna & Wave Propagation,After Mid-2,79.4,6.55,19.5,0,6.4,12.3,BC,1,Good
Mechanical Engineering,4,Manufacturing Processes-2,After Mid-2,82.3,7.35,27.1,0,8.3,14.5,AB,1,Excellent
Information Technology,7,Mobile Application Development,Before Mid-1,89.7,6.8,17.8,0,,,BB,1,Very Good
Mechanical Engineering,8,Industrial Engineering,After Mid-2,74.8,7.48,24.6,1,8.1,16.2,AB,1,Excellent
Electronics & Communication,1,Physics,After Mid-1,85.9,7.42,20.3,0,6.8,,BB,1,Very Good
Computer Engineering,5,Software Engineering,Before Mid-1,61.2,5.71,15.3,1,,,DD,1,At Risk
Electrical Engineering,7,Project-1,After Mid-1,93.6,8.23,25.5,0,6.4,,AB,1,Excellent
Electrical Engineering,4,Digital Electronics,After Mid-1,71.0,7.18,20.3,0,7.0,,BB,1,Very Good
Electrical Engineering,7,Project-1,Before Mid-1,87.5,7.26,23.7,1,,,BB,1,Very Good
Information Technology,8,Project-2,After Mid-2,96.2,7.54,22.1,1,7.7,14.3,BB,1,Very Good
Information Technology,3,Digital Electronics,Before Mid-1,64.6,6.82,21.5,0,,,BC,1,Good
Mechanical Engineering,4,Manufacturing Processes-2,After Mid-2,91.6,8.65,22.1,0,7.7,16.7,AB,1,Excellent
Information Technology,4,Object Oriented Programming - Java,Before Mid-1,75.8,8.0,27.9,0,,,AB,1,Excellent
Electronics & Communication,3,Digital Electronics,After Mid-2,91.1,7.29,19.8,0,7.3,11.6,BB,1,Very Good
Electronics & Communication,7,Satellite Communication,Before Mid-1,80.0,8.25,22.3,0,,,AB,1,Excellent
Information Technology,4,Operating System Concepts,After Mid-2,78.7,4.0,7.7,2,5.0,8.5,FF,0,At Risk
Civil Engineering,2,Mathematics-2,After Mid-1,81.9,7.38,22.2,0,6.4,,BB,1,Very Good
Mechanical Engineering,7,Refrigeration & Air Conditioning,After Mid-1,84.0,7.66,26.1,0,6.8,,BB,1,Very Good
Computer Engineering,7,Compiler Design,Before Mid-1,76.6,7.75,18.8,0,,,BC,1,Good
Electronics & Communication,2,Engineering Graphics & Design,After Mid-2,73.2,5.91,21.5,1,5.0,10.7,CC,1,Average
Computer Engineering,8,Internet of Things,Before Mid-1,89.7,8.98,26.8,0,,,AB,1,Excellent
Information Technology,6,Cyber Security & Laws,After Mid-1,80.7,5.83,17.0,2,5.4,,CC,1,Average
Computer Engineering,1,Physics,After Mid-2,89.2,9.59,28.6,0,9.2,17.1,AA,1,Excellent
Computer Engineering,8,Internet of Things,Before Mid-1,74.7,6.81,19.2,0,,,BB,1,Very Good
Information Technology,2,Programming for Problem Solving,Before Mid-1,96.7,7.88,19.6,0,,,AB,1,Excellent
Computer Engineering,7,Cloud Computing,After Mid-2,91.5,8.4,18.9,0,10.0,20.0,AA,1,Excellent
Computer Engineering,3,Data Structures,After Mid-2,86.9,8.7,23.1,0,7.8,15.1,AB,1,Excellent
Electrical Engineering,8,Power Quality & Management,Before Mid-1,68.3,6.65,20.6,0,,,BC,1,Good
Computer Engineering,3,Data Structures,Before Mid-1,79.3,7.48,22.3,2,,,BC,1,Good
Information Technology,7,Mobile Application Development,Before Mid-1,88.4,5.62,13.2,1,,,CC,1,Average
Information Technology,1,Environmental Sciences,After Mid-1,82.8,8.75,25.3,0,7.0,,AB,1,Excellent
Information Technology,2,English,After Mid-2,77.7,6.39,25.1,1,6.2,13.1,BC,1,Good
Civil Engineering,1,Physics,After Mid-1,80.5,6.9,18.5,0,5.0,,BC,1,Good
Electrical Engineering,3,Analog Electronics,After Mid-2,80.7,7.32,18.5,0,6.7,13.3,BB,1,Very Good
Mechanical Engineering,5,Machine Design-1,After Mid-2,69.3,7.18,24.7,1,6.6,11.4,BC,1,Good
Computer Engineering,1,Basic Electrical Engineering,After Mid-2,86.3,8.54,25.2,0,10.0,20.0,AA,1,Excellent
Mechanical Engineering,7,Computer Aided Manufacturing (CAM),Before Mid-1,87.4,8.44,21.4,0,,,AB,1,Excellent
Electronics & Communication,8,Wireless Communication,After Mid-2,87.2,8.46,21.4,0,7.9,13.9,BB,1,Very Good
Computer Engineering,1,Basic Electrical Engineering,Before Mid-1,74.7,8.17,24.4,0,,,AB,1,Excellent
Electronics & Communication,8,Optical Communication,Before Mid-1,90.6,8.03,20.4,0,,,AB,1,Excellent
Computer Engineering,6,Advanced Java Programming,After Mid-1,83.3,6.79,24.4,0,5.4,,BB,1,Very Good
Computer Engineering,1,Engineering Graphics & Design,Before Mid-1,82.9,7.28,24.0,3,,,BC,1,Good
Mechanical Engineering,8,Industrial Engineering,Before Mid-1,97.8,9.09,26.7,0,,,AA,1,Excellent
Electrical Engineering,6,Testing & Maintenance of Electrical Equipment,After Mid-2,81.6,5.71,19.7,1,4.6,10.6,CC,1,Average
Mechanical Engineering,6,Operations Research,After Mid-2,75.5,4.7,14.4,0,5.2,9.0,CC,1,Average
Electronics & Communication,8,Wireless Communication,After Mid-1,92.8,8.83,33.6,0,8.5,,AA,1,Excellent
Civil Engineering,6,Environmental Engineering,Before Mid-1,100.0,8.11,18.5,0,,,BB,1,Very Good
Mechanical Engineering,3,Engineering Thermodynamics,After Mid-2,67.3,7.37,22.5,1,5.2,7.8,CC,1,Average
Electrical Engineering,5,Microprocessor & Microcontroller,After Mid-2,73.4,6.0,25.7,0,7.4,12.6,BB,1,Very Good
Civil Engineering,4,Advanced Surveying,After Mid-2,78.2,7.89,29.4,0,8.6,16.0,AB,1,Excellent
Computer Engineering,6,Agile Software Development,Before Mid-1,91.3,6.13,20.1,1,,,BB,1,Very Good
Computer Engineering,7,Compiler Design,After Mid-2,95.1,6.88,19.4,0,6.4,13.1,BC,1,Good
Computer Engineering,8,Big Data Analytics,After Mid-2,78.7,4.44,15.5,3,3.2,8.7,FF,0,At Risk
Information Technology,8,Distributed Systems,After Mid-2,65.8,5.07,14.8,3,2.1,3.2,FF,0,At Risk
Mechanical Engineering,4,Fluid Mechanics & Hydraulic Machines,After Mid-1,83.2,5.8,17.4,2,4.7,,CD,1,Average
Electrical Engineering,7,Electric Drives,After Mid-1,85.6,7.64,26.3,0,8.2,,AB,1,Excellent
Electronics & Communication,2,Environmental Sciences,After Mid-1,96.0,8.86,22.7,0,9.0,,AA,1,Excellent
Electrical Engineering,7,Electric Drives,After Mid-1,68.7,6.85,20.6,0,7.5,,BB,1,Very Good
Civil Engineering,4,Concrete Technology,After Mid-2,89.7,9.21,22.8,0,8.1,15.4,AB,1,Excellent
Information Technology,3,IT Infrastructure & Management,After Mid-1,92.8,6.01,18.2,1,6.0,,BC,1,Good
Information Technology,7,Data Mining & Business Intelligence,Before Mid-1,70.0,7.75,25.3,1,,,BC,1,Good
Mechanical Engineering,7,Project-1,Before Mid-1,72.5,8.72,20.9,0,,,AB,1,Excellent
Information Technology,2,Basic Electronics,After Mid-2,73.7,5.56,18.7,0,6.0,10.6,BC,1,Good
Electronics & Communication,5,Microcontroller & Applications,After Mid-1,83.6,7.05,20.9,0,6.1,,BB,1,Very Good
Information Technology,1,Mathematics-1,After Mid-2,88.5,7.97,17.2,0,6.6,12.0,BB,1,Very Good
Computer Engineering,7,Information & Network Security,After Mid-2,79.7,8.13,22.9,0,7.9,15.4,AB,1,Excellent
Information Technology,6,Mobile Computing,After Mid-1,76.9,6.14,20.2,0,6.5,,BB,1,Very Good
Computer Engineering,7,Information & Network Security,Before Mid-1,84.7,5.97,22.0,3,,,DD,1,At Risk
Electronics & Communication,7,Microwave Engineering,After Mid-2,86.7,7.9,25.4,1,7.7,16.7,BB,1,Very Good
Information Technology,1,Mathematics-1,Before Mid-1,98.8,10.0,22.4,0,,,AA,1,Excellent
Electrical Engineering,6,Testing & Maintenance of Electrical Equipment,Before Mid-1,72.1,7.95,19.1,0,,,BB,1,Very Good
Computer Engineering,6,Theory of Computation,After Mid-1,84.8,4.33,19.0,3,3.3,,FF,0,At Risk
Mechanical Engineering,3,Manufacturing Processes-1,After Mid-2,75.8,5.25,12.6,0,4.8,8.0,CC,1,Average
Mechanical Engineering,4,Mechanical Measurement & Metrology,Before Mid-1,92.3,7.06,17.7,0,,,AB,1,Excellent
Computer Engineering,4,Object Oriented Programming - C++,After Mid-1,68.4,7.18,22.7,0,6.7,,BB,1,Very Good
Electrical Engineering,7,Smart Grid Technology,After Mid-1,97.3,9.54,25.7,0,10.0,,AA,1,Excellent
Information Technology,5,Python Programming,After Mid-1,94.8,7.07,24.6,0,7.6,,AB,1,Excellent
Electrical Engineering,7,Smart Grid Technology,After Mid-2,88.3,8.06,22.2,0,8.0,15.6,AB,1,Excellent
Electrical Engineering,2,Programming for Problem Solving,After Mid-2,92.1,9.06,23.5,0,8.2,16.9,AA,1,Excellent
Computer Engineering,1,Engineering Graphics & Design,After Mid-1,85.6,5.9,19.5,1,5.2,,BC,1,Good
Electronics & Communication,5,Microcontroller & Applications,After Mid-1,88.0,7.75,23.6,0,8.9,,AB,1,Excellent
Mechanical Engineering,6,Design of Machine Elements,After Mid-1,72.0,4.0,13.8,1,2.2,,FF,0,At Risk
Mechanical Engineering,5,Dynamics of Machinery,After Mid-2,97.7,8.28,31.3,0,7.4,16.0,AB,1,Excellent
Civil Engineering,8,Earthquake Engineering,After Mid-2,75.0,6.12,19.5,0,5.5,10.0,BC,1,Good
Civil Engineering,4,Structural Analysis-1,Before Mid-1,75.9,6.89,21.6,0,,,BB,1,Very Good
Information Technology,2,Physics,Before Mid-1,75.0,5.56,23.0,2,,,FF,0,At Risk
Computer Engineering,8,Project-2,Before Mid-1,69.4,5.28,20.6,1,,,CC,1,Average
Information Technology,2,Programming for Problem Solving,After Mid-2,94.3,9.09,20.9,0,7.0,13.3,AB,1,Excellent
Electronics & Communication,6,VLSI Design,Before Mid-1,90.9,8.19,25.1,0,,,BB,1,Very Good
Electronics & Communication,6,VLSI Design,Before Mid-1,75.5,5.34,21.8,0,,,CC,1,Average
Mechanical Engineering,1,Basic Mechanical Engineering,Before Mid-1,97.1,9.16,24.5,0,,,AA,1,Excellent
Information Technology,1,Mathematics-1,After Mid-2,75.9,7.06,25.8,1,5.5,9.7,BC,1,Good
Mechanical Engineering,6,Production Technology,Before Mid-1,91.2,5.72,13.9,1,,,CC,1,Average
Electrical Engineering,7,Smart Grid Technology,After Mid-1,84.4,5.88,24.2,2,5.9,,BC,1,Good
Information Technology,6,Cyber Security & Laws,After Mid-1,87.5,7.28,26.4,0,7.0,,AB,1,Excellent
Information Technology,3,Data Structures,After Mid-2,89.1,8.84,27.9,0,6.4,14.5,AB,1,Excellent
Civil Engineering,7,Project-1,After Mid-1,85.1,6.52,18.4,1,6.6,,BC,1,Good
Information Technology,8,Distributed Systems,After Mid-1,66.5,4.0,14.3,1,3.5,,FF,0,At Risk
Civil Engineering,6,Foundation Engineering,After Mid-2,82.8,9.36,25.4,0,8.0,15.8,AB,1,Excellent
Information Technology,6,Web Technology,After Mid-2,95.2,8.58,20.5,0,8.2,14.6,AB,1,Excellent
Electronics & Communication,8,Radar & Navigational Aids,After Mid-2,74.2,5.63,19.1,0,5.5,8.6,BC,1,Good
Civil Engineering,4,Advanced Surveying,After Mid-2,71.4,6.9,22.9,0,5.1,12.2,BC,1,Good
Electronics & Communication,3,Digital Electronics,After Mid-2,76.4,5.5,18.2,0,3.8,10.6,CC,1,Average
Electrical Engineering,7,High Voltage Engineering,Before Mid-1,99.2,10.0,24.8,0,,,AA,1,Excellent
Information Technology,1,Mathematics-1,After Mid-2,87.3,6.56,23.7,0,7.6,18.8,AB,1,Excellent
Civil Engineering,1,Mathematics-1,Before Mid-1,83.4,6.7,19.1,0,,,BB,1,Very Good
Information Technology,4,Operating System Concepts,Before Mid-1,90.9,7.33,10.6,0,,,BC,1,Good
Civil Engineering,2,Mathematics-2,After Mid-1,87.4,6.52,21.6,0,6.1,,BC,1,Good
Civil Engineering,4,Advanced Surveying,After Mid-2,74.8,6.41,12.6,1,5.5,10.7,CC,1,Average
Information Technology,6,Cyber Security & Laws,Before Mid-1,73.3,4.36,14.5,6,,,FF,0,At Risk
Computer Engineering,4,Object Oriented Programming - C++,After Mid-1,69.0,5.54,23.2,1,3.6,,CC,1,Average
Electronics & Communication,3,Digital Electronics,Before Mid-1,89.8,7.32,20.4,0,,,BB,1,Very Good
Electronics & Communication,5,Microcontroller & Applications,After Mid-2,86.3,7.51,29.6,0,7.4,15.3,AB,1,Excellent
Computer Engineering,3,Effective Technical Communication,After Mid-1,79.5,6.87,24.4,0,7.4,,AB,1,Excellent
Electrical Engineering,4,Electrical Machines-1,After Mid-2,80.5,8.72,28.0,2,7.5,14.5,BB,1,Very Good
Electronics & Communication,2,Environmental Sciences,After Mid-1,74.9,4.66,24.5,2,5.6,,CC,1,Average
Information Technology,7,Data Mining & Business Intelligence,After Mid-1,78.7,5.79,17.6,2,3.1,,DD,1,At Risk
Computer Engineering,2,English,After Mid-2,83.6,9.44,22.1,0,10.0,20.0,AA,1,Excellent
Civil Engineering,7,Irrigation Engineering,After Mid-1,100.0,9.41,25.0,0,8.3,,AA,1,Excellent
Civil Engineering,7,Design of Reinforced Concrete Structures,Before Mid-1,91.9,6.92,15.4,0,,,BC,1,Good
Electronics & Communication,6,VLSI Design,After Mid-1,100.0,7.89,22.4,3,6.1,,CC,1,Average
Information Technology,5,Formal Languages & Automata Theory,Before Mid-1,73.5,4.37,11.2,1,,,FF,0,At Risk
Mechanical Engineering,4,Mechanical Measurement & Metrology,After Mid-1,93.3,8.87,23.7,0,9.0,,AA,1,Excellent
Civil Engineering,6,Environmental Engineering,After Mid-1,79.4,7.51,17.4,0,6.9,,BB,1,Very Good
Computer Engineering,8,Internet of Things,Before Mid-1,73.5,5.13,17.5,1,,,CC,1,Average
Electronics & Communication,8,Project-2,Before Mid-1,75.7,5.77,23.1,2,,,CD,1,Average
Civil Engineering,6,Environmental Engineering,Before Mid-1,86.2,6.61,25.0,0,,,BB,1,Very Good
Information Technology,6,Cyber Security & Laws,After Mid-1,92.0,6.52,21.0,0,8.7,,AB,1,Excellent
Electrical Engineering,7,Electric Drives,Before Mid-1,76.2,5.96,14.3,0,,,BC,1,Good
Electronics & Communication,5,Microcontroller & Applications,After Mid-1,81.4,6.71,16.2,1,7.9,,BB,1,Very Good
Electrical Engineering,1,Physics,After Mid-2,74.0,6.32,24.2,0,6.0,9.6,BC,1,Good
Electrical Engineering,3,Electrical Measurements & Instrumentation,Before Mid-1,75.3,6.14,25.3,3,,,BC,1,Good
Civil Engineering,8,Project-2,After Mid-1,68.7,5.27,13.1,0,5.0,,CC,1,Average
Mechanical Engineering,1,Engineering Graphics & Design,After Mid-1,65.2,6.1,19.8,0,6.1,,BC,1,Good
Information Technology,3,Effective Technical Communication,After Mid-1,99.9,6.56,18.3,0,6.9,,AB,1,Excellent
Information Technology,5,Software Engineering,Before Mid-1,82.8,7.99,22.4,0,,,BB,1,Very Good
Electronics & Communication,7,Project-1,After Mid-2,92.0,7.07,25.4,0,6.4,13.3,BB,1,Very Good
Computer Engineering,5,Software Engineering,Before Mid-1,69.9,6.48,20.9,4,,,CD,1,Average
Computer Engineering,1,Physics,Before Mid-1,80.1,8.04,20.0,0,,,BB,1,Very Good
Mechanical Engineering,7,Project-1,Before Mid-1,79.2,5.4,21.6,0,,,BC,1,Good
Mechanical Engineering,7,Computer Aided Manufacturing (CAM),Before Mid-1,62.6,4.0,14.4,2,,,FF,0,At Risk
Mechanical Engineering,8,Project-2,After Mid-1,95.7,8.3,23.4,0,9.5,,AA,1,Excellent
Civil Engineering,8,Bridge Engineering,Before Mid-1,75.4,6.49,18.6,0,,,BB,1,Very Good
Information Technology,1,Basic Electrical Engineering,After Mid-1,74.2,8.62,24.4,0,7.5,,AB,1,Excellent
Mechanical Engineering,2,Workshop Practices,After Mid-1,81.9,6.14,19.4,0,6.5,,BB,1,Very Good
Computer Engineering,8,Internet of Things,After Mid-1,71.1,5.14,21.3,2,6.6,,CC,1,Average
Information Technology,4,Database Management Systems,After Mid-1,71.1,7.29,26.0,0,7.4,,BB,1,Very Good
Civil Engineering,5,Hydrology & Water Resources Engg,After Mid-2,82.3,5.93,23.5,1,5.2,9.5,BC,1,Good
Mechanical Engineering,8,Industrial Engineering,After Mid-1,96.9,7.07,13.6,0,7.2,,BB,1,Very Good
Information Technology,7,Mobile Application Development,Before Mid-1,85.5,5.29,14.8,2,,,CC,1,Average
Civil Engineering,5,Structural Analysis-2,After Mid-1,81.9,6.57,22.4,0,4.9,,BC,1,Good
Electrical Engineering,8,E-Vehicle Technology,After Mid-1,84.8,6.41,18.0,0,4.6,,BC,1,Good
Civil Engineering,6,Design of Steel Structures,After Mid-1,80.4,6.55,21.8,1,5.3,,BC,1,Good
Electrical Engineering,8,Renewable Energy Sources,Before Mid-1,86.9,8.46,24.9,0,,,AA,1,Excellent
Electrical Engineering,8,Renewable Energy Sources,Before Mid-1,81.3,7.39,23.2,0,,,AB,1,Excellent
Information Technology,6,Cyber Security & Laws,Before Mid-1,85.1,4.61,23.9,6,,,FF,0,At Risk
Electronics & Communication,4,Microprocessor & Interfacing,Before Mid-1,90.1,6.73,21.3,0,,,BB,1,Very Good
Information Technology,8,Project-2,After Mid-2,89.6,9.14,26.7,0,10.0,20.0,AA,1,Excellent
Electronics & Communication,3,Network Theory,After Mid-2,92.2,8.53,20.3,0,8.6,16.1,AB,1,Excellent
Mechanical Engineering,7,Refrigeration & Air Conditioning,After Mid-1,78.6,6.89,18.6,0,4.9,,BC,1,Good
Electronics & Communication,6,Digital Signal Processing,Before Mid-1,83.4,7.01,24.5,0,,,BB,1,Very Good
Mechanical Engineering,3,Material Science & Metallurgy,Before Mid-1,85.9,8.56,26.9,0,,,AB,1,Excellent
Electronics & Communication,2,Programming for Problem Solving,After Mid-2,92.9,8.48,25.3,0,7.4,14.3,AB,1,Excellent
Computer Engineering,3,Database Management Systems,After Mid-2,74.9,7.1,20.6,0,8.0,14.0,BB,1,Very Good
Information Technology,2,Basic Electronics,Before Mid-1,84.2,4.42,14.6,4,,,FF,0,At Risk
Civil Engineering,4,Advanced Surveying,Before Mid-1,77.9,5.41,19.6,2,,,CC,1,Average
Civil Engineering,7,Design of Reinforced Concrete Structures,After Mid-1,81.7,6.06,18.7,0,4.6,,BC,1,Good
Electronics & Communication,5,Integrated Circuits & Applications,Before Mid-1,90.5,6.85,21.4,2,,,BC,1,Good
Electrical Engineering,6,Testing & Maintenance of Electrical Equipment,After Mid-2,84.4,6.52,13.3,0,7.2,14.4,BB,1,Very Good
Electrical Engineering,6,Testing & Maintenance of Electrical Equipment,After Mid-2,88.7,9.15,25.6,0,8.2,16.7,AA,1,Excellent
Electronics & Communication,7,Microwave Engineering,After Mid-1,77.6,7.82,23.1,0,5.4,,BB,1,Very Good
Computer Engineering,2,Mathematics-2,After Mid-2,88.6,6.86,19.9,0,6.9,12.8,BB,1,Very Good
Civil Engineering,6,Design of Steel Structures,Before Mid-1,93.1,7.59,24.3,1,,,BB,1,Very Good
Electrical Engineering,5,Electrical Power System-1,After Mid-1,77.7,7.88,17.9,0,6.6,,BB,1,Very Good
Electronics & Communication,5,Integrated Circuits & Applications,After Mid-2,98.6,8.85,21.2,0,9.1,14.0,AB,1,Excellent
Computer Engineering,2,Mathematics-2,Before Mid-1,74.3,7.67,21.5,0,,,BC,1,Good
Civil Engineering,4,Concrete Technology,After Mid-2,90.6,7.73,26.0,0,6.3,10.2,BB,1,Very Good
Computer Engineering,4,Computer Organization & Architecture,After Mid-2,84.9,6.86,18.1,0,6.6,12.6,BC,1,Good
Civil Engineering,3,Mechanics of Solids,Before Mid-1,92.1,6.41,18.9,1,,,BC,1,Good
Information Technology,8,Internet of Things,After Mid-1,80.6,4.99,25.4,2,5.4,,CC,1,Average
Computer Engineering,8,Project-2,After Mid-1,70.1,5.29,16.9,0,4.7,,BC,1,Good
Mechanical Engineering,4,Manufacturing Processes-2,After Mid-2,66.7,4.75,9.2,3,5.2,7.6,FF,0,At Risk
Civil Engineering,5,Hydrology & Water Resources Engg,After Mid-1,94.0,9.63,31.2,0,6.7,,AA,1,Excellent
Information Technology,4,Object Oriented Programming - Java,After Mid-1,73.7,6.58,21.1,0,5.9,,BC,1,Good
Information Technology,5,Python Programming,After Mid-1,77.5,5.18,17.6,1,5.0,,CC,1,Average
Mechanical Engineering,8,Industrial Engineering,After Mid-1,70.8,7.3,23.1,1,7.1,,BB,1,Very Good
Electrical Engineering,2,Programming for Problem Solving,After Mid-2,66.9,6.49,21.7,0,6.5,12.3,BC,1,Good
Information Technology,8,Big Data Analytics,After Mid-1,92.2,8.92,28.4,0,8.7,,AA,1,Excellent
Electronics & Communication,3,Digital Electronics,After Mid-2,82.6,7.69,25.3,0,6.4,14.7,AB,1,Excellent
Information Technology,2,Basic Electronics,Before Mid-1,76.5,7.53,26.2,0,,,AB,1,Excellent
Computer Engineering,7,Compiler Design,After Mid-2,89.2,6.4,19.1,2,6.6,12.3,BC,1,Good
Electrical Engineering,7,Project-1,After Mid-1,100.0,9.75,29.7,0,10.0,,AA,1,Excellent
Electronics & Communication,1,Physics,Before Mid-1,79.7,4.79,11.2,2,,,FF,0,At Risk
Mechanical Engineering,5,Internal Combustion Engines,After Mid-1,86.6,7.73,26.6,0,8.5,,AB,1,Excellent
Civil Engineering,8,Construction Project Management,Before Mid-1,77.8,6.79,21.3,0,,,BB,1,Very Good
Information Technology,7,Information Retrieval,After Mid-1,97.5,9.52,28.2,0,9.6,,AA,1,Excellent
Computer Engineering,1,Environmental Sciences,After Mid-1,81.5,8.16,20.8,0,9.0,,AA,1,Excellent
Information Technology,6,Cyber Security & Laws,After Mid-1,84.7,6.98,26.1,0,7.4,,AB,1,Excellent
Electronics & Communication,7,Embedded Systems,After Mid-1,92.4,9.06,22.8,1,10.0,,AA,1,Excellent
Civil Engineering,6,Design of Steel Structures,Before Mid-1,87.6,7.51,20.1,0,,,BB,1,Very Good
Civil Engineering,2,Mathematics-2,Before Mid-1,89.5,9.21,33.7,0,,,AA,1,Excellent
Mechanical Engineering,4,Applied Thermodynamics,After Mid-1,88.8,7.23,23.5,0,7.1,,BB,1,Very Good
Civil Engineering,5,Soil Mechanics & Geotechnical Engg,After Mid-1,96.9,6.3,20.6,1,6.0,,BC,1,Good
Civil Engineering,8,Earthquake Engineering,After Mid-1,76.1,6.53,18.9,1,3.7,,CC,1,Average
Information Technology,8,Internet of Things,After Mid-2,85.3,6.64,21.7,0,4.7,10.6,BC,1,Good
Information Technology,2,English,After Mid-1,91.3,7.14,26.6,0,8.0,,AB,1,Excellent
Electronics & Communication,3,Digital Electronics,Before Mid-1,75.6,6.51,18.3,0,,,BC,1,Good
Mechanical Engineering,2,Programming for Problem Solving,Before Mid-1,92.3,7.67,21.2,0,,,AB,1,Excellent
Information Technology,1,Mathematics-1,After Mid-2,91.3,9.45,26.9,0,9.7,18.8,AA,1,Excellent
Electrical Engineering,2,Engineering Graphics & Design,After Mid-1,65.4,5.18,15.8,1,4.5,,CD,1,Average
Electronics & Communication,3,Digital Electronics,After Mid-2,79.6,5.02,14.5,2,4.2,9.1,DD,1,At Risk
Electrical Engineering,1,Basic Electrical Engineering,After Mid-1,92.3,8.89,23.9,0,7.3,,AB,1,Excellent
Information Technology,8,Distributed Systems,After Mid-1,83.5,6.81,17.3,0,6.0,,BC,1,Good
Information Technology,8,Distributed Systems,After Mid-2,90.4,8.78,27.4,0,7.5,13.6,AB,1,Excellent
Electrical Engineering,2,Basic Electronics,Before Mid-1,81.5,8.45,28.1,0,,,AB,1,Excellent
Electronics & Communication,8,Wireless Communication,Before Mid-1,72.5,6.93,19.9,0,,,CC,1,Average
Civil Engineering,3,Mechanics of Solids,After Mid-1,81.4,6.98,18.5,0,6.6,,BC,1,Good
Mechanical Engineering,3,Engineering Thermodynamics,After Mid-2,91.8,7.64,21.4,0,8.2,17.2,AB,1,Excellent
Civil Engineering,6,Foundation Engineering,After Mid-1,75.9,6.16,19.6,1,3.9,,CC,1,Average
Computer Engineering,2,Basic Electronics,After Mid-1,82.0,6.14,17.1,1,6.2,,BC,1,Good
Electrical Engineering,6,Testing & Maintenance of Electrical Equipment,Before Mid-1,80.2,8.03,21.5,0,,,AB,1,Excellent
Computer Engineering,3,Data Structures,After Mid-1,64.2,4.0,23.2,3,3.2,,FF,0,At Risk
Mechanical Engineering,1,Basic Mechanical Engineering,Before Mid-1,83.9,7.94,27.6,0,,,AA,1,Excellent
Mechanical Engineering,4,Applied Thermodynamics,Before Mid-1,87.0,7.51,19.2,0,,,BB,1,Very Good
Information Technology,2,Mathematics-2,Before Mid-1,71.1,5.27,17.2,0,,,DD,1,At Risk
Civil Engineering,8,Construction Project Management,After Mid-2,85.9,7.52,25.6,0,7.2,14.2,AB,1,Excellent
Mechanical Engineering,8,Industrial Engineering,Before Mid-1,95.4,9.91,26.2,2,,,AA,1,Excellent
Electrical Engineering,6,Electrical Switchgear & Protection,After Mid-2,92.5,6.58,15.4,0,5.7,7.6,BC,1,Good
Information Technology,6,Cyber Security & Laws,After Mid-1,90.3,7.68,25.2,0,7.6,,AA,1,Excellent
Electrical Engineering,1,Environmental Sciences,Before Mid-1,91.4,7.82,30.4,0,,,AA,1,Excellent
Electronics & Communication,8,Optical Communication,Before Mid-1,80.7,6.23,16.6,1,,,BC,1,Good
Civil Engineering,5,Soil Mechanics & Geotechnical Engg,After Mid-1,89.1,7.49,23.6,0,8.3,,AB,1,Excellent
Electronics & Communication,7,Embedded Systems,After Mid-2,71.9,6.09,22.9,0,5.3,8.0,BC,1,Good
Information Technology,4,Object Oriented Programming - Java,After Mid-2,93.4,7.22,21.7,0,7.9,16.5,AB,1,Excellent
Information Technology,2,Programming for Problem Solving,After Mid-1,75.0,6.42,27.5,1,7.2,,BB,1,Very Good
Information Technology,4,Object Oriented Programming - Java,After Mid-1,92.8,7.63,21.1,0,6.6,,BB,1,Very Good
Computer Engineering,8,Big Data Analytics,After Mid-1,74.7,5.45,18.7,0,5.8,,BC,1,Good
Information Technology,7,Mobile Application Development,Before Mid-1,61.4,4.92,21.9,2,,,DD,1,At Risk
Civil Engineering,2,Mathematics-2,Before Mid-1,99.8,8.32,20.5,0,,,AB,1,Excellent
Mechanical Engineering,4,Manufacturing Processes-2,Before Mid-1,75.6,5.89,24.0,0,,,BB,1,Very Good
Civil Engineering,4,Concrete Technology,After Mid-2,82.7,5.46,17.9,0,4.6,7.6,CC,1,Average
Electrical Engineering,3,Electrical Circuit Analysis,After Mid-2,79.7,4.8,15.3,1,2.9,5.5,FF,0,At Risk
Civil Engineering,2,Programming for Problem Solving,After Mid-2,74.9,7.02,21.1,0,8.2,17.5,AB,1,Excellent
Electrical Engineering,6,Electrical Switchgear & Protection,Before Mid-1,82.5,8.7,29.1,0,,,AB,1,Excellent
Computer Engineering,6,Theory of Computation,Before Mid-1,92.5,7.49,28.8,1,,,BB,1,Very Good
Civil Engineering,3,Building Construction & Materials,After Mid-1,96.9,6.68,22.3,0,6.5,,AB,1,Excellent
Computer Engineering,3,Digital Fundamentals,After Mid-2,82.0,8.57,17.7,0,8.0,14.7,AB,1,Excellent
Electrical Engineering,8,Power Quality & Management,After Mid-1,100.0,7.36,19.7,0,8.1,,BB,1,Very Good
Information Technology,2,English,After Mid-1,76.6,6.57,17.7,0,5.8,,BC,1,Good
Mechanical Engineering,1,Engineering Graphics & Design,After Mid-2,75.8,6.72,17.7,0,6.1,14.6,BB,1,Very Good
Electronics & Communication,6,VLSI Design,After Mid-2,87.6,7.23,21.9,4,4.7,9.8,DD,1,At Risk
Computer Engineering,6,Theory of Computation,Before Mid-1,89.0,6.32,22.3,1,,,BC,1,Good
Civil Engineering,4,Transportation Engineering,After Mid-1,76.4,5.97,20.6,0,5.2,,BC,1,Good
Computer Engineering,6,Agile Software Development,After Mid-2,93.7,6.85,19.7,1,8.5,17.2,AB,1,Excellent
Computer Engineering,4,Computer Organization & Architecture,After Mid-1,86.1,5.55,15.0,0,6.2,,BC,1,Good
Computer Engineering,2,Basic Electronics,After Mid-1,100.0,9.45,22.4,0,7.4,,AB,1,Excellent
Computer Engineering,7,Cloud Computing,After Mid-2,89.8,6.64,24.0,1,6.6,14.4,BB,1,Very Good
Information Technology,1,Mathematics-1,After Mid-2,87.2,8.54,21.9,0,7.1,14.0,AB,1,Excellent
Civil Engineering,3,Surveying,After Mid-1,82.9,6.96,22.0,0,6.6,,BB,1,Very Good
Mechanical Engineering,6,Computer Aided Design (CAD),Before Mid-1,91.9,8.25,22.2,0,,,AB,1,Excellent
Electronics & Communication,2,Programming for Problem Solving,After Mid-1,83.5,8.05,20.7,0,6.5,,BB,1,Very Good
Electrical Engineering,6,Power Electronics-1,Before Mid-1,74.4,7.62,28.6,0,,,AB,1,Excellent
Electronics & Communication,3,Signals & Systems,Before Mid-1,96.7,8.55,26.1,0,,,AB,1,Excellent
Information Technology,4,Operating System Concepts,Before Mid-1,90.5,7.43,29.0,0,,,BB,1,Very Good
Information Technology,6,Mobile Computing,After Mid-1,84.9,7.99,19.7,0,6.8,,BB,1,Very Good
Information Technology,4,Database Management Systems,After Mid-2,77.7,7.47,18.0,0,7.1,12.8,BB,1,Very Good
Civil Engineering,1,Engineering Graphics & Design,After Mid-2,81.3,8.15,25.4,0,6.6,13.1,AB,1,Excellent
Computer Engineering,4,Operating System,After Mid-2,81.4,6.11,26.6,1,4.9,11.3,BC,1,Good
Electronics & Communication,8,Project-2,Before Mid-1,79.7,6.32,16.2,0,,,BC,1,Good
Information Technology,8,Big Data Analytics,After Mid-1,98.6,8.7,33.5,0,8.4,,AA,1,Excellent
Mechanical Engineering,8,Automobile Engineering,After Mid-1,94.5,8.4,23.8,0,7.5,,AB,1,Excellent
Electronics & Communication,1,Basic Electrical Engineering,After Mid-2,91.5,5.13,22.0,0,6.0,7.8,BC,1,Good
Information Technology,2,English,After Mid-2,78.6,6.24,15.4,1,6.0,9.4,BC,1,Good
Information Technology,2,English,After Mid-2,83.9,7.16,24.0,0,6.4,13.8,AB,1,Excellent
Civil Engineering,1,Physics,After Mid-1,76.7,6.09,17.7,0,4.7,,CC,1,Average
Mechanical Engineering,3,Kinematics of Machines,Before Mid-1,90.7,7.58,19.4,0,,,BC,1,Good
Civil Engineering,1,Engineering Graphics & Design,After Mid-2,70.3,4.93,11.4,2,2.5,4.1,FF,0,At Risk
Electronics & Communication,3,Digital Electronics,After Mid-2,64.8,7.82,22.1,0,7.0,13.0,BB,1,Very Good
Computer Engineering,8,Internet of Things,After Mid-1,81.0,7.76,24.6,0,6.7,,AB,1,Excellent
Civil Engineering,8,Bridge Engineering,After Mid-1,76.6,6.06,16.8,5,3.2,,FF,0,At Risk
Mechanical Engineering,4,Fluid Mechanics & Hydraulic Machines,Before Mid-1,77.2,6.3,15.7,0,,,CC,1,Average
Civil Engineering,3,Mechanics of Solids,After Mid-2,92.4,7.1,23.4,0,6.5,14.4,BB,1,Very Good
Electronics & Communication,5,Integrated Circuits & Applications,After Mid-2,72.5,6.04,22.2,1,5.7,13.0,BC,1,Good
Civil Engineering,2,Workshop Practices,After Mid-2,78.9,7.36,18.2,0,9.3,18.2,AB,1,Excellent
Electrical Engineering,6,Electrical Switchgear & Protection,After Mid-1,84.8,8.65,25.7,0,6.8,,BB,1,Very Good
Electronics & Communication,2,Programming for Problem Solving,Before Mid-1,78.7,8.04,23.8,0,,,AB,1,Excellent
Mechanical Engineering,8,Project-2,After Mid-2,88.5,7.38,20.8,1,5.7,12.8,BB,1,Very Good
Civil Engineering,8,Project-2,After Mid-1,84.4,8.84,26.3,0,8.9,,AA,1,Excellent
Electrical Engineering,5,Electrical Machines-2,After Mid-1,82.6,5.9,19.1,2,8.3,,BC,1,Good
Computer Engineering,7,Machine Learning,Before Mid-1,84.2,8.1,23.2,0,,,BB,1,Very Good
Computer Engineering,1,Engineering Graphics & Design,After Mid-2,85.9,8.0,26.6,0,7.2,14.2,AB,1,Excellent
Civil Engineering,3,Mechanics of Solids,After Mid-2,83.2,6.21,25.3,0,6.8,11.0,BC,1,Good
Information Technology,7,Data Mining & Business Intelligence,After Mid-1,88.1,7.19,19.7,0,6.3,,BB,1,Very Good
Civil Engineering,7,Design of Reinforced Concrete Structures,After Mid-2,78.5,7.38,18.8,0,7.0,12.1,BB,1,Very Good
Information Technology,5,Python Programming,After Mid-2,96.8,9.04,23.1,0,9.5,18.1,AA,1,Excellent
Mechanical Engineering,8,Automobile Engineering,Before Mid-1,83.7,5.46,17.7,0,,,BC,1,Good
Electronics & Communication,3,Digital Electronics,After Mid-1,76.4,8.01,25.8,0,6.5,,BB,1,Very Good
Electronics & Communication,7,Microwave Engineering,Before Mid-1,79.6,7.05,21.6,0,,,BC,1,Good
Mechanical Engineering,7,Power Plant Engineering,After Mid-2,95.3,8.11,27.8,0,6.6,14.3,AB,1,Excellent
Mechanical Engineering,2,Mathematics-2,After Mid-2,92.8,8.83,23.0,0,8.1,16.5,AB,1,Excellent
Electrical Engineering,3,Analog Electronics,Before Mid-1,79.7,5.77,23.7,3,,,CD,1,Average
Information Technology,5,Computer Networks,After Mid-1,84.8,8.48,24.9,0,8.1,,AB,1,Excellent
Electrical Engineering,7,Electric Drives,After Mid-2,87.1,8.05,24.2,0,8.3,15.9,AB,1,Excellent
Mechanical Engineering,4,Mechanical Measurement & Metrology,Before Mid-1,91.2,7.57,19.3,0,,,BB,1,Very Good
Information Technology,2,Programming for Problem Solving,Before Mid-1,100.0,9.27,26.5,0,,,AA,1,Excellent
Civil Engineering,1,Physics,After Mid-1,91.5,8.46,24.3,0,8.5,,AB,1,Excellent
Electronics & Communication,1,Basic Electronics,After Mid-1,84.3,6.53,19.8,1,6.4,,BC,1,Good
Mechanical Engineering,2,Environmental Sciences,After Mid-2,89.1,8.55,24.3,0,8.9,16.7,AA,1,Excellent
Civil Engineering,7,Irrigation Engineering,After Mid-2,90.3,7.7,23.4,0,8.1,15.4,AB,1,Excellent
Civil Engineering,7,Highway & Traffic Engineering,After Mid-2,75.1,5.04,16.4,0,3.6,8.4,CC,1,Average
Electronics & Communication,6,VLSI Design,After Mid-1,87.3,7.49,24.8,2,5.9,,CC,1,Average
Electronics & Communication,1,Mathematics-1,After Mid-1,80.6,8.5,28.7,0,8.2,,AB,1,Excellent
Electronics & Communication,2,Mathematics-2,After Mid-1,78.8,6.88,23.1,0,7.3,,BB,1,Very Good
Information Technology,4,Object Oriented Programming - Java,After Mid-1,93.4,7.22,23.8,0,7.4,,AB,1,Excellent
Electrical Engineering,1,Environmental Sciences,Before Mid-1,79.3,6.2,15.2,1,,,BC,1,Good
Electronics & Communication,7,Embedded Systems,After Mid-1,80.6,6.36,16.9,1,5.1,,BC,1,Good
Mechanical Engineering,3,Kinematics of Machines,Before Mid-1,99.8,9.87,28.6,2,,,BB,1,Very Good
Computer Engineering,1,Physics,After Mid-1,81.4,7.29,25.1,2,5.6,,BC,1,Good
Computer Engineering,6,Web Technology,After Mid-1,99.8,7.97,29.1,4,5.5,,BC,1,Good
Information Technology,5,Python Programming,After Mid-2,74.8,6.89,18.3,0,8.7,15.6,AB,1,Excellent
Mechanical Engineering,1,Engineering Graphics & Design,Before Mid-1,84.5,6.92,18.2,0,,,BC,1,Good
Computer Engineering,5,Professional Ethics & Human Values,After Mid-1,73.3,5.03,21.3,0,4.5,,BC,1,Good
Civil Engineering,8,Earthquake Engineering,Before Mid-1,84.5,8.21,28.6,0,,,BB,1,Very Good
Mechanical Engineering,1,Engineering Graphics & Design,After Mid-1,89.7,7.24,22.3,0,6.5,,BB,1,Very Good
Computer Engineering,8,Big Data Analytics,Before Mid-1,84.1,8.44,19.5,2,,,BC,1,Good
Civil Engineering,1,Basic Civil Engineering,After Mid-2,71.1,5.83,20.3,0,4.9,9.5,CC,1,Average
Mechanical Engineering,5,Dynamics of Machinery,Before Mid-1,83.9,7.67,21.2,0,,,BC,1,Good
Computer Engineering,2,Programming for Problem Solving,After Mid-2,85.3,7.44,24.8,0,6.6,12.5,BB,1,Very Good
Computer Engineering,3,Effective Technical Communication,After Mid-1,76.1,5.21,21.7,0,6.5,,BB,1,Very Good
Mechanical Engineering,1,Mathematics-1,After Mid-2,77.2,5.94,17.3,1,6.0,10.7,CC,1,Average
Information Technology,7,Project-1,After Mid-2,93.9,9.11,26.8,0,10.0,16.5,AA,1,Excellent
Civil Engineering,3,Mechanics of Solids,After Mid-2,80.2,4.48,15.8,1,2.6,4.7,FF,0,At Risk
Computer Engineering,4,Object Oriented Programming - C++,After Mid-2,69.8,5.33,19.8,0,4.7,10.1,BC,1,Good
Electronics & Communication,6,VLSI Design,After Mid-2,91.5,7.63,25.4,1,8.6,16.6,AB,1,Excellent
Information Technology,3,Digital Electronics,After Mid-1,71.6,6.2,17.4,0,6.0,,BC,1,Good
Electrical Engineering,6,Power Electronics-1,After Mid-2,93.1,8.59,27.3,0,8.6,16.3,AB,1,Excellent
Civil Engineering,2,Environmental Sciences,After Mid-2,85.5,7.23,21.7,0,8.6,17.1,AA,1,Excellent
Electrical Engineering,5,Electrical Power System-1,Before Mid-1,84.4,6.81,23.9,0,,,BC,1,Good
Computer Engineering,6,Web Technology,After Mid-1,93.5,6.99,22.9,0,8.5,,AB,1,Excellent
Civil Engineering,7,Project-1,After Mid-1,84.9,7.21,17.7,0,7.2,,BB,1,Very Good
Mechanical Engineering,8,Project-2,After Mid-1,74.2,5.78,26.0,1,5.1,,CC,1,Average
Information Technology,1,Basic Electrical Engineering,After Mid-1,76.8,5.44,21.8,0,6.0,,BC,1,Good
Mechanical Engineering,4,Applied Thermodynamics,After Mid-2,73.7,6.85,19.7,0,7.3,13.1,BC,1,Good
Mechanical Engineering,3,Manufacturing Processes-1,After Mid-1,67.7,5.13,15.4,0,5.3,,CC,1,Average
Mechanical Engineering,3,Manufacturing Processes-1,Before Mid-1,74.0,5.23,17.6,0,,,CC,1,Average
Electronics & Communication,1,Physics,After Mid-1,81.1,5.98,20.5,0,5.2,,BC,1,Good
Information Technology,3,IT Infrastructure & Management,After Mid-1,80.2,5.63,19.8,0,6.9,,BB,1,Very Good
Civil Engineering,6,Design of Steel Structures,After Mid-1,92.5,8.25,30.4,0,8.3,,AB,1,Excellent
Mechanical Engineering,2,Programming for Problem Solving,After Mid-2,84.4,7.38,27.8,0,7.3,17.6,AB,1,Excellent
Computer Engineering,1,Physics,Before Mid-1,82.3,6.53,15.5,0,,,BC,1,Good
Electronics & Communication,3,Digital Electronics,After Mid-1,93.3,8.2,27.5,0,8.8,,AA,1,Excellent
Electronics & Communication,7,Satellite Communication,Before Mid-1,72.3,6.35,24.7,1,,,BC,1,Good
Electronics & Communication,7,Microwave Engineering,After Mid-2,87.6,8.8,31.7,0,7.9,16.1,AB,1,Excellent
Civil Engineering,6,Environmental Engineering,After Mid-2,93.9,10.0,26.1,0,10.0,20.0,AA,1,Excellent
Information Technology,7,Information Retrieval,After Mid-1,80.3,7.34,23.8,0,7.9,,BB,1,Very Good
Computer Engineering,7,Project-1,After Mid-2,100.0,8.62,26.2,0,7.2,14.6,AB,1,Excellent
Information Technology,5,Computer Networks,After Mid-1,77.4,4.68,18.8,5,4.7,,FF,0,At Risk
Computer Engineering,3,Digital Fundamentals,After Mid-2,78.9,6.8,24.5,0,8.0,15.0,BB,1,Very Good
Computer Engineering,8,Project-2,After Mid-2,77.5,6.87,21.6,0,5.8,12.4,BC,1,Good
Electrical Engineering,2,Programming for Problem Solving,After Mid-1,80.0,7.94,25.2,1,8.0,,BB,1,Very Good
Electrical Engineering,3,Electrical Circuit Analysis,Before Mid-1,89.1,7.44,25.1,0,,,BB,1,Very Good
Electronics & Communication,4,Microprocessor & Interfacing,After Mid-1,86.5,6.98,22.0,0,6.8,,BB,1,Very Good
Mechanical Engineering,1,Engineering Graphics & Design,After Mid-1,89.2,7.53,21.5,1,6.2,,BB,1,Very Good
Electrical Engineering,1,Environmental Sciences,Before Mid-1,76.0,7.38,15.4,3,,,BC,1,Good
Information Technology,6,Data Warehousing & Mining,After Mid-2,82.7,7.8,23.6,0,7.8,18.8,AB,1,Excellent
Electronics & Communication,6,VLSI Design,After Mid-1,90.4,7.92,26.1,0,6.1,,BB,1,Very Good
Mechanical Engineering,5,Internal Combustion Engines,Before Mid-1,85.2,7.49,20.9,0,,,AB,1,Excellent
Computer Engineering,1,Engineering Graphics & Design,After Mid-2,76.3,5.09,19.1,0,5.2,9.9,CC,1,Average
Information Technology,7,Project-1,After Mid-1,81.1,5.36,23.6,3,3.3,,DD,1,At Risk
Computer Engineering,1,Physics,After Mid-2,86.9,6.9,18.5,0,5.6,11.2,BC,1,Good
Computer Engineering,2,Mathematics-2,After Mid-1,87.8,6.41,24.8,0,6.8,,BB,1,Very Good
Computer Engineering,8,Big Data Analytics,After Mid-2,84.3,7.82,24.8,0,7.1,14.7,AB,1,Excellent
Electronics & Communication,5,Integrated Circuits & Applications,Before Mid-1,87.3,7.0,21.4,0,,,BB,1,Very Good
Computer Engineering,1,Physics,After Mid-1,89.9,7.62,22.8,0,6.3,,BB,1,Very Good
Computer Engineering,8,Big Data Analytics,Before Mid-1,81.9,5.76,18.3,0,,,BB,1,Very Good
Computer Engineering,6,Agile Software Development,After Mid-1,83.1,8.05,20.4,0,7.6,,AB,1,Excellent
Electronics & Communication,5,Digital Communication,Before Mid-1,83.1,6.52,19.5,0,,,BC,1,Good
Computer Engineering,2,Basic Electronics,Before Mid-1,87.9,5.55,18.4,0,,,CC,1,Average
Information Technology,5,Software Engineering,After Mid-1,77.9,5.48,20.5,0,4.4,,CC,1,Average
Mechanical Engineering,2,Workshop Practices,After Mid-2,97.0,7.8,23.4,0,6.5,14.1,AB,1,Excellent
Electrical Engineering,8,E-Vehicle Technology,After Mid-1,83.2,7.94,20.3,0,6.9,,AB,1,Excellent
Civil Engineering,2,Programming for Problem Solving,Before Mid-1,71.9,7.87,21.6,0,,,AB,1,Excellent
Electronics & Communication,2,Environmental Sciences,After Mid-1,82.0,7.0,18.1,0,7.1,,BB,1,Very Good
Electrical Engineering,2,Basic Electronics,After Mid-2,100.0,9.88,30.0,0,10.0,20.0,AA,1,Excellent
Electronics & Communication,1,Basic Electrical Engineering,Before Mid-1,83.6,6.04,16.2,0,,,BC,1,Good
Electrical Engineering,8,Power Quality & Management,After Mid-1,92.8,8.31,21.6,1,5.7,,BB,1,Very Good
Electrical Engineering,2,Engineering Graphics & Design,Before Mid-1,85.7,6.71,23.4,0,,,BB,1,Very Good
Information Technology,1,Engineering Graphics & Design,After Mid-2,71.9,5.3,12.7,3,4.6,9.3,DD,1,At Risk
Computer Engineering,3,Digital Fundamentals,After Mid-1,78.4,7.81,26.5,1,7.5,,AB,1,Excellent
Mechanical Engineering,2,Environmental Sciences,Before Mid-1,85.1,6.35,16.6,0,,,BB,1,Very Good
Electrical Engineering,7,Project-1,After Mid-2,82.4,7.34,23.1,0,7.4,13.8,AB,1,Excellent
Mechanical Engineering,7,Computer Aided Manufacturing (CAM),Before Mid-1,77.9,6.35,18.2,0,,,BC,1,Good
Information Technology,3,Effective Technical Communication,Before Mid-1,89.4,6.24,16.8,0,,,BB,1,Very Good
Mechanical Engineering,2,Mathematics-2,After Mid-1,80.7,6.41,24.3,0,7.2,,BB,1,Very Good
Computer Engineering,2,Mathematics-2,After Mid-2,94.4,9.41,25.5,0,7.9,12.7,AB,1,Excellent
Mechanical Engineering,3,Kinematics of Machines,After Mid-2,81.7,7.22,21.6,0,5.5,9.3,BC,1,Good
Electronics & Communication,3,Signals & Systems,After Mid-1,83.1,5.73,18.8,0,5.4,,BC,1,Good
Computer Engineering,4,Object Oriented Programming - C++,After Mid-2,73.1,7.26,21.1,0,6.0,13.5,BB,1,Very Good
Mechanical Engineering,5,Machine Design-1,After Mid-1,82.8,5.67,10.9,4,4.8,,FF,0,At Risk
Electronics & Communication,6,Antenna & Wave Propagation,After Mid-2,78.4,7.82,28.8,0,6.1,15.0,BB,1,Very Good
Civil Engineering,4,Concrete Technology,Before Mid-1,86.0,7.69,22.4,1,,,AB,1,Excellent
Electrical Engineering,7,Project-1,After Mid-2,84.0,9.02,31.1,0,9.7,19.8,AA,1,Excellent
Civil Engineering,5,Structural Analysis-2,After Mid-1,80.3,8.96,24.9,0,7.4,,AB,1,Excellent
Electrical Engineering,6,Testing & Maintenance of Electrical Equipment,After Mid-2,85.7,7.06,25.8,0,7.0,14.8,AB,1,Excellent
Civil Engineering,5,Soil Mechanics & Geotechnical Engg,After Mid-2,78.5,5.91,21.6,2,3.8,6.3,CD,1,Average
Computer Engineering,3,Data Structures,Before Mid-1,93.6,7.79,26.9,0,,,AB,1,Excellent
Information Technology,2,Mathematics-2,After Mid-1,86.8,6.57,17.1,0,5.0,,BC,1,Good
Civil Engineering,7,Irrigation Engineering,After Mid-2,79.7,7.5,22.4,0,6.7,12.9,BB,1,Very Good
Electronics & Communication,5,Integrated Circuits & Applications,After Mid-2,86.7,8.08,20.7,0,7.9,15.1,AB,1,Excellent
Computer Engineering,5,Computer Networks,After Mid-1,92.9,9.38,23.1,0,10.0,,AA,1,Excellent
Civil Engineering,8,Bridge Engineering,After Mid-1,85.2,6.62,13.6,0,5.4,,BC,1,Good
Mechanical Engineering,4,Applied Thermodynamics,Before Mid-1,92.3,8.65,29.4,0,,,AB,1,Excellent
Information Technology,2,Physics,After Mid-1,85.0,7.75,20.3,0,7.0,,BB,1,Very Good
Civil Engineering,5,Hydrology & Water Resources Engg,Before Mid-1,100.0,6.19,21.9,0,,,BC,1,Good
Information Technology,2,Mathematics-2,After Mid-2,84.1,5.29,21.9,1,3.9,6.1,CD,1,Average
Mechanical Engineering,5,Internal Combustion Engines,Before Mid-1,70.6,4.93,18.1,3,,,DD,1,At Risk
Mechanical Engineering,5,Internal Combustion Engines,After Mid-1,79.6,8.7,26.8,0,7.2,,AB,1,Excellent
Electrical Engineering,1,Mathematics-1,After Mid-2,93.7,6.87,20.4,0,6.3,13.8,BB,1,Very Good
Electronics & Communication,3,Signals & Systems,After Mid-2,99.7,7.83,23.3,0,7.8,14.3,AB,1,Excellent
Electronics & Communication,2,Mathematics-2,Before Mid-1,67.4,4.66,21.3,1,,,CD,1,Average
Electrical Engineering,7,Smart Grid Technology,After Mid-2,84.5,8.68,27.2,0,7.0,13.4,AB,1,Excellent
Information Technology,2,English,After Mid-2,81.7,6.29,19.4,0,6.1,13.7,BB,1,Very Good
Computer Engineering,8,Project-2,Before Mid-1,91.2,7.46,20.6,0,,,AB,1,Excellent
Information Technology,6,Web Technology,After Mid-1,89.4,8.8,26.3,0,7.8,,AB,1,Excellent
Electrical Engineering,6,Electrical Switchgear & Protection,After Mid-2,81.6,6.91,17.2,1,5.7,7.5,CC,1,Average
Mechanical Engineering,2,Programming for Problem Solving,After Mid-2,86.6,6.98,24.8,0,6.6,14.5,BB,1,Very Good
Mechanical Engineering,4,Applied Thermodynamics,After Mid-2,84.4,7.83,20.0,0,7.6,13.6,BB,1,Very Good
Electrical Engineering,6,Electrical Switchgear & Protection,After Mid-2,82.6,5.9,21.6,0,5.9,11.4,BC,1,Good
Information Technology,5,Python Programming,After Mid-2,76.0,4.67,13.8,5,4.6,7.0,FF,0,At Risk
Electronics & Communication,6,Digital Signal Processing,After Mid-1,73.9,7.62,23.2,0,6.1,,BC,1,Good
Civil Engineering,5,Soil Mechanics & Geotechnical Engg,After Mid-2,89.1,7.69,21.5,0,7.3,16.0,AB,1,Excellent
Electronics & Communication,5,Integrated Circuits & Applications,After Mid-2,81.6,8.49,24.9,1,8.7,17.4,AB,1,Excellent
Electrical Engineering,8,E-Vehicle Technology,After Mid-1,89.9,8.74,22.0,0,8.4,,AB,1,Excellent
Electronics & Communication,3,Signals & Systems,After Mid-1,87.6,6.65,14.1,0,7.9,,BB,1,Very Good
Computer Engineering,6,Advanced Java Programming,After Mid-2,75.4,5.11,15.1,3,5.0,7.5,DD,1,At Risk
Information Technology,4,Database Management Systems,After Mid-1,65.4,6.46,23.6,2,4.9,,CC,1,Average
Mechanical Engineering,5,Internal Combustion Engines,After Mid-2,89.6,5.83,18.8,2,4.2,6.0,CD,1,Average
Mechanical Engineering,1,Mathematics-1,After Mid-2,93.4,8.11,22.6,0,7.7,14.6,AB,1,Excellent
Information Technology,5,Computer Networks,After Mid-2,87.4,7.96,23.4,0,8.4,18.8,AA,1,Excellent
Computer Engineering,1,Engineering Graphics & Design,Before Mid-1,97.1,8.4,23.3,0,,,AB,1,Excellent
Electrical Engineering,2,Basic Electronics,Before Mid-1,75.7,4.93,19.0,2,,,DD,1,At Risk
Civil Engineering,3,Building Construction & Materials,After Mid-1,74.1,6.04,18.9,0,6.6,,BC,1,Good
Civil Engineering,2,Programming for Problem Solving,After Mid-1,74.0,4.08,15.8,1,4.8,,DD,1,At Risk
Computer Engineering,8,Internet of Things,Before Mid-1,87.4,10.0,25.5,0,,,AA,1,Excellent
Electronics & Communication,1,Mathematics-1,After Mid-1,72.5,6.2,23.4,1,5.8,,BC,1,Good
Civil Engineering,4,Advanced Surveying,After Mid-2,80.3,7.18,19.4,0,7.5,12.7,BB,1,Very Good
Civil Engineering,4,Structural Analysis-1,After Mid-2,73.1,8.15,26.7,0,6.8,11.9,BB,1,Very Good
Electrical Engineering,6,Electrical Switchgear & Protection,After Mid-1,86.7,8.04,21.0,0,8.5,,AB,1,Excellent
Electrical Engineering,7,Electric Drives,After Mid-2,84.4,8.12,26.0,0,7.3,14.3,AB,1,Excellent
Information Technology,6,Mobile Computing,After Mid-2,93.9,7.98,26.5,1,5.6,9.7,BB,1,Very Good
Computer Engineering,7,Information & Network Security,Before Mid-1,90.5,8.45,28.5,0,,,AB,1,Excellent
Information Technology,4,Object Oriented Programming - Java,After Mid-1,77.9,5.76,21.2,1,5.8,,BC,1,Good
Civil Engineering,6,Foundation Engineering,After Mid-1,64.7,5.45,23.2,0,3.7,,CC,1,Average
Civil Engineering,3,Mechanics of Solids,Before Mid-1,74.9,5.22,11.4,1,,,DD,1,At Risk
Electrical Engineering,7,High Voltage Engineering,Before Mid-1,82.8,5.03,22.0,2,,,CD,1,Average
Mechanical Engineering,8,Renewable Energy Engineering,Before Mid-1,80.4,7.67,23.4,0,,,AB,1,Excellent
Electrical Engineering,5,Electrical Machines-2,Before Mid-1,78.5,6.6,21.5,3,,,CC,1,Average
Electronics & Communication,6,Antenna & Wave Propagation,Before Mid-1,76.9,6.05,14.9,2,,,CD,1,Average
Civil Engineering,4,Structural Analysis-1,After Mid-2,74.8,6.28,18.1,0,4.5,8.8,CC,1,Average
Electrical Engineering,3,Electrical Circuit Analysis,After Mid-2,97.5,9.55,28.8,0,8.1,13.5,AB,1,Excellent
Information Technology,3,Data Structures,Before Mid-1,86.9,6.58,23.2,0,,,BB,1,Very Good
Mechanical Engineering,2,Mathematics-2,After Mid-1,79.5,5.08,18.7,0,5.2,,CC,1,Average
Electrical Engineering,4,Electrical Machines-1,After Mid-1,85.3,6.14,15.1,0,3.9,,CC,1,Average
Information Technology,6,Web Technology,After Mid-2,81.9,7.53,26.6,2,6.1,13.0,BC,1,Good
Information Technology,2,Physics,After Mid-1,85.0,7.73,24.1,2,6.6,,BC,1,Good
Civil Engineering,3,Surveying,Before Mid-1,82.6,7.85,26.2,0,,,AB,1,Excellent
Computer Engineering,6,Agile Software Development,After Mid-2,67.9,5.97,21.7,0,5.2,12.6,BC,1,Good
Information Technology,7,Project-1,After Mid-1,75.1,4.89,14.7,1,3.4,,CD,1,Average
Computer Engineering,2,Workshop/Manufacturing Practices,After Mid-2,77.9,7.66,20.6,0,7.9,15.5,AB,1,Excellent
Information Technology,3,Data Structures,Before Mid-1,81.6,5.76,20.7,1,,,CC,1,Average
Civil Engineering,6,Environmental Engineering,After Mid-2,95.9,7.15,24.2,0,7.2,14.1,BB,1,Very Good
Electronics & Communication,2,Environmental Sciences,After Mid-1,63.3,4.44,17.3,2,2.1,,FF,0,At Risk
Computer Engineering,4,Computer Organization & Architecture,After Mid-1,93.5,9.77,29.9,0,8.9,,AA,1,Excellent
Electronics & Communication,8,Radar & Navigational Aids,Before Mid-1,78.8,5.73,20.9,0,,,BC,1,Good
Civil Engineering,7,Design of Reinforced Concrete Structures,Before Mid-1,78.9,8.23,23.8,0,,,AB,1,Excellent
Electrical Engineering,1,Physics,After Mid-1,84.7,9.22,22.6,0,8.2,,AB,1,Excellent
Information Technology,8,Big Data Analytics,After Mid-2,81.5,8.01,26.3,0,7.0,13.9,BB,1,Very Good
Computer Engineering,1,Basic Electrical Engineering,After Mid-1,70.5,5.55,14.2,1,7.6,,BC,1,Good
Civil Engineering,5,Structural Analysis-2,After Mid-1,66.9,4.0,10.6,2,3.4,,FF,0,At Risk
Electronics & Communication,6,VLSI Design,Before Mid-1,67.5,5.7,14.1,1,,,CD,1,Average
Electrical Engineering,1,Physics,After Mid-2,88.3,8.21,25.9,0,8.1,17.4,AB,1,Excellent
Electronics & Communication,2,Engineering Graphics & Design,After Mid-2,74.1,5.71,18.4,0,6.1,12.7,BC,1,Good
Information Technology,5,Formal Languages & Automata Theory,Before Mid-1,85.6,7.36,20.5,0,,,AB,1,Excellent
Electrical Engineering,8,E-Vehicle Technology,Before Mid-1,93.1,9.07,26.3,0,,,AA,1,Excellent
Information Technology,6,Data Warehousing & Mining,After Mid-1,95.5,8.92,27.9,0,7.1,,AB,1,Excellent
Electrical Engineering,6,Power Electronics-1,After Mid-1,100.0,9.21,25.7,0,7.5,,AB,1,Excellent
Mechanical Engineering,1,Physics,Before Mid-1,98.9,7.15,19.7,0,,,BB,1,Very Good
Electrical Engineering,4,Electrical Machines-1,After Mid-1,88.8,7.83,22.8,1,7.7,,BB,1,Very Good
Electronics & Communication,7,Satellite Communication,Before Mid-1,84.2,7.19,28.3,0,,,BB,1,Very Good
Computer Engineering,3,Data Structures,After Mid-2,93.1,7.2,26.9,0,5.7,9.7,BB,1,Very Good
Mechanical Engineering,2,Programming for Problem Solving,After Mid-1,69.3,5.91,13.5,1,6.4,,CC,1,Average
Electronics & Communication,8,Wireless Communication,After Mid-2,88.0,6.82,27.1,2,6.1,13.7,BC,1,Good
Civil Engineering,6,Foundation Engineering,Before Mid-1,76.4,7.41,26.1,1,,,BB,1,Very Good
Computer Engineering,6,Data Analysis & Visualization,Before Mid-1,83.5,7.97,23.2,2,,,BB,1,Very Good
Electrical Engineering,2,Mathematics-2,After Mid-1,100.0,10.0,28.4,0,10.0,,AA,1,Excellent
Civil Engineering,4,Structural Analysis-1,After Mid-2,86.0,9.02,27.9,0,8.5,17.0,AB,1,Excellent
Computer Engineering,6,Agile Software Development,Before Mid-1,90.6,8.45,31.6,0,,,AA,1,Excellent
Electronics & Communication,3,Signals & Systems,After Mid-1,88.7,8.58,17.2,0,8.4,,AB,1,Excellent
Information Technology,2,English,After Mid-1,89.2,5.92,12.8,1,5.1,,BC,1,Good
Electrical Engineering,3,Analog Electronics,After Mid-2,93.9,7.77,21.1,0,8.1,16.7,AB,1,Excellent
Civil Engineering,3,Surveying,After Mid-1,76.6,7.44,23.7,0,9.0,,AB,1,Excellent
Electronics & Communication,8,Wireless Communication,Before Mid-1,64.2,5.2,14.0,0,,,CD,1,Average
Electronics & Communication,2,Programming for Problem Solving,After Mid-1,62.1,5.04,21.0,0,4.7,,CC,1,Average
Electrical Engineering,2,Engineering Graphics & Design,Before Mid-1,82.2,6.9,21.7,0,,,BB,1,Very Good
Electronics & Communication,5,Microcontroller & Applications,After Mid-2,86.2,6.31,22.3,0,6.7,14.4,BB,1,Very Good
Information Technology,3,Data Structures,Before Mid-1,74.1,5.45,17.5,2,,,FF,0,At Risk
Information Technology,4,Operating System Concepts,Before Mid-1,82.4,7.01,23.7,0,,,BB,1,Very Good
Computer Engineering,4,Operating System,Before Mid-1,78.0,6.23,20.6,0,,,BC,1,Good
Computer Engineering,1,Physics,Before Mid-1,73.0,5.67,13.0,1,,,DD,1,At Risk
Electronics & Communication,8,Project-2,After Mid-2,87.5,8.49,22.6,0,6.9,15.4,AB,1,Excellent
Computer Engineering,5,Cyber Security,After Mid-1,67.7,5.97,17.3,6,4.5,,FF,0,At Risk
Electrical Engineering,8,Project-2,After Mid-2,100.0,7.17,16.3,0,7.3,12.8,BB,1,Very Good
Computer Engineering,4,Operating System,Before Mid-1,100.0,8.91,19.3,0,,,BB,1,Very Good
Information Technology,2,Physics,Before Mid-1,80.7,7.53,18.6,0,,,BB,1,Very Good
Electrical Engineering,6,Power Electronics-1,After Mid-1,96.3,9.02,23.6,0,8.6,,AA,1,Excellent
Mechanical Engineering,5,Internal Combustion Engines,After Mid-1,80.2,8.04,24.4,0,7.0,,AB,1,Excellent
Electronics & Communication,7,Microwave Engineering,After Mid-2,79.2,5.83,15.0,0,4.8,8.9,CC,1,Average
Civil Engineering,6,Foundation Engineering,After Mid-1,94.3,8.33,30.0,0,6.1,,AB,1,Excellent
Electrical Engineering,1,Mathematics-1,After Mid-2,86.6,5.21,20.3,1,6.3,11.4,BC,1,Good
Information Technology,2,Physics,After Mid-2,84.5,7.04,18.3,1,7.3,12.8,BC,1,Good
Electronics & Communication,7,Project-1,After Mid-1,72.7,7.04,14.0,0,6.9,,BB,1,Very Good
Civil Engineering,3,Building Construction & Materials,Before Mid-1,92.8,7.51,25.6,1,,,AB,1,Excellent
Mechanical Engineering,6,Design of Machine Elements,After Mid-2,85.3,5.85,23.4,1,4.1,7.0,CC,1,Average
Computer Engineering,4,Discrete Mathematics,After Mid-2,79.1,7.13,24.4,0,6.3,14.3,BB,1,Very Good
Information Technology,7,Data Mining & Business Intelligence,After Mid-2,87.7,7.01,20.8,0,6.1,11.6,BC,1,Good
Electronics & Communication,1,Mathematics-1,After Mid-2,100.0,8.36,24.5,0,7.5,18.1,AB,1,Excellent
Electrical Engineering,3,Electrical Measurements & Instrumentation,After Mid-1,80.2,8.06,30.4,0,7.2,,AB,1,Excellent
Electrical Engineering,1,Basic Electrical Engineering,Before Mid-1,91.2,7.59,27.2,0,,,AB,1,Excellent
Computer Engineering,8,Artificial Intelligence,After Mid-2,79.9,6.66,26.3,0,6.7,10.1,BB,1,Very Good
Mechanical Engineering,6,Computer Aided Design (CAD),After Mid-2,78.2,6.81,26.0,0,5.8,13.4,BB,1,Very Good
Information Technology,3,Digital Electronics,After Mid-2,82.4,6.16,21.9,0,7.6,16.2,BB,1,Very Good
Mechanical Engineering,6,Operations Research,After Mid-1,80.5,5.66,15.1,1,4.4,,CD,1,Average
Information Technology,4,Database Management Systems,Before Mid-1,72.2,5.45,16.5,0,,,BC,1,Good
Civil Engineering,3,Fluid Mechanics,After Mid-2,66.2,6.24,20.3,0,5.3,10.3,BC,1,Good
Civil Engineering,4,Transportation Engineering,After Mid-2,83.4,6.06,17.7,0,6.0,10.8,BC,1,Good
Information Technology,5,Computer Networks,After Mid-2,83.3,7.94,16.5,0,7.2,13.8,AB,1,Excellent
Electronics & Communication,4,Analog Communication,After Mid-2,76.5,7.48,24.5,2,8.2,16.4,BB,1,Very Good
Electronics & Communication,6,VLSI Design,After Mid-1,83.3,7.67,24.2,0,6.6,,BB,1,Very Good
Mechanical Engineering,6,Operations Research,Before Mid-1,80.6,7.53,20.6,0,,,BB,1,Very Good
Electrical Engineering,1,Basic Electrical Engineering,After Mid-2,72.7,4.51,13.4,4,2.4,6.0,FF,0,At Risk
Information Technology,6,Web Technology,After Mid-2,83.6,7.84,21.1,0,9.7,20.0,AB,1,Excellent
Computer Engineering,4,Object Oriented Programming - C++,Before Mid-1,84.5,7.83,23.8,0,,,AB,1,Excellent
Information Technology,2,Basic Electronics,Before Mid-1,76.5,5.2,18.9,0,,,BC,1,Good
Electrical Engineering,7,Smart Grid Technology,After Mid-1,89.8,5.42,18.9,0,5.0,,BC,1,Good
Mechanical Engineering,6,Computer Aided Design (CAD),After Mid-2,78.2,6.11,14.8,0,6.8,8.4,BC,1,Good
Electrical Engineering,3,Analog Electronics,After Mid-1,87.0,10.0,25.9,0,10.0,,AA,1,Excellent
Electrical Engineering,2,Basic Electronics,After Mid-1,77.3,5.68,18.2,2,3.7,,CD,1,Average
Electronics & Communication,8,Optical Communication,Before Mid-1,90.0,8.85,21.8,0,,,AA,1,Excellent
Computer Engineering,1,Basic Electrical Engineering,Before Mid-1,81.8,6.03,28.3,0,,,BB,1,Very Good
Computer Engineering,4,Principles of Economics & Management,Before Mid-1,83.6,7.47,25.5,0,,,AB,1,Excellent
Civil Engineering,4,Advanced Surveying,After Mid-1,82.1,6.46,21.7,1,4.7,,BC,1,Good
Electronics & Communication,1,Basic Electronics,After Mid-1,98.9,7.42,18.5,0,8.4,,AB,1,Excellent
Electrical Engineering,1,Environmental Sciences,After Mid-1,88.2,7.03,24.5,1,6.8,,BB,1,Very Good
Computer Engineering,6,Agile Software Development,Before Mid-1,85.1,5.53,16.1,1,,,BC,1,Good
Information Technology,2,Physics,Before Mid-1,67.5,5.1,16.1,0,,,CC,1,Average
Electronics & Communication,5,Digital Communication,After Mid-2,84.6,6.48,22.7,2,4.6,8.3,CC,1,Average
Electronics & Communication,6,Antenna & Wave Propagation,After Mid-1,64.2,6.05,19.5,0,5.7,,CC,1,Average
Computer Engineering,1,Basic Electrical Engineering,After Mid-1,67.1,5.29,16.3,2,6.2,,CD,1,Average
Computer Engineering,1,Physics,After Mid-2,84.6,7.16,15.5,0,6.9,12.1,BB,1,Very Good
Computer Engineering,1,Engineering Graphics & Design,After Mid-1,78.3,6.11,16.7,1,5.8,,BC,1,Good
Computer Engineering,1,Basic Electrical Engineering,After Mid-2,85.0,5.71,20.7,3,4.3,7.0,DD,1,At Risk
Computer Engineering,1,Engineering Graphics & Design,After Mid-2,89.9,7.95,18.2,1,6.3,11.6,BC,1,Good
Civil Engineering,1,Physics,After Mid-1,73.2,4.51,14.6,2,3.2,,FF,0,At Risk
Electronics & Communication,6,VLSI Design,After Mid-2,90.6,8.33,20.8,0,8.1,15.4,AB,1,Excellent
Civil Engineering,2,Environmental Sciences,After Mid-2,83.3,6.89,18.9,0,5.4,8.8,BC,1,Good
Civil Engineering,6,Design of Steel Structures,After Mid-1,85.5,7.73,30.5,0,6.5,,AB,1,Excellent
Electronics & Communication,2,Engineering Graphics & Design,After Mid-1,88.8,6.8,19.5,0,7.6,,BB,1,Very Good
Information Technology,5,Formal Languages & Automata Theory,Before Mid-1,72.7,6.5,15.2,0,,,CC,1,Average
Information Technology,1,Engineering Graphics & Design,After Mid-1,84.8,8.52,22.9,0,7.1,,AB,1,Excellent
Electrical Engineering,8,Project-2,Before Mid-1,81.1,8.41,28.4,0,,,AB,1,Excellent
Mechanical Engineering,7,Project-1,After Mid-2,67.6,7.22,21.1,0,6.9,15.5,BB,1,Very Good
Electrical Engineering,8,Renewable Energy Sources,Before Mid-1,81.5,6.08,18.4,1,,,BC,1,Good
Information Technology,6,Mobile Computing,After Mid-2,78.3,6.88,20.6,1,4.7,8.3,BC,1,Good
Mechanical Engineering,6,Design of Machine Elements,Before Mid-1,89.7,8.41,26.3,0,,,BC,1,Good
Mechanical Engineering,1,Basic Mechanical Engineering,After Mid-2,95.9,9.47,28.7,0,8.1,15.4,AA,1,Excellent
Mechanical Engineering,1,Mathematics-1,After Mid-1,86.6,6.58,23.0,0,4.7,,BC,1,Good
Computer Engineering,1,Environmental Sciences,After Mid-1,88.0,9.54,26.3,0,8.3,,AA,1,Excellent
Information Technology,2,Mathematics-2,After Mid-1,88.2,5.57,21.9,1,6.0,,BC,1,Good
Mechanical Engineering,5,Dynamics of Machinery,After Mid-2,100.0,9.3,19.1,0,8.9,17.0,AA,1,Excellent
Information Technology,1,Basic Electrical Engineering,Before Mid-1,87.9,8.41,25.5,1,,,BB,1,Very Good
Computer Engineering,5,Computer Networks,After Mid-2,85.3,7.3,26.9,1,6.4,10.4,BB,1,Very Good
Electrical Engineering,1,Mathematics-1,After Mid-2,87.6,7.1,22.9,1,7.3,13.3,BB,1,Very Good
Computer Engineering,7,Cloud Computing,After Mid-1,91.8,7.9,22.8,0,7.7,,AB,1,Excellent
Electronics & Communication,8,Optical Communication,After Mid-2,84.9,6.6,23.5,0,8.4,17.8,AB,1,Excellent
Computer Engineering,5,Computer Networks,After Mid-1,71.7,5.58,27.7,0,5.8,,BC,1,Good
Electrical Engineering,8,Renewable Energy Sources,After Mid-1,89.1,6.01,21.8,0,5.6,,BC,1,Good
Electronics & Communication,2,Mathematics-2,Before Mid-1,71.9,7.36,21.0,0,,,BB,1,Very Good
Information Technology,5,Formal Languages & Automata Theory,Before Mid-1,71.8,5.4,19.0,0,,,BC,1,Good
Electrical Engineering,3,Electrical Circuit Analysis,After Mid-2,79.5,8.52,22.3,0,7.2,13.6,BB,1,Very Good
Computer Engineering,3,Database Management Systems,After Mid-2,93.0,8.72,24.4,0,8.5,16.7,AA,1,Excellent
Electronics & Communication,5,Microcontroller & Applications,After Mid-1,74.2,6.2,24.0,1,6.3,,BC,1,Good
Computer Engineering,5,Computer Networks,After Mid-1,86.4,7.82,28.6,0,7.5,,AB,1,Excellent
Information Technology,5,Computer Networks,Before Mid-1,95.4,8.48,25.3,0,,,AA,1,Excellent
Computer Engineering,4,Object Oriented Programming - C++,Before Mid-1,82.2,6.9,22.2,0,,,BB,1,Very Good
Computer Engineering,4,Computer Organization & Architecture,After Mid-1,86.5,10.0,34.5,0,8.2,,AA,1,Excellent
Computer Engineering,7,Project-1,After Mid-1,89.1,7.25,20.5,0,8.1,,AB,1,Excellent
Electronics & Communication,4,Analog Communication,Before Mid-1,99.2,10.0,32.6,0,,,AA,1,Excellent
Information Technology,3,Effective Technical Communication,After Mid-2,89.9,7.0,21.0,2,6.8,14.5,BB,1,Very Good
Information Technology,3,IT Infrastructure & Management,After Mid-1,77.9,5.46,18.5,0,5.3,,BC,1,Good
Computer Engineering,8,Artificial Intelligence,After Mid-1,83.1,5.09,15.7,0,3.1,,CD,1,Average
Civil Engineering,2,Environmental Sciences,Before Mid-1,75.8,5.17,19.3,0,,,BC,1,Good
Civil Engineering,1,Physics,After Mid-2,80.7,8.41,32.2,0,8.5,17.4,AB,1,Excellent
Computer Engineering,3,Effective Technical Communication,After Mid-2,81.9,8.03,27.0,0,8.3,19.3,AA,1,Excellent
Civil Engineering,3,Surveying,After Mid-2,78.8,7.09,22.9,1,6.8,12.7,BC,1,Good
Computer Engineering,2,Programming for Problem Solving,After Mid-2,100.0,7.79,25.4,0,6.9,13.1,AB,1,Excellent
Civil Engineering,3,Fluid Mechanics,After Mid-1,75.0,6.75,25.2,0,5.3,,BC,1,Good
Electrical Engineering,8,Renewable Energy Sources,After Mid-2,87.0,7.81,20.8,0,7.7,15.6,AB,1,Excellent
Electrical Engineering,8,Renewable Energy Sources,After Mid-2,87.5,6.6,21.9,0,6.4,12.0,BB,1,Very Good
Electrical Engineering,8,Renewable Energy Sources,Before Mid-1,81.5,7.11,18.6,0,,,BB,1,Very Good
Computer Engineering,6,Advanced Java Programming,After Mid-2,85.9,8.09,16.5,0,8.2,15.7,AB,1,Excellent
Computer Engineering,5,Software Engineering,After Mid-2,73.6,6.26,18.8,0,5.5,11.1,BC,1,Good
Computer Engineering,2,English,Before Mid-1,70.7,6.42,24.0,1,,,BB,1,Very Good
Information Technology,7,Project-1,After Mid-1,97.6,8.39,26.7,0,7.4,,AB,1,Excellent
Computer Engineering,7,Information & Network Security,After Mid-2,81.5,8.35,22.1,0,7.1,16.5,AB,1,Excellent
Mechanical Engineering,6,Production Technology,After Mid-1,90.6,7.61,24.0,0,7.2,,AB,1,Excellent
Computer Engineering,4,Computer Organization & Architecture,After Mid-2,81.3,6.39,21.6,2,6.3,10.9,CC,1,Average
Electrical Engineering,5,Electrical Machines-2,After Mid-2,94.3,8.18,27.2,0,6.2,12.3,BB,1,Very Good
Electronics & Communication,3,Signals & Systems,Before Mid-1,77.5,7.28,16.3,0,,,BC,1,Good
Information Technology,6,Mobile Computing,After Mid-1,78.0,6.45,15.1,0,7.2,,BC,1,Good
Mechanical Engineering,3,Engineering Thermodynamics,After Mid-1,76.8,6.9,24.7,0,5.6,,BC,1,Good
Computer Engineering,3,Data Structures,After Mid-2,70.1,4.56,12.1,5,3.3,4.1,FF,0,At Risk
Electronics & Communication,4,Analog Communication,After Mid-2,91.4,8.54,32.7,0,10.0,19.5,AA,1,Excellent
Information Technology,5,Python Programming,After Mid-1,81.8,6.08,13.9,0,5.3,,BC,1,Good
Civil Engineering,3,Mechanics of Solids,Before Mid-1,81.3,9.61,30.2,0,,,AA,1,Excellent
Electronics & Communication,4,Analog Communication,After Mid-1,90.9,7.55,21.6,0,6.7,,BB,1,Very Good
Computer Engineering,2,Mathematics-2,After Mid-2,75.8,4.8,17.2,2,4.3,9.5,DD,1,At Risk
Mechanical Engineering,8,Industrial Engineering,After Mid-2,79.3,6.03,16.8,2,4.5,9.2,CC,1,Average
Information Technology,2,Mathematics-2,After Mid-2,92.7,8.9,26.0,0,7.0,13.3,AB,1,Excellent
Electronics & Communication,4,Analog Communication,After Mid-1,90.8,9.94,26.5,0,9.4,,AA,1,Excellent
Civil Engineering,2,Environmental Sciences,After Mid-1,75.5,6.42,19.2,1,5.4,,BC,1,Good
Mechanical Engineering,5,Machine Design-1,Before Mid-1,72.9,6.41,22.7,1,,,CC,1,Average
Computer Engineering,1,Basic Electrical Engineering,Before Mid-1,84.6,7.67,23.6,0,,,AB,1,Excellent
Mechanical Engineering,8,Project-2,After Mid-1,75.0,4.2,21.1,3,3.6,,DD,1,At Risk
Civil Engineering,6,Design of Steel Structures,Before Mid-1,85.2,9.68,28.3,0,,,AB,1,Excellent
Electrical Engineering,4,Electrical Machines-1,After Mid-2,90.4,9.32,26.7,0,8.8,17.0,AA,1,Excellent
Electronics & Communication,5,Microcontroller & Applications,After Mid-1,86.7,8.77,22.4,0,7.4,,AB,1,Excellent
Civil Engineering,2,Programming for Problem Solving,After Mid-2,96.8,8.15,17.9,0,8.1,15.4,AB,1,Excellent
Computer Engineering,6,Web Technology,After Mid-1,81.4,6.8,16.3,0,6.6,,BC,1,Good
Mechanical Engineering,3,Engineering Thermodynamics,After Mid-2,79.9,8.8,26.4,0,8.5,16.2,AA,1,Excellent
Electronics & Communication,2,Environmental Sciences,Before Mid-1,81.5,8.07,23.1,0,,,AB,1,Excellent
Information Technology,5,Formal Languages & Automata Theory,After Mid-2,77.7,7.14,16.5,2,6.5,9.2,CC,1,Average
Electronics & Communication,8,Radar & Navigational Aids,After Mid-1,73.9,5.56,18.5,1,4.7,,CC,1,Average
Electrical Engineering,7,High Voltage Engineering,Before Mid-1,78.8,6.78,14.0,0,,,BC,1,Good
Electrical Engineering,1,Physics,Before Mid-1,92.7,9.94,21.6,0,,,AB,1,Excellent
Electronics & Communication,7,Satellite Communication,After Mid-1,76.0,5.15,19.3,0,5.2,,BC,1,Good
Civil Engineering,2,Mathematics-2,After Mid-2,89.4,7.72,27.4,0,5.9,11.5,BB,1,Very Good
Civil Engineering,3,Building Construction & Materials,Before Mid-1,94.9,8.26,20.3,0,,,AA,1,Excellent
Electrical Engineering,2,Engineering Graphics & Design,After Mid-2,76.3,6.15,24.1,0,6.5,16.7,BB,1,Very Good
Electrical Engineering,7,Electric Drives,After Mid-1,86.9,7.58,15.7,0,6.0,,BC,1,Good
Civil Engineering,7,Project-1,After Mid-2,90.3,9.37,29.7,0,7.0,12.6,AB,1,Excellent
Electrical Engineering,1,Environmental Sciences,After Mid-1,92.9,8.07,25.4,0,7.9,,AA,1,Excellent
Information Technology,6,Mobile Computing,After Mid-1,84.4,5.27,16.7,2,4.8,,CD,1,Average
Civil Engineering,8,Earthquake Engineering,After Mid-2,81.4,7.74,28.9,1,8.7,17.5,AB,1,Excellent
Mechanical Engineering,4,Manufacturing Processes-2,After Mid-1,88.7,5.54,21.8,0,7.5,,BB,1,Very Good
Civil Engineering,4,Concrete Technology,After Mid-2,82.7,6.74,24.0,0,6.7,11.4,BB,1,Very Good
Civil Engineering,4,Advanced Surveying,After Mid-2,68.1,6.6,21.0,0,6.2,11.8,BC,1,Good
Information Technology,5,Computer Networks,After Mid-2,91.5,8.86,23.5,0,8.4,15.5,AB,1,Excellent
Electrical Engineering,1,Mathematics-1,After Mid-1,85.9,8.51,21.0,0,7.4,,AB,1,Excellent
Electrical Engineering,7,Project-1,Before Mid-1,82.4,8.78,22.5,0,,,AA,1,Excellent
Computer Engineering,1,Engineering Graphics & Design,Before Mid-1,98.8,9.09,27.3,1,,,AB,1,Excellent
Mechanical Engineering,7,Project-1,After Mid-1,91.3,7.88,25.8,0,7.0,,AB,1,Excellent
Electronics & Communication,8,Wireless Communication,Before Mid-1,74.3,5.66,15.6,1,,,CC,1,Average
Civil Engineering,8,Project-2,After Mid-2,66.8,7.58,22.7,0,6.0,12.2,BB,1,Very Good
Information Technology,2,Physics,After Mid-1,99.7,8.82,29.6,0,9.1,,AA,1,Excellent
Mechanical Engineering,6,Computer Aided Design (CAD),After Mid-1,81.5,6.29,19.5,0,5.0,,BC,1,Good
Mechanical Engineering,8,Project-2,Before Mid-1,78.2,7.31,20.7,0,,,BB,1,Very Good
Electronics & Communication,4,Control Systems,After Mid-1,78.0,6.24,22.6,1,6.8,,BC,1,Good
Information Technology,2,Basic Electronics,After Mid-2,80.2,6.71,17.5,0,7.8,13.1,BB,1,Very Good
Information Technology,2,Physics,Before Mid-1,74.1,7.96,24.9,0,,,BB,1,Very Good
Civil Engineering,6,Design of Steel Structures,After Mid-1,77.0,4.87,19.1,0,4.7,,CC,1,Average
Computer Engineering,3,Database Management Systems,After Mid-1,86.2,6.86,16.1,1,5.9,,BC,1,Good
Mechanical Engineering,7,Refrigeration & Air Conditioning,After Mid-1,82.4,5.51,15.6,0,6.3,,BC,1,Good
Computer Engineering,1,Physics,Before Mid-1,86.0,7.5,24.6,0,,,BB,1,Very Good
Information Technology,2,English,After Mid-1,97.5,9.66,31.9,0,10.0,,AA,1,Excellent
Civil Engineering,5,Soil Mechanics & Geotechnical Engg,Before Mid-1,98.2,8.8,32.3,0,,,AB,1,Excellent
Computer Engineering,4,Computer Organization & Architecture,After Mid-2,78.5,4.69,14.1,6,2.7,1.9,FF,0,At Risk
Civil Engineering,8,Construction Project Management,After Mid-1,91.9,7.19,20.1,0,5.4,,BC,1,Good
Electronics & Communication,3,Signals & Systems,After Mid-2,71.2,5.18,13.8,0,4.6,9.8,CD,1,Average
Information Technology,2,Basic Electronics,Before Mid-1,73.0,6.52,21.9,2,,,BC,1,Good
Information Technology,6,Data Warehousing & Mining,After Mid-1,93.5,8.83,24.3,0,8.2,,AA,1,Excellent
Mechanical Engineering,7,Refrigeration & Air Conditioning,Before Mid-1,71.3,5.95,19.2,1,,,CD,1,Average
Information Technology,1,Basic Electrical Engineering,Before Mid-1,64.7,7.26,21.8,0,,,BB,1,Very Good
Information Technology,3,IT Infrastructure & Management,After Mid-1,92.2,8.09,31.7,0,9.6,,AA,1,Excellent
Civil Engineering,1,Basic Civil Engineering,After Mid-2,81.1,6.88,27.4,0,6.9,14.8,BB,1,Very Good
Mechanical Engineering,5,Heat Transfer,After Mid-2,89.6,7.86,21.4,0,6.3,11.1,BB,1,Very Good
Computer Engineering,5,Professional Ethics & Human Values,Before Mid-1,84.0,6.5,18.4,0,,,BB,1,Very Good
Civil Engineering,3,Fluid Mechanics,After Mid-1,78.1,7.28,20.3,0,6.3,,BB,1,Very Good
Civil Engineering,8,Construction Project Management,Before Mid-1,72.5,4.97,14.7,3,,,FF,0,At Risk
Electrical Engineering,7,High Voltage Engineering,After Mid-1,83.9,7.0,20.7,1,5.2,,CC,1,Average
Information Technology,2,Physics,Before Mid-1,88.8,6.17,21.2,1,,,CC,1,Average
Information Technology,1,Environmental Sciences,After Mid-1,87.3,7.98,28.8,1,6.0,,BB,1,Very Good
Electrical Engineering,7,Project-1,After Mid-2,79.1,5.87,14.2,1,5.7,9.4,CC,1,Average
Mechanical Engineering,1,Mathematics-1,After Mid-2,90.3,7.85,22.2,0,5.4,11.9,BB,1,Very Good
Computer Engineering,2,Basic Electronics,Before Mid-1,97.2,9.0,20.8,0,,,AA,1,Excellent
Electronics & Communication,2,Engineering Graphics & Design,After Mid-1,84.6,6.95,21.9,0,6.6,,BB,1,Very Good
Information Technology,3,IT Infrastructure & Management,After Mid-1,84.9,7.59,21.7,0,6.4,,BB,1,Very Good
Computer Engineering,2,English,After Mid-2,77.3,7.28,25.8,1,6.6,15.0,BB,1,Very Good
Computer Engineering,5,Professional Ethics & Human Values,After Mid-1,85.3,6.97,17.9,1,7.3,,BB,1,Very Good
Civil Engineering,1,Physics,Before Mid-1,83.3,7.02,26.4,0,,,BB,1,Very Good
Computer Engineering,6,Advanced Java Programming,Before Mid-1,91.9,9.38,22.9,0,,,AA,1,Excellent
Civil Engineering,8,Bridge Engineering,After Mid-1,83.2,5.75,19.1,0,4.5,,BC,1,Good
Electrical Engineering,1,Physics,Before Mid-1,81.9,7.67,24.8,2,,,BC,1,Good
Electronics & Communication,6,Antenna & Wave Propagation,Before Mid-1,77.1,6.22,19.3,3,,,DD,1,At Risk
Mechanical Engineering,8,Industrial Engineering,After Mid-1,89.1,6.64,20.0,0,7.2,,BB,1,Very Good
Civil Engineering,6,Foundation Engineering,After Mid-2,75.3,6.19,17.7,1,4.0,7.4,CD,1,Average
Electronics & Communication,4,Microprocessor & Interfacing,After Mid-1,82.2,7.57,27.1,0,6.6,,BB,1,Very Good
Civil Engineering,7,Project-1,After Mid-1,64.3,6.82,15.5,0,6.6,,BC,1,Good
Civil Engineering,4,Advanced Surveying,Before Mid-1,82.6,7.15,21.5,0,,,BC,1,Good
Computer Engineering,3,Digital Fundamentals,Before Mid-1,75.5,6.55,16.7,0,,,BC,1,Good
Computer Engineering,3,Data Structures,Before Mid-1,66.9,4.0,9.2,4,,,FF,0,At Risk
Mechanical Engineering,4,Fluid Mechanics & Hydraulic Machines,After Mid-1,84.1,6.61,23.1,0,6.8,,BC,1,Good
Civil Engineering,1,Mathematics-1,After Mid-2,91.4,8.59,27.7,0,7.1,16.2,AB,1,Excellent
Computer Engineering,5,Computer Networks,After Mid-1,93.9,7.9,26.3,0,7.4,,AB,1,Excellent
Electrical Engineering,3,Electrical Measurements & Instrumentation,After Mid-1,82.5,6.79,21.0,0,6.5,,BB,1,Very Good
Electronics & Communication,6,Antenna & Wave Propagation,After Mid-1,93.9,9.46,26.2,0,7.4,,AA,1,Excellent
Mechanical Engineering,3,Manufacturing Processes-1,Before Mid-1,68.0,6.63,24.1,0,,,BB,1,Very Good
Electronics & Communication,3,Signals & Systems,Before Mid-1,99.1,9.29,26.8,0,,,AA,1,Excellent
Computer Engineering,2,Basic Electronics,After Mid-2,75.0,6.4,18.3,1,5.6,14.5,BC,1,Good
Electrical Engineering,8,Project-2,After Mid-2,76.1,5.05,6.9,1,3.7,8.2,CD,1,Average
Electrical Engineering,6,Testing & Maintenance of Electrical Equipment,After Mid-2,71.0,4.69,20.7,0,5.0,10.6,CC,1,Average
Computer Engineering,5,Cyber Security,After Mid-1,63.9,5.34,15.5,0,5.6,,BC,1,Good
Mechanical Engineering,3,Kinematics of Machines,After Mid-1,77.1,6.69,17.0,1,6.2,,CC,1,Average
Information Technology,1,Engineering Graphics & Design,After Mid-2,98.3,8.39,20.0,0,6.8,14.7,AB,1,Excellent
Civil Engineering,5,Soil Mechanics & Geotechnical Engg,Before Mid-1,70.9,5.87,13.4,2,,,FF,0,At Risk
Electrical Engineering,5,Electrical Machines-2,After Mid-2,85.8,7.42,15.8,0,7.9,15.1,BB,1,Very Good
Civil Engineering,7,Design of Reinforced Concrete Structures,After Mid-1,72.9,5.13,20.2,0,5.3,,CC,1,Average
Electrical Engineering,7,Project-1,Before Mid-1,83.7,6.95,20.5,0,,,BB,1,Very Good
Mechanical Engineering,8,Industrial Engineering,After Mid-1,85.4,8.32,22.3,0,7.6,,AB,1,Excellent
Civil Engineering,1,Basic Civil Engineering,Before Mid-1,97.5,8.62,28.6,0,,,AA,1,Excellent
Computer Engineering,6,Advanced Java Programming,After Mid-1,78.0,4.81,18.1,2,4.8,,CD,1,Average
Mechanical Engineering,4,Manufacturing Processes-2,Before Mid-1,81.2,6.88,17.4,0,,,BB,1,Very Good
Information Technology,3,IT Infrastructure & Management,After Mid-1,62.5,6.27,24.7,1,5.2,,CC,1,Average
Civil Engineering,5,Soil Mechanics & Geotechnical Engg,After Mid-1,80.6,7.27,19.5,0,6.7,,BB,1,Very Good
Electrical Engineering,7,High Voltage Engineering,Before Mid-1,97.4,9.41,30.4,1,,,AB,1,Excellent
Information Technology,4,Database Management Systems,After Mid-2,75.3,5.39,21.5,0,6.8,13.1,BB,1,Very Good
Mechanical Engineering,7,Power Plant Engineering,Before Mid-1,73.9,6.99,22.2,0,,,BB,1,Very Good
Computer Engineering,5,Computer Networks,Before Mid-1,93.4,8.69,24.9,0,,,AA,1,Excellent
Electronics & Communication,2,Engineering Graphics & Design,Before Mid-1,70.0,5.48,16.6,0,,,CC,1,Average
Civil Engineering,3,Mechanics of Solids,Before Mid-1,69.5,5.97,17.3,0,,,CC,1,Average
Information Technology,6,Cyber Security & Laws,Before Mid-1,100.0,8.36,28.3,0,,,AA,1,Excellent
Civil Engineering,3,Mechanics of Solids,After Mid-1,90.4,8.43,25.2,0,7.8,,AB,1,Excellent
Information Technology,5,Computer Networks,After Mid-2,86.9,7.91,26.7,0,7.3,14.0,AB,1,Excellent
Information Technology,3,Digital Electronics,Before Mid-1,86.7,6.82,17.1,0,,,BB,1,Very Good
Computer Engineering,4,Principles of Economics & Management,After Mid-2,63.4,6.2,24.2,3,5.1,10.0,CD,1,Average
Civil Engineering,4,Advanced Surveying,After Mid-2,70.2,6.83,16.4,2,5.2,10.1,CC,1,Average
Computer Engineering,3,Database Management Systems,After Mid-2,85.9,6.23,21.7,0,5.4,11.5,BC,1,Good
Computer Engineering,8,Big Data Analytics,After Mid-2,86.8,7.43,20.2,1,6.4,12.3,BC,1,Good
Information Technology,6,Mobile Computing,Before Mid-1,66.6,5.02,19.3,3,,,CD,1,Average
Civil Engineering,8,Bridge Engineering,After Mid-2,86.6,5.59,20.5,1,5.3,9.0,CC,1,Average
Information Technology,8,Big Data Analytics,Before Mid-1,80.0,6.82,19.9,0,,,BC,1,Good
Civil Engineering,2,Mathematics-2,After Mid-2,92.1,8.53,31.1,0,9.9,14.8,AA,1,Excellent
Computer Engineering,1,Mathematics-1,Before Mid-1,84.3,5.59,18.2,0,,,BC,1,Good
Information Technology,2,English,After Mid-1,91.1,9.58,29.5,0,7.5,,AA,1,Excellent
Computer Engineering,1,Mathematics-1,After Mid-2,76.7,4.78,15.6,3,4.4,7.3,FF,0,At Risk
Civil Engineering,7,Project-1,After Mid-1,88.6,7.24,21.6,0,7.0,,AB,1,Excellent
Electronics & Communication,1,Mathematics-1,After Mid-1,94.0,8.93,27.0,0,7.9,,AA,1,Excellent
Civil Engineering,1,Mathematics-1,After Mid-1,97.0,9.84,35.0,0,9.5,,AA,1,Excellent
Electrical Engineering,4,Electromagnetic Field Theory,After Mid-1,91.3,8.75,27.7,0,7.1,,AB,1,Excellent
Information Technology,1,Engineering Graphics & Design,Before Mid-1,85.5,7.27,18.3,0,,,BB,1,Very Good
Electrical Engineering,2,Basic Electronics,After Mid-2,86.1,8.17,33.6,0,9.5,20.0,AA,1,Excellent
Civil Engineering,4,Structural Analysis-1,Before Mid-1,83.0,5.67,12.0,4,,,FF,0,At Risk
Electrical Engineering,8,Renewable Energy Sources,Before Mid-1,88.1,5.66,21.7,0,,,BC,1,Good
Information Technology,1,Environmental Sciences,After Mid-2,90.0,6.19,19.5,2,7.2,12.6,BC,1,Good
Computer Engineering,6,Agile Software Development,After Mid-1,67.4,4.0,13.2,0,5.8,,CC,1,Average
Electrical Engineering,1,Environmental Sciences,After Mid-2,89.1,8.44,20.9,0,8.7,18.3,AA,1,Excellent
Computer Engineering,1,Engineering Graphics & Design,After Mid-1,86.4,7.41,21.2,1,6.6,,BB,1,Very Good
Computer Engineering,1,Basic Electrical Engineering,After Mid-2,82.0,8.21,24.8,0,6.5,11.9,BB,1,Very Good
Computer Engineering,3,Data Structures,After Mid-2,76.3,7.15,20.7,2,5.3,10.1,CC,1,Average
Electrical Engineering,1,Basic Electrical Engineering,After Mid-1,79.3,6.34,18.9,0,5.6,,BC,1,Good
Information Technology,8,Internet of Things,After Mid-2,97.5,7.14,17.3,0,6.0,12.0,BB,1,Very Good
Information Technology,2,Physics,After Mid-1,70.7,4.0,11.8,5,3.4,,FF,0,At Risk
Information Technology,2,Basic Electronics,After Mid-2,82.5,7.81,22.6,0,6.3,12.0,BB,1,Very Good
Computer Engineering,4,Operating System,After Mid-1,85.1,6.71,21.0,0,7.4,,BB,1,Very Good
Civil Engineering,1,Mathematics-1,After Mid-1,82.0,6.1,23.4,0,5.5,,BB,1,Very Good
Electrical Engineering,2,Programming for Problem Solving,After Mid-2,88.9,6.72,24.4,0,7.4,16.3,BB,1,Very Good
Mechanical Engineering,2,Programming for Problem Solving,After Mid-1,66.5,5.95,20.0,0,7.7,,BB,1,Very Good
Civil Engineering,6,Foundation Engineering,After Mid-1,78.3,6.77,26.9,0,5.9,,BC,1,Good
Electronics & Communication,6,VLSI Design,After Mid-1,86.3,6.64,20.0,1,5.6,,CC,1,Average
Computer Engineering,4,Principles of Economics & Management,After Mid-2,84.4,9.03,23.6,0,8.8,17.9,AA,1,Excellent
Mechanical Engineering,2,Workshop Practices,Before Mid-1,85.4,6.84,23.4,0,,,AB,1,Excellent
Computer Engineering,7,Project-1,After Mid-1,64.5,6.24,21.8,0,5.2,,BC,1,Good
Electrical Engineering,2,Mathematics-2,After Mid-1,81.7,6.13,18.2,0,5.5,,BC,1,Good
Electronics & Communication,1,Basic Electrical Engineering,After Mid-2,87.2,6.94,29.4,0,5.8,12.6,BB,1,Very Good
Electrical Engineering,7,Project-1,Before Mid-1,76.6,7.36,24.8,0,,,AB,1,Excellent
Information Technology,2,English,After Mid-2,81.5,6.98,14.2,1,8.0,13.2,BB,1,Very Good
Electrical Engineering,6,Power Electronics-1,After Mid-1,94.4,6.18,22.0,2,5.5,,CC,1,Average
Computer Engineering,2,Workshop/Manufacturing Practices,Before Mid-1,72.0,5.44,14.4,2,,,CC,1,Average
Electrical Engineering,4,Electromagnetic Field Theory,After Mid-2,82.8,5.57,13.2,1,6.3,8.4,CD,1,Average
Civil Engineering,7,Highway & Traffic Engineering,After Mid-1,67.7,6.28,22.9,0,4.7,,BC,1,Good
Computer Engineering,3,Data Structures,After Mid-2,90.0,7.37,20.2,0,6.8,15.3,BB,1,Very Good
Computer Engineering,8,Internet of Things,Before Mid-1,80.8,7.79,22.4,0,,,BB,1,Very Good
Mechanical Engineering,3,Engineering Thermodynamics,After Mid-1,77.5,6.33,26.2,0,5.4,,BC,1,Good
Electrical Engineering,4,Electrical Machines-1,After Mid-1,81.8,7.28,29.3,0,7.0,,BB,1,Very Good
Information Technology,5,Formal Languages & Automata Theory,Before Mid-1,74.8,5.49,17.1,1,,,CD,1,Average
Electronics & Communication,5,Microcontroller & Applications,After Mid-2,80.9,7.31,17.8,1,6.2,10.6,BC,1,Good
Civil Engineering,4,Structural Analysis-1,After Mid-2,91.6,7.76,18.7,1,7.3,13.2,BB,1,Very Good
Civil Engineering,2,Environmental Sciences,Before Mid-1,93.9,8.72,27.8,0,,,AA,1,Excellent
Mechanical Engineering,4,Applied Thermodynamics,After Mid-1,88.7,8.05,21.1,0,6.3,,BB,1,Very Good
Computer Engineering,8,Artificial Intelligence,Before Mid-1,91.9,7.55,20.5,0,,,BB,1,Very Good
Electronics & Communication,7,Satellite Communication,After Mid-1,61.6,5.38,14.2,0,3.9,,CD,1,Average
Computer Engineering,5,Software Engineering,Before Mid-1,100.0,8.92,31.9,0,,,AA,1,Excellent
Electrical Engineering,1,Mathematics-1,After Mid-1,81.1,6.01,19.1,2,6.0,,CC,1,Average
Electronics & Communication,1,Basic Electrical Engineering,Before Mid-1,74.4,6.32,25.4,1,,,BC,1,Good
Computer Engineering,6,Advanced Java Programming,After Mid-1,93.3,7.2,23.3,0,9.0,,AB,1,Excellent
Civil Engineering,1,Engineering Graphics & Design,After Mid-2,86.1,7.57,26.9,0,7.7,19.7,AB,1,Excellent
Electrical Engineering,3,Electrical Circuit Analysis,After Mid-1,75.3,5.73,18.7,1,5.9,,CC,1,Average
Computer Engineering,2,Programming for Problem Solving,After Mid-1,100.0,9.5,24.1,0,9.7,,AA,1,Excellent
Information Technology,7,Project-1,After Mid-2,96.3,7.94,23.9,0,10.0,19.7,AA,1,Excellent
Information Technology,6,Cyber Security & Laws,After Mid-2,86.6,9.55,30.3,0,8.1,15.3,AA,1,Excellent
Mechanical Engineering,7,Power Plant Engineering,After Mid-2,75.2,7.03,17.5,0,6.0,9.9,BC,1,Good
Civil Engineering,3,Mechanics of Solids,After Mid-1,77.7,8.26,21.5,0,5.9,,BB,1,Very Good
Mechanical Engineering,4,Fluid Mechanics & Hydraulic Machines,After Mid-2,79.7,7.95,24.0,0,6.4,12.5,BB,1,Very Good
Electronics & Communication,6,VLSI Design,After Mid-1,76.6,7.76,24.1,0,7.5,,AB,1,Excellent
Mechanical Engineering,7,Refrigeration & Air Conditioning,After Mid-1,89.3,7.5,21.2,0,7.1,,BB,1,Very Good
Electrical Engineering,1,Physics,After Mid-2,82.1,7.47,26.6,0,6.3,13.5,BB,1,Very Good
Electrical Engineering,2,Mathematics-2,After Mid-2,70.6,6.85,16.7,0,6.4,12.4,BC,1,Good
Civil Engineering,3,Fluid Mechanics,Before Mid-1,80.6,4.0,15.9,1,,,DD,1,At Risk
Information Technology,6,Web Technology,Before Mid-1,90.3,7.48,25.0,0,,,AB,1,Excellent
Mechanical Engineering,8,Project-2,After Mid-1,83.8,6.14,18.7,0,6.0,,BC,1,Good
Electrical Engineering,5,Electrical Power System-1,After Mid-1,94.2,8.8,22.0,0,8.7,,AB,1,Excellent
Civil Engineering,2,Mathematics-2,After Mid-2,67.9,4.1,17.0,3,3.2,4.7,FF,0,At Risk
Information Technology,1,Environmental Sciences,After Mid-1,100.0,7.46,24.0,0,9.5,,AA,1,Excellent
Mechanical Engineering,7,Project-1,After Mid-1,80.6,5.49,19.5,1,6.2,,BC,1,Good
Electronics & Communication,5,Digital Communication,After Mid-1,86.5,8.23,23.1,1,6.0,,BC,1,Good
Electrical Engineering,4,Electrical Machines-1,Before Mid-1,93.9,6.1,17.7,2,,,CC,1,Average
Mechanical Engineering,7,Project-1,After Mid-2,80.6,7.98,29.7,0,8.8,18.5,AB,1,Excellent
Civil Engineering,6,Foundation Engineering,After Mid-2,87.8,7.5,26.1,0,7.9,16.4,AB,1,Excellent
Mechanical Engineering,3,Engineering Thermodynamics,After Mid-1,80.7,7.96,29.0,0,6.6,,BB,1,Very Good
Information Technology,6,Mobile Computing,After Mid-2,77.5,5.53,20.1,0,4.7,8.5,BC,1,Good
Mechanical Engineering,3,Material Science & Metallurgy,After Mid-2,80.7,6.86,22.3,0,7.2,18.0,BB,1,Very Good
Electronics & Communication,4,Control Systems,After Mid-1,85.5,8.42,24.9,0,6.7,,BB,1,Very Good
Civil Engineering,2,Workshop Practices,After Mid-1,93.6,7.35,22.1,0,8.4,,AB,1,Excellent
Mechanical Engineering,1,Engineering Graphics & Design,After Mid-1,95.7,5.86,18.4,0,5.6,,BC,1,Good
Electrical Engineering,8,Power Quality & Management,Before Mid-1,82.0,8.8,24.6,0,,,AB,1,Excellent
Civil Engineering,1,Basic Civil Engineering,After Mid-2,63.4,4.88,16.5,4,3.9,5.3,FF,0,At Risk
Mechanical Engineering,7,Refrigeration & Air Conditioning,After Mid-2,82.0,6.4,25.8,0,5.9,11.9,BC,1,Good
Mechanical Engineering,4,Fluid Mechanics & Hydraulic Machines,After Mid-2,86.3,6.87,21.7,1,6.4,11.9,BC,1,Good
Information Technology,8,Distributed Systems,After Mid-1,81.8,7.48,29.7,0,6.0,,BB,1,Very Good
Electronics & Communication,5,Microcontroller & Applications,After Mid-2,71.8,8.6,27.7,0,7.9,14.3,AB,1,Excellent
Civil Engineering,1,Mathematics-1,Before Mid-1,83.1,4.91,17.2,4,,,DD,1,At Risk
Electronics & Communication,1,Basic Electronics,Before Mid-1,64.3,5.72,15.0,2,,,FF,0,At Risk
Computer Engineering,5,Professional Ethics & Human Values,Before Mid-1,78.7,6.44,16.4,3,,,CC,1,Average
Information Technology,8,Project-2,After Mid-1,78.9,6.75,22.7,0,6.6,,BB,1,Very Good
Electrical Engineering,5,Electrical Machines-2,Before Mid-1,92.6,9.55,29.3,0,,,AA,1,Excellent
Electrical Engineering,2,Engineering Graphics & Design,Before Mid-1,81.5,6.37,11.6,1,,,BC,1,Good
Electrical Engineering,2,Programming for Problem Solving,After Mid-2,82.2,7.65,18.4,1,6.7,12.6,BB,1,Very Good
Information Technology,6,Mobile Computing,After Mid-2,93.8,6.25,24.9,1,6.4,12.1,BC,1,Good
Information Technology,4,Database Management Systems,After Mid-2,82.2,7.29,16.5,0,7.3,13.2,BB,1,Very Good
Computer Engineering,2,Workshop/Manufacturing Practices,After Mid-1,79.2,6.15,13.6,0,7.5,,BB,1,Very Good
Electronics & Communication,4,Analog Communication,After Mid-1,82.7,7.14,22.8,3,6.4,,CC,1,Average
Electronics & Communication,8,Radar & Navigational Aids,After Mid-2,80.6,6.79,27.2,0,5.9,13.1,BB,1,Very Good
Information Technology,1,Engineering Graphics & Design,Before Mid-1,92.8,7.9,22.2,0,,,AB,1,Excellent
Mechanical Engineering,2,Environmental Sciences,After Mid-1,69.8,5.82,16.6,0,6.5,,BC,1,Good
Information Technology,6,Data Warehousing & Mining,After Mid-1,84.1,6.88,22.2,0,5.4,,BC,1,Good
Computer Engineering,1,Basic Electrical Engineering,After Mid-1,88.8,7.22,21.9,0,5.4,,BB,1,Very Good
Civil Engineering,2,Environmental Sciences,After Mid-1,87.9,6.44,25.3,1,6.8,,BB,1,Very Good
Mechanical Engineering,1,Physics,After Mid-1,83.2,8.82,22.9,0,8.7,,AB,1,Excellent
Electronics & Communication,1,Basic Electrical Engineering,After Mid-1,96.3,9.88,33.1,0,9.6,,AA,1,Excellent
Computer Engineering,1,Engineering Graphics & Design,After Mid-2,100.0,8.25,24.0,0,7.1,15.9,AB,1,Excellent
Mechanical Engineering,2,Mathematics-2,After Mid-2,79.0,7.44,22.7,0,6.6,12.6,BB,1,Very Good
Civil Engineering,7,Design of Reinforced Concrete Structures,Before Mid-1,77.7,7.3,23.9,0,,,BC,1,Good
Computer Engineering,5,Cyber Security,After Mid-1,90.6,8.86,21.0,0,8.4,,AA,1,Excellent
Electronics & Communication,8,Radar & Navigational Aids,Before Mid-1,72.3,5.59,22.7,0,,,BC,1,Good
Mechanical Engineering,4,Applied Thermodynamics,After Mid-1,77.8,6.65,17.3,0,6.0,,BC,1,Good
Civil Engineering,4,Advanced Surveying,After Mid-2,68.5,5.61,19.2,4,4.3,8.3,FF,0,At Risk
Computer Engineering,5,Cyber Security,Before Mid-1,90.2,7.5,19.2,0,,,AB,1,Excellent
Electronics & Communication,4,Control Systems,After Mid-2,69.9,6.31,12.8,4,4.4,6.0,FF,0,At Risk
Mechanical Engineering,6,Production Technology,Before Mid-1,73.5,6.29,20.4,0,,,BC,1,Good
Computer Engineering,3,Database Management Systems,Before Mid-1,80.2,5.33,18.1,0,,,BC,1,Good
Computer Engineering,1,Engineering Graphics & Design,After Mid-1,90.7,8.47,17.8,0,8.9,,AA,1,Excellent
Computer Engineering,3,Data Structures,Before Mid-1,79.7,5.91,16.8,0,,,CC,1,Average
Computer Engineering,5,Computer Networks,After Mid-2,71.6,6.38,23.2,1,5.3,10.3,BC,1,Good
Civil Engineering,1,Basic Civil Engineering,Before Mid-1,84.8,6.04,16.6,1,,,BC,1,Good
Civil Engineering,7,Project-1,After Mid-1,75.6,6.0,20.9,0,5.8,,BC,1,Good
Electronics & Communication,1,Mathematics-1,After Mid-2,85.7,7.6,18.6,0,8.6,15.7,AB,1,Excellent
Computer Engineering,3,Data Structures,After Mid-2,73.9,7.06,21.0,0,6.7,13.0,BC,1,Good
Civil Engineering,8,Bridge Engineering,Before Mid-1,79.9,6.34,20.4,1,,,BC,1,Good
Mechanical Engineering,7,Project-1,Before Mid-1,91.9,6.94,17.5,1,,,BC,1,Good
Computer Engineering,7,Machine Learning,After Mid-1,72.0,5.52,20.1,3,2.7,,FF,0,At Risk
Computer Engineering,1,Basic Electrical Engineering,After Mid-2,77.0,4.88,10.8,1,5.4,9.3,CC,1,Average
Mechanical Engineering,1,Engineering Graphics & Design,After Mid-2,77.2,7.43,19.9,1,7.5,14.0,BB,1,Very Good
Computer Engineering,6,Agile Software Development,Before Mid-1,89.5,6.8,21.3,0,,,AB,1,Excellent
Civil Engineering,2,Mathematics-2,After Mid-2,80.6,8.22,19.7,0,7.3,16.1,BB,1,Very Good
Computer Engineering,3,Effective Technical Communication,After Mid-2,75.2,4.89,10.0,0,5.5,12.8,BC,1,Good
Electrical Engineering,8,Renewable Energy Sources,After Mid-1,92.5,7.29,23.9,2,6.5,,BC,1,Good
Electrical Engineering,2,Programming for Problem Solving,After Mid-1,83.4,6.66,22.7,0,6.5,,BB,1,Very Good
Mechanical Engineering,6,Operations Research,After Mid-2,85.6,6.27,23.2,0,7.5,14.6,BB,1,Very Good
Computer Engineering,6,Advanced Java Programming,After Mid-2,84.6,5.77,14.0,0,6.1,11.9,BC,1,Good
Electrical Engineering,4,Electrical Machines-1,Before Mid-1,85.4,7.97,29.3,0,,,AB,1,Excellent
Electronics & Communication,3,Signals & Systems,After Mid-1,86.9,7.72,26.4,0,7.6,,BB,1,Very Good
Electronics & Communication,8,Wireless Communication,After Mid-1,89.4,7.41,19.7,0,6.8,,BB,1,Very Good
Electronics & Communication,6,VLSI Design,After Mid-2,75.6,5.95,21.5,0,5.2,10.6,BC,1,Good
Civil Engineering,7,Highway & Traffic Engineering,After Mid-2,86.0,6.02,12.0,0,6.2,14.1,BC,1,Good
Civil Engineering,4,Transportation Engineering,After Mid-1,91.1,6.83,23.9,0,6.1,,BB,1,Very Good
Mechanical Engineering,7,Project-1,After Mid-2,82.8,7.43,20.6,0,6.0,13.3,BB,1,Very Good
Mechanical Engineering,6,Operations Research,Before Mid-1,79.0,7.1,19.6,0,,,BB,1,Very Good
Computer Engineering,2,Mathematics-2,Before Mid-1,85.4,7.46,21.1,0,,,BB,1,Very Good
Mechanical Engineering,8,Automobile Engineering,After Mid-2,89.3,7.81,21.3,0,6.0,13.8,BB,1,Very Good
Information Technology,7,Information Retrieval,After Mid-2,80.4,8.21,22.4,0,6.6,11.1,BB,1,Very Good
Information Technology,2,English,Before Mid-1,86.0,6.59,20.5,0,,,BC,1,Good
Mechanical Engineering,7,Project-1,Before Mid-1,72.3,5.23,22.5,1,,,CC,1,Average
Computer Engineering,7,Cloud Computing,After Mid-2,82.1,6.61,24.1,0,6.4,13.7,BB,1,Very Good
Electrical Engineering,6,Testing & Maintenance of Electrical Equipment,After Mid-2,77.0,7.23,19.7,0,8.1,12.6,BB,1,Very Good
Computer Engineering,1,Engineering Graphics & Design,After Mid-1,91.7,7.91,21.1,0,7.2,,AB,1,Excellent
Civil Engineering,5,Hydrology & Water Resources Engg,After Mid-1,82.9,7.62,16.2,0,7.9,,BB,1,Very Good
Computer Engineering,1,Basic Electrical Engineering,After Mid-2,85.3,8.5,27.2,0,8.9,18.2,AA,1,Excellent
Electrical Engineering,2,Programming for Problem Solving,After Mid-1,100.0,8.3,21.0,0,8.3,,AB,1,Excellent
Electronics & Communication,7,Embedded Systems,After Mid-1,90.2,9.05,23.9,0,6.8,,AB,1,Excellent
Computer Engineering,8,Internet of Things,Before Mid-1,75.5,6.77,18.4,0,,,BB,1,Very Good
Electrical Engineering,6,Testing & Maintenance of Electrical Equipment,After Mid-2,87.1,7.36,26.2,0,5.9,14.9,BB,1,Very Good
Computer Engineering,1,Basic Electrical Engineering,After Mid-2,82.9,7.32,20.7,0,8.1,15.6,AB,1,Excellent
Mechanical Engineering,1,Physics,After Mid-1,85.1,7.02,18.5,0,5.9,,BB,1,Very Good
Electronics & Communication,2,Engineering Graphics & Design,After Mid-1,81.3,6.68,17.3,0,6.7,,BB,1,Very Good
Electronics & Communication,7,Microwave Engineering,After Mid-2,73.0,7.12,19.3,0,4.5,8.3,BC,1,Good
Computer Engineering,4,Principles of Economics & Management,Before Mid-1,90.6,5.86,15.4,0,,,BB,1,Very Good
Computer Engineering,4,Discrete Mathematics,Before Mid-1,83.1,5.95,14.6,0,,,CC,1,Average
Electronics & Communication,2,Environmental Sciences,Before Mid-1,79.2,8.26,29.6,0,,,AB,1,Excellent
Electronics & Communication,2,Mathematics-2,Before Mid-1,77.4,5.0,10.3,1,,,CD,1,Average
Electrical Engineering,5,Electrical Machines-2,After Mid-2,83.5,7.32,22.9,0,5.5,9.9,BC,1,Good
Information Technology,8,Internet of Things,After Mid-2,73.2,6.6,23.6,0,6.8,13.0,BB,1,Very Good
Information Technology,6,Web Technology,Before Mid-1,70.6,4.96,12.5,3,,,FF,0,At Risk
Information Technology,4,Object Oriented Programming - Java,After Mid-2,90.3,5.67,19.0,1,6.4,11.5,BC,1,Good
Electrical Engineering,7,High Voltage Engineering,Before Mid-1,77.1,8.51,25.4,0,,,AB,1,Excellent
Electronics & Communication,8,Project-2,After Mid-2,96.8,7.61,23.4,0,6.1,8.9,BB,1,Very Good
Civil Engineering,5,Structural Analysis-2,After Mid-2,91.8,7.97,19.5,0,6.3,12.0,BB,1,Very Good
Mechanical Engineering,7,Project-1,After Mid-2,81.9,5.19,14.1,1,6.1,10.8,CC,1,Average
Electronics & Communication,3,Network Theory,After Mid-2,84.8,8.33,30.2,0,6.9,11.4,BB,1,Very Good
Computer Engineering,2,Workshop/Manufacturing Practices,After Mid-2,89.2,8.85,24.3,0,9.0,20.0,AA,1,Excellent
Electronics & Communication,7,Embedded Systems,After Mid-1,97.6,7.09,16.6,0,6.0,,BB,1,Very Good
Information Technology,5,Formal Languages & Automata Theory,After Mid-1,72.0,8.11,20.2,0,5.8,,BB,1,Very Good
Computer Engineering,5,Professional Ethics & Human Values,After Mid-2,87.6,8.03,26.0,0,8.0,15.1,AA,1,Excellent
Computer Engineering,8,Internet of Things,Before Mid-1,90.8,8.18,21.4,0,,,AB,1,Excellent
Computer Engineering,6,Web Technology,After Mid-1,88.7,6.95,22.7,0,6.2,,BB,1,Very Good
Electronics & Communication,7,Microwave Engineering,After Mid-1,99.4,8.29,29.8,0,8.5,,AB,1,Excellent
Civil Engineering,5,Soil Mechanics & Geotechnical Engg,Before Mid-1,70.8,4.57,12.1,5,,,FF,0,At Risk
Information Technology,7,Mobile Application Development,After Mid-1,70.1,4.71,10.9,5,2.7,,FF,0,At Risk
Computer Engineering,7,Cloud Computing,After Mid-2,76.5,7.68,31.5,0,8.2,18.1,AA,1,Excellent
Mechanical Engineering,1,Basic Mechanical Engineering,After Mid-1,88.0,7.06,22.8,0,6.2,,BB,1,Very Good
Electronics & Communication,6,Antenna & Wave Propagation,After Mid-2,83.4,5.6,20.2,1,4.5,8.1,CC,1,Average
Electronics & Communication,2,Programming for Problem Solving,After Mid-1,95.3,9.28,30.1,0,7.9,,AA,1,Excellent
Computer Engineering,2,Mathematics-2,After Mid-1,84.7,8.01,27.5,0,7.0,,BB,1,Very Good
Electronics & Communication,1,Physics,Before Mid-1,82.9,9.15,24.7,0,,,AB,1,Excellent
Electrical Engineering,1,Mathematics-1,Before Mid-1,76.6,5.33,22.3,2,,,CC,1,Average
Information Technology,6,Web Technology,After Mid-2,78.9,5.2,16.2,1,6.1,10.3,CC,1,Average
Civil Engineering,3,Building Construction & Materials,After Mid-1,68.8,4.89,14.2,4,4.0,,FF,0,At Risk
Mechanical Engineering,8,Industrial Engineering,After Mid-2,77.7,6.32,18.8,2,4.5,9.5,CC,1,Average
Mechanical Engineering,4,Fluid Mechanics & Hydraulic Machines,After Mid-1,83.0,6.55,16.0,0,5.1,,BC,1,Good
Computer Engineering,4,Operating System,After Mid-2,85.9,7.21,26.6,0,5.6,9.6,BB,1,Very Good
Computer Engineering,3,Effective Technical Communication,After Mid-2,89.7,8.14,19.2,0,8.7,16.7,AB,1,Excellent
Electrical Engineering,2,Basic Electronics,After Mid-1,85.9,6.29,19.1,5,4.3,,FF,0,At Risk
Civil Engineering,8,Earthquake Engineering,After Mid-2,63.5,4.42,18.3,1,4.1,9.1,CD,1,Average
Civil Engineering,1,Engineering Graphics & Design,Before Mid-1,75.8,5.88,16.4,0,,,BC,1,Good
Computer Engineering,4,Operating System,After Mid-2,83.0,7.71,22.6,0,6.7,15.1,BB,1,Very Good
Electronics & Communication,7,Project-1,After Mid-2,85.9,6.41,17.3,1,6.4,10.4,BC,1,Good
Electronics & Communication,2,Mathematics-2,After Mid-2,91.8,7.3,24.1,2,5.9,12.1,BC,1,Good
Computer Engineering,1,Physics,After Mid-2,68.3,7.98,24.4,0,6.4,13.1,BB,1,Very Good
Electronics & Communication,5,Integrated Circuits & Applications,After Mid-2,76.0,4.45,16.0,0,4.1,5.9,CD,1,Average
Civil Engineering,2,Mathematics-2,After Mid-1,82.3,6.62,23.0,0,5.2,,BC,1,Good
Electrical Engineering,1,Environmental Sciences,Before Mid-1,87.6,9.16,22.2,0,,,AA,1,Excellent
Computer Engineering,1,Basic Electrical Engineering,After Mid-2,82.5,7.59,15.7,0,7.4,11.8,BB,1,Very Good
Computer Engineering,8,Project-2,After Mid-1,76.0,8.02,25.0,0,7.1,,AB,1,Excellent
Mechanical Engineering,2,Environmental Sciences,Before Mid-1,87.1,6.17,19.9,3,,,CC,1,Average
Civil Engineering,1,Engineering Graphics & Design,After Mid-1,94.6,9.21,25.5,0,9.5,,AA,1,Excellent
Computer Engineering,8,Internet of Things,After Mid-1,81.7,5.37,15.6,4,4.7,,FF,0,At Risk
Electronics & Communication,1,Mathematics-1,After Mid-1,84.5,6.73,17.9,0,5.0,,BC,1,Good
Civil Engineering,1,Engineering Graphics & Design,Before Mid-1,82.3,5.31,12.0,1,,,CC,1,Average
Computer Engineering,1,Physics,After Mid-2,88.1,9.1,28.1,0,7.7,15.3,AB,1,Excellent
Information Technology,4,Object Oriented Programming - Java,Before Mid-1,70.1,4.68,14.3,1,,,DD,1,At Risk
Electrical Engineering,2,Mathematics-2,After Mid-1,88.0,7.48,25.7,0,6.9,,BB,1,Very Good
Civil Engineering,7,Irrigation Engineering,After Mid-2,83.7,5.83,15.4,0,5.9,9.9,BC,1,Good
Mechanical Engineering,1,Physics,Before Mid-1,100.0,9.97,24.9,0,,,AA,1,Excellent
Electrical Engineering,2,Mathematics-2,Before Mid-1,96.5,7.64,18.0,0,,,BB,1,Very Good
Electronics & Communication,6,VLSI Design,After Mid-1,75.1,8.33,28.5,0,6.3,,BB,1,Very Good
Computer Engineering,4,Operating System,After Mid-2,81.6,6.51,22.5,0,5.7,12.1,BB,1,Very Good
Civil Engineering,6,Environmental Engineering,After Mid-2,80.6,5.37,23.0,0,4.6,9.0,BC,1,Good
Electronics & Communication,2,Mathematics-2,After Mid-2,74.3,7.29,24.7,0,5.3,10.7,BC,1,Good
Mechanical Engineering,4,Fluid Mechanics & Hydraulic Machines,After Mid-2,100.0,7.5,26.8,0,6.5,12.0,BB,1,Very Good
Computer Engineering,6,Data Analysis & Visualization,After Mid-1,72.1,5.85,13.1,0,4.8,,CC,1,Average
Information Technology,5,Software Engineering,Before Mid-1,77.3,6.05,19.0,2,,,CC,1,Average
Electronics & Communication,8,Wireless Communication,After Mid-1,72.7,8.31,23.6,0,7.9,,BB,1,Very Good
Information Technology,3,Digital Electronics,After Mid-1,81.3,7.51,23.4,0,7.3,,AB,1,Excellent
Computer Engineering,5,Analysis & Design of Algorithms,After Mid-1,88.1,6.77,17.5,2,5.4,,CC,1,Average
Civil Engineering,5,Structural Analysis-2,Before Mid-1,88.8,8.01,24.4,0,,,AB,1,Excellent
Electrical Engineering,5,Electrical Power System-1,After Mid-1,82.8,7.91,25.6,0,8.4,,AB,1,Excellent
Civil Engineering,4,Advanced Surveying,After Mid-1,85.4,7.2,20.4,0,7.2,,BB,1,Very Good
Mechanical Engineering,2,Environmental Sciences,Before Mid-1,86.8,6.35,18.2,2,,,BC,1,Good
Mechanical Engineering,8,Renewable Energy Engineering,After Mid-1,79.0,6.28,14.1,0,6.0,,BC,1,Good
Electronics & Communication,7,Satellite Communication,After Mid-1,85.8,6.23,24.8,6,3.4,,FF,0,At Risk
Information Technology,5,Software Engineering,After Mid-2,77.9,7.53,25.9,0,7.1,14.3,AB,1,Excellent
Mechanical Engineering,1,Mathematics-1,After Mid-2,70.0,4.79,18.6,1,4.5,7.8,CC,1,Average
Civil Engineering,4,Advanced Surveying,After Mid-2,80.5,6.86,25.8,0,6.3,13.2,BB,1,Very Good
Computer Engineering,7,Cloud Computing,After Mid-2,78.8,7.18,24.4,0,6.3,13.3,BB,1,Very Good
Mechanical Engineering,6,Computer Aided Design (CAD),After Mid-1,89.9,6.83,21.4,2,5.6,,BC,1,Good
Mechanical Engineering,7,Refrigeration & Air Conditioning,Before Mid-1,82.2,6.57,19.3,0,,,BC,1,Good
Civil Engineering,2,Mathematics-2,After Mid-2,80.4,9.28,25.2,0,8.9,17.5,AA,1,Excellent
Information Technology,7,Project-1,After Mid-2,84.4,6.87,19.8,0,7.8,15.2,BB,1,Very Good
Computer Engineering,5,Computer Networks,Before Mid-1,87.8,6.15,23.9,1,,,BC,1,Good
Mechanical Engineering,4,Manufacturing Processes-2,After Mid-2,89.6,8.57,25.3,0,10.0,17.9,AA,1,Excellent
Computer Engineering,6,Web Technology,After Mid-2,74.3,6.95,18.0,0,7.4,11.8,BC,1,Good
Computer Engineering,5,Software Engineering,After Mid-1,88.6,8.09,24.6,0,9.2,,AA,1,Excellent
Electrical Engineering,2,Programming for Problem Solving,Before Mid-1,80.8,6.33,14.6,0,,,CC,1,Average
Electrical Engineering,3,Analog Electronics,After Mid-1,74.7,6.27,17.0,0,6.3,,BC,1,Good
Electronics & Communication,7,Satellite Communication,After Mid-1,88.4,7.01,25.7,1,7.5,,BB,1,Very Good
Computer Engineering,5,Software Engineering,After Mid-1,88.4,9.56,30.1,0,9.4,,AA,1,Excellent
Electronics & Communication,2,Engineering Graphics & Design,Before Mid-1,91.7,8.93,25.7,0,,,AA,1,Excellent
Electronics & Communication,4,Microprocessor & Interfacing,After Mid-1,78.8,5.62,12.7,1,3.5,,CD,1,Average
Information Technology,3,Digital Electronics,After Mid-1,78.8,5.79,20.0,0,5.3,,BC,1,Good
Computer Engineering,4,Computer Organization & Architecture,After Mid-2,91.9,7.77,19.8,0,7.3,12.0,BB,1,Very Good
Computer Engineering,8,Project-2,After Mid-1,75.2,4.21,18.2,1,4.8,,CD,1,Average
Civil Engineering,8,Bridge Engineering,After Mid-1,92.1,7.33,21.1,1,4.4,,BC,1,Good
Civil Engineering,2,Programming for Problem Solving,After Mid-1,85.8,6.08,22.6,0,5.6,,BC,1,Good
Mechanical Engineering,2,Environmental Sciences,After Mid-2,79.6,7.87,15.6,0,8.4,15.9,AB,1,Excellent
Computer Engineering,8,Internet of Things,After Mid-1,83.8,7.38,17.6,0,6.6,,BB,1,Very Good
Civil Engineering,3,Building Construction & Materials,Before Mid-1,81.0,7.72,26.7,0,,,AB,1,Excellent
Information Technology,2,Physics,Before Mid-1,86.9,7.78,21.0,0,,,BB,1,Very Good
Electronics & Communication,2,Engineering Graphics & Design,After Mid-2,75.7,5.67,10.5,0,5.7,10.4,BC,1,Good
Mechanical Engineering,1,Mathematics-1,Before Mid-1,83.4,8.57,27.2,0,,,AB,1,Excellent
Electronics & Communication,7,Project-1,After Mid-1,87.4,10.0,24.1,0,9.4,,AA,1,Excellent
Computer Engineering,2,Programming for Problem Solving,After Mid-1,87.6,6.3,17.2,1,6.0,,BC,1,Good
Information Technology,3,Effective Technical Communication,After Mid-1,89.2,6.42,20.7,1,6.9,,BB,1,Very Good
Electronics & Communication,1,Mathematics-1,After Mid-2,87.2,8.94,25.4,0,9.2,17.5,AA,1,Excellent
Civil Engineering,1,Mathematics-1,After Mid-2,85.6,7.12,25.9,0,7.1,17.0,AB,1,Excellent
Electronics & Communication,3,Digital Electronics,After Mid-1,74.2,6.82,20.5,0,5.8,,BC,1,Good
Mechanical Engineering,7,Power Plant Engineering,After Mid-1,71.1,7.05,23.6,0,7.7,,BB,1,Very Good
Civil Engineering,3,Mechanics of Solids,After Mid-1,70.3,7.07,19.8,0,5.6,,BC,1,Good
Computer Engineering,3,Digital Fundamentals,After Mid-1,92.2,7.34,20.6,0,7.3,,AB,1,Excellent
Electronics & Communication,7,Project-1,Before Mid-1,84.0,6.43,18.2,1,,,BC,1,Good
Information Technology,2,Physics,After Mid-2,71.8,6.44,19.2,2,4.3,8.3,CD,1,Average
Mechanical Engineering,8,Renewable Energy Engineering,After Mid-2,71.1,5.72,24.5,1,5.8,9.5,CC,1,Average
Computer Engineering,5,Computer Networks,After Mid-1,84.4,6.93,21.5,0,6.1,,BB,1,Very Good
Information Technology,7,Data Mining & Business Intelligence,After Mid-2,85.0,7.27,22.0,0,8.2,15.8,BB,1,Very Good
Electrical Engineering,4,Electromagnetic Field Theory,Before Mid-1,67.2,6.16,23.0,0,,,CC,1,Average
Computer Engineering,6,Data Analysis & Visualization,After Mid-2,79.6,7.31,20.5,0,8.2,15.6,AB,1,Excellent
Electronics & Communication,8,Wireless Communication,Before Mid-1,82.2,6.58,22.8,0,,,BB,1,Very Good
Computer Engineering,6,Advanced Java Programming,After Mid-2,83.6,6.59,23.2,0,6.1,13.7,BB,1,Very Good
Information Technology,3,Effective Technical Communication,After Mid-2,70.7,5.48,16.5,1,5.1,10.6,BC,1,Good
Electrical Engineering,1,Mathematics-1,After Mid-1,74.3,5.59,12.8,1,5.4,,CC,1,Average
Computer Engineering,2,English,After Mid-2,99.8,8.69,25.8,0,8.0,15.9,AA,1,Excellent
Mechanical Engineering,6,Operations Research,After Mid-2,69.9,7.18,22.3,0,6.6,12.5,BB,1,Very Good
Information Technology,6,Mobile Computing,Before Mid-1,97.5,7.96,22.7,0,,,AA,1,Excellent
Information Technology,7,Information Retrieval,After Mid-2,81.9,5.27,15.7,1,5.3,9.8,CC,1,Average
Mechanical Engineering,2,Mathematics-2,Before Mid-1,88.4,7.2,20.8,2,,,BC,1,Good
Mechanical Engineering,2,Workshop Practices,After Mid-2,60.1,5.86,22.7,1,5.4,13.3,BC,1,Good
Information Technology,8,Distributed Systems,After Mid-2,83.0,7.78,24.5,1,7.6,13.5,BB,1,Very Good
Information Technology,7,Mobile Application Development,After Mid-1,81.7,8.72,16.3,0,8.1,,AB,1,Excellent
Civil Engineering,7,Project-1,After Mid-1,97.3,8.82,34.4,0,8.4,,AA,1,Excellent
Computer Engineering,4,Computer Organization & Architecture,After Mid-2,82.8,6.17,25.1,1,3.3,5.1,CC,1,Average
Information Technology,7,Information Retrieval,Before Mid-1,88.6,7.5,22.1,3,,,CC,1,Average
Information Technology,2,Mathematics-2,After Mid-1,78.3,6.78,24.5,0,6.2,,BB,1,Very Good
Computer Engineering,5,Computer Networks,After Mid-1,74.1,5.6,21.2,1,5.2,,CC,1,Average
Information Technology,4,Object Oriented Programming - Java,After Mid-1,73.2,4.38,17.7,2,4.2,,DD,1,At Risk
Computer Engineering,2,Mathematics-2,After Mid-1,68.8,4.92,19.2,1,3.8,,CD,1,Average
Information Technology,6,Web Technology,After Mid-1,71.5,6.66,16.9,0,6.2,,BB,1,Very Good
Electrical Engineering,7,High Voltage Engineering,Before Mid-1,79.4,7.06,25.4,0,,,BB,1,Very Good
Civil Engineering,1,Engineering Graphics & Design,After Mid-1,91.4,6.27,22.4,3,6.2,,CC,1,Average
Civil Engineering,2,Mathematics-2,After Mid-1,83.2,7.55,22.7,0,6.4,,BB,1,Very Good
Information Technology,1,Basic Electrical Engineering,After Mid-1,83.3,7.05,26.7,0,7.0,,BB,1,Very Good
Electrical Engineering,8,Renewable Energy Sources,After Mid-1,78.3,6.82,20.5,0,4.2,,BC,1,Good
Mechanical Engineering,4,Fluid Mechanics & Hydraulic Machines,After Mid-1,76.8,4.79,21.2,3,4.9,,FF,0,At Risk
Mechanical Engineering,5,Internal Combustion Engines,After Mid-1,73.5,7.02,29.7,1,6.6,,BB,1,Very Good
Electrical Engineering,1,Mathematics-1,Before Mid-1,83.6,7.66,20.3,0,,,BB,1,Very Good
Civil Engineering,2,Environmental Sciences,After Mid-2,88.4,7.25,22.7,0,6.7,16.8,AB,1,Excellent
Civil Engineering,7,Project-1,After Mid-1,85.0,6.23,17.7,0,6.3,,BB,1,Very Good
Mechanical Engineering,5,Machine Design-1,After Mid-1,73.9,5.43,19.2,0,2.7,,CD,1,Average
Electrical Engineering,6,Testing & Maintenance of Electrical Equipment,After Mid-2,79.6,6.68,15.9,0,5.9,11.2,BC,1,Good
Mechanical Engineering,4,Applied Thermodynamics,After Mid-1,78.9,5.8,23.7,0,4.9,,BC,1,Good
Electronics & Communication,8,Radar & Navigational Aids,After Mid-2,95.8,8.61,22.5,0,7.8,14.0,AB,1,Excellent
Information Technology,2,English,After Mid-2,84.8,6.64,23.8,0,5.3,11.3,BB,1,Very Good
Computer Engineering,4,Discrete Mathematics,Before Mid-1,82.1,6.13,19.2,1,,,CC,1,Average
Electronics & Communication,3,Signals & Systems,After Mid-1,94.5,7.77,22.2,0,7.6,,AB,1,Excellent
Computer Engineering,7,Compiler Design,Before Mid-1,74.4,5.1,20.2,1,,,CC,1,Average
Information Technology,8,Internet of Things,After Mid-1,57.2,4.66,22.3,2,2.6,,FF,0,At Risk
Mechanical Engineering,8,Automobile Engineering,After Mid-1,91.8,7.92,24.5,0,7.0,,AB,1,Excellent
Mechanical Engineering,5,Heat Transfer,After Mid-1,82.8,7.64,22.5,0,5.8,,BB,1,Very Good
Information Technology,3,Effective Technical Communication,Before Mid-1,93.6,8.43,20.4,0,,,AB,1,Excellent
Civil Engineering,8,Bridge Engineering,After Mid-1,74.4,7.14,29.4,0,5.6,,BB,1,Very Good
Civil Engineering,6,Environmental Engineering,After Mid-1,86.6,8.19,18.8,0,7.8,,BB,1,Very Good
Electrical Engineering,7,Smart Grid Technology,After Mid-2,97.0,10.0,29.8,0,8.2,16.4,AA,1,Excellent
Mechanical Engineering,1,Physics,Before Mid-1,75.3,5.58,21.7,0,,,BC,1,Good
Electronics & Communication,3,Signals & Systems,Before Mid-1,82.3,6.56,26.8,0,,,BB,1,Very Good
Electronics & Communication,8,Optical Communication,After Mid-1,84.3,8.38,19.1,0,7.5,,AB,1,Excellent
Electrical Engineering,5,Microprocessor & Microcontroller,Before Mid-1,85.8,7.62,25.2,0,,,AB,1,Excellent
Electronics & Communication,7,Microwave Engineering,After Mid-2,86.9,7.98,26.6,2,5.1,9.6,CC,1,Average
Information Technology,8,Distributed Systems,Before Mid-1,85.1,7.98,27.5,0,,,BB,1,Very Good
Computer Engineering,5,Cyber Security,Before Mid-1,83.3,7.12,14.1,0,,,BB,1,Very Good
Electrical Engineering,6,Testing & Maintenance of Electrical Equipment,Before Mid-1,82.0,6.23,10.1,0,,,BB,1,Very Good
Electronics & Communication,2,Engineering Graphics & Design,After Mid-1,96.8,8.24,25.6,0,7.5,,AA,1,Excellent
Electronics & Communication,4,Control Systems,After Mid-2,95.1,10.0,27.0,0,8.8,16.4,AA,1,Excellent
Electrical Engineering,4,Electrical Machines-1,After Mid-2,95.5,7.62,27.7,0,7.4,11.9,BB,1,Very Good
Computer Engineering,2,Programming for Problem Solving,Before Mid-1,89.2,9.31,30.4,0,,,AA,1,Excellent
Computer Engineering,5,Software Engineering,After Mid-2,99.3,8.65,24.2,0,9.0,19.5,AA,1,Excellent
Civil Engineering,4,Transportation Engineering,After Mid-2,74.4,6.83,17.2,0,5.0,10.2,BC,1,Good
Electronics & Communication,2,Engineering Graphics & Design,After Mid-1,92.1,8.67,21.4,0,7.5,,AB,1,Excellent
Electronics & Communication,5,Integrated Circuits & Applications,After Mid-2,98.5,9.59,22.6,0,10.0,18.3,AA,1,Excellent
Information Technology,1,Mathematics-1,After Mid-1,77.1,8.55,29.5,0,8.8,,AA,1,Excellent
Electrical Engineering,7,High Voltage Engineering,Before Mid-1,79.3,4.74,17.8,2,,,FF,0,At Risk
Electronics & Communication,1,Physics,After Mid-2,96.1,8.77,14.8,0,7.3,12.6,BB,1,Very Good
Mechanical Engineering,2,Programming for Problem Solving,After Mid-2,81.2,5.11,17.8,2,4.5,8.5,CD,1,Average
Mechanical Engineering,7,Project-1,After Mid-2,85.5,9.77,24.8,0,9.1,17.9,AA,1,Excellent
Information Technology,4,Computer Networks,After Mid-2,93.5,8.05,18.9,0,9.0,17.1,AB,1,Excellent
Electronics & Communication,2,Programming for Problem Solving,After Mid-1,80.8,6.03,23.5,3,5.2,,CD,1,Average
Computer Engineering,5,Computer Networks,After Mid-1,73.5,6.87,8.7,1,6.0,,BC,1,Good
Computer Engineering,3,Effective Technical Communication,After Mid-2,90.4,6.97,20.9,1,7.8,14.4,BB,1,Very Good
Civil Engineering,2,Workshop Practices,Before Mid-1,73.5,4.0,16.9,2,,,DD,1,At Risk
Computer Engineering,6,Theory of Computation,After Mid-2,98.6,8.14,21.8,0,7.7,15.9,AB,1,Excellent
Computer Engineering,1,Engineering Graphics & Design,Before Mid-1,71.7,7.01,16.1,0,,,BB,1,Very Good
Electronics & Communication,3,Digital Electronics,Before Mid-1,82.8,7.98,29.5,0,,,BB,1,Very Good
Computer Engineering,4,Principles of Economics & Management,After Mid-2,79.9,6.57,19.3,0,5.7,11.3,BC,1,Good
Electronics & Communication,3,Signals & Systems,Before Mid-1,95.7,8.18,24.6,0,,,BB,1,Very Good
Computer Engineering,4,Principles of Economics & Management,After Mid-1,82.5,7.25,28.1,1,6.9,,BB,1,Very Good
Information Technology,4,Operating System Concepts,Before Mid-1,81.7,6.74,23.1,0,,,BB,1,Very Good
Computer Engineering,7,Information & Network Security,Before Mid-1,93.0,6.01,19.2,1,,,CC,1,Average
Electronics & Communication,2,Programming for Problem Solving,After Mid-2,85.2,5.88,19.2,1,4.4,8.3,CC,1,Average
Information Technology,1,Environmental Sciences,Before Mid-1,91.8,6.99,19.2,0,,,BB,1,Very Good
Mechanical Engineering,7,Power Plant Engineering,Before Mid-1,83.9,7.08,22.5,0,,,BB,1,Very Good
Computer Engineering,7,Project-1,Before Mid-1,88.4,9.11,26.3,0,,,AA,1,Excellent
Information Technology,7,Information Retrieval,After Mid-2,100.0,9.12,26.4,0,9.2,15.9,AA,1,Excellent
Mechanical Engineering,3,Engineering Thermodynamics,After Mid-1,81.5,5.84,26.7,1,6.1,,BC,1,Good
Electrical Engineering,8,Project-2,After Mid-2,90.7,8.06,23.1,0,8.1,16.4,AB,1,Excellent
Computer Engineering,3,Digital Fundamentals,Before Mid-1,86.9,7.64,24.7,0,,,AB,1,Excellent
Electrical Engineering,5,Electrical Power System-1,After Mid-1,100.0,7.54,24.1,2,6.4,,BC,1,Good
Computer Engineering,4,Discrete Mathematics,Before Mid-1,79.1,8.26,20.3,0,,,BB,1,Very Good
Electronics & Communication,1,Mathematics-1,After Mid-2,77.2,5.61,16.3,4,4.5,7.3,FF,0,At Risk
Electronics & Communication,7,Embedded Systems,Before Mid-1,97.4,7.06,18.6,1,,,BB,1,Very Good
Civil Engineering,6,Design of Steel Structures,Before Mid-1,77.4,6.17,21.3,1,,,BC,1,Good
Civil Engineering,8,Construction Project Management,Before Mid-1,90.9,6.33,18.9,1,,,BC,1,Good
Computer Engineering,6,Theory of Computation,Before Mid-1,85.3,7.87,31.6,0,,,BB,1,Very Good
Mechanical Engineering,1,Mathematics-1,Before Mid-1,78.7,6.55,21.8,0,,,BB,1,Very Good
Electronics & Communication,1,Basic Electronics,After Mid-1,74.4,5.92,18.7,2,5.1,,CC,1,Average
Computer Engineering,6,Agile Software Development,After Mid-2,83.7,6.1,22.1,1,5.2,10.7,BC,1,Good
Civil Engineering,2,Programming for Problem Solving,After Mid-1,84.3,8.43,20.4,0,5.6,,BB,1,Very Good
Mechanical Engineering,5,Internal Combustion Engines,After Mid-2,91.3,9.33,26.5,0,8.5,14.1,AA,1,Excellent
Information Technology,6,Mobile Computing,After Mid-2,83.1,8.43,25.6,0,5.8,12.5,AB,1,Excellent
Electronics & Communication,1,Mathematics-1,Before Mid-1,76.3,7.12,28.6,0,,,AB,1,Excellent
Computer Engineering,3,Effective Technical Communication,After Mid-1,86.7,7.01,21.2,0,8.9,,AB,1,Excellent
Electronics & Communication,6,Antenna & Wave Propagation,Before Mid-1,89.4,7.7,19.4,0,,,BB,1,Very Good
Information Technology,6,Mobile Computing,Before Mid-1,97.8,9.2,28.2,0,,,AA,1,Excellent
Electrical Engineering,2,Mathematics-2,After Mid-1,88.9,7.17,18.2,1,5.6,,BC,1,Good
Information Technology,5,Python Programming,After Mid-2,82.1,8.33,31.2,0,7.6,15.3,AA,1,Excellent
Electronics & Communication,5,Integrated Circuits & Applications,After Mid-2,80.8,6.96,18.6,0,6.8,12.6,BB,1,Very Good
Information Technology,1,Engineering Graphics & Design,After Mid-1,72.4,6.13,15.7,2,3.3,,DD,1,At Risk
Mechanical Engineering,5,Heat Transfer,After Mid-2,94.9,9.43,19.7,0,7.8,15.3,AB,1,Excellent
Mechanical Engineering,4,Manufacturing Processes-2,After Mid-1,75.9,7.32,22.3,0,7.1,,BB,1,Very Good
Computer Engineering,2,Programming for Problem Solving,Before Mid-1,64.7,5.56,18.1,2,,,CC,1,Average
Civil Engineering,3,Building Construction & Materials,After Mid-1,85.2,9.91,29.4,0,9.3,,AA,1,Excellent
Electronics & Communication,8,Project-2,After Mid-1,100.0,8.58,25.1,0,9.5,,AA,1,Excellent
Information Technology,4,Database Management Systems,After Mid-2,77.8,7.12,18.4,0,7.4,16.1,BB,1,Very Good
Electrical Engineering,3,Electrical Circuit Analysis,After Mid-1,73.2,6.21,24.7,0,4.7,,CC,1,Average
Civil Engineering,3,Mechanics of Solids,After Mid-1,74.9,6.5,24.3,0,4.5,,BC,1,Good
Electrical Engineering,8,Power Quality & Management,After Mid-2,87.6,6.62,17.3,0,7.3,13.4,BB,1,Very Good
Civil Engineering,4,Transportation Engineering,After Mid-1,85.6,8.19,23.8,0,6.8,,AB,1,Excellent
Civil Engineering,5,Soil Mechanics & Geotechnical Engg,After Mid-1,84.2,7.98,27.4,0,9.1,,AB,1,Excellent
Mechanical Engineering,6,Computer Aided Design (CAD),After Mid-2,100.0,7.99,19.8,0,8.2,14.9,AB,1,Excellent
Mechanical Engineering,5,Heat Transfer,After Mid-1,91.8,8.51,17.6,0,7.5,,BB,1,Very Good
Computer Engineering,4,Object Oriented Programming - C++,After Mid-1,73.8,5.87,17.6,0,4.8,,CC,1,Average
Information Technology,7,Mobile Application Development,Before Mid-1,91.3,8.41,26.9,0,,,AA,1,Excellent
Electrical Engineering,4,Electromagnetic Field Theory,After Mid-2,74.6,5.89,18.2,0,7.5,17.5,BB,1,Very Good
Electrical Engineering,8,Project-2,After Mid-2,87.8,7.5,22.9,1,6.9,12.2,BB,1,Very Good
Electrical Engineering,8,Project-2,After Mid-1,91.1,8.26,22.8,2,7.3,,BB,1,Very Good
Computer Engineering,1,Environmental Sciences,Before Mid-1,79.3,8.29,22.9,0,,,AA,1,Excellent
Computer Engineering,2,Programming for Problem Solving,After Mid-1,67.4,5.14,15.5,0,4.0,,CC,1,Average
Electronics & Communication,8,Wireless Communication,After Mid-2,81.1,5.63,17.0,3,4.0,7.2,FF,0,At Risk
Civil Engineering,6,Environmental Engineering,Before Mid-1,71.8,5.29,24.0,2,,,CC,1,Average
Civil Engineering,2,Mathematics-2,Before Mid-1,78.9,7.17,18.3,0,,,BC,1,Good
Electronics & Communication,7,Project-1,After Mid-2,68.5,5.46,14.9,4,4.3,8.1,FF,0,At Risk
Computer Engineering,3,Probability & Statistics,After Mid-1,88.4,6.6,24.0,2,5.3,,BC,1,Good
Information Technology,2,Basic Electronics,After Mid-1,69.0,5.33,20.4,0,6.1,,BC,1,Good
Mechanical Engineering,5,Internal Combustion Engines,Before Mid-1,96.5,7.84,25.6,2,,,BB,1,Very Good
Electronics & Communication,1,Mathematics-1,After Mid-2,89.1,6.21,18.5,0,6.4,12.5,BB,1,Very Good
Information Technology,4,Object Oriented Programming - Java,After Mid-1,72.6,6.14,19.1,1,4.7,,CC,1,Average
Mechanical Engineering,8,Renewable Energy Engineering,After Mid-1,78.1,6.65,20.0,0,6.0,,BC,1,Good
Electrical Engineering,1,Physics,After Mid-1,79.1,6.56,17.0,1,5.2,,CC,1,Average
Computer Engineering,5,Computer Networks,After Mid-2,88.5,7.39,20.9,0,7.1,13.9,BB,1,Very Good
Electrical Engineering,5,Electrical Power System-1,After Mid-1,86.7,7.56,19.0,1,7.1,,BB,1,Very Good
Electronics & Communication,8,Radar & Navigational Aids,After Mid-1,78.5,7.34,25.4,0,6.5,,BB,1,Very Good
Electronics & Communication,2,Mathematics-2,Before Mid-1,100.0,9.15,25.9,0,,,AB,1,Excellent
Information Technology,8,Big Data Analytics,Before Mid-1,85.9,6.63,18.7,0,,,BC,1,Good
Civil Engineering,4,Transportation Engineering,After Mid-2,92.4,7.52,22.7,0,8.0,15.5,AB,1,Excellent
Information Technology,7,Information Retrieval,After Mid-1,94.4,7.29,21.3,1,5.7,,BB,1,Very Good
Electrical Engineering,4,Digital Electronics,After Mid-1,83.9,8.72,26.6,0,7.8,,AB,1,Excellent
Mechanical Engineering,4,Mechanical Measurement & Metrology,After Mid-1,81.0,7.54,28.2,0,7.8,,AB,1,Excellent
Computer Engineering,2,Programming for Problem Solving,After Mid-1,71.2,5.81,16.6,0,6.3,,BC,1,Good
Electrical Engineering,6,Electrical Switchgear & Protection,After Mid-1,71.9,4.0,15.0,2,3.7,,FF,0,At Risk
Electrical Engineering,8,E-Vehicle Technology,After Mid-1,79.6,8.97,30.5,0,7.6,,AA,1,Excellent
Civil Engineering,5,Soil Mechanics & Geotechnical Engg,After Mid-2,66.3,5.05,13.7,0,3.7,6.6,CD,1,Average
Information Technology,8,Distributed Systems,After Mid-2,88.2,8.29,24.2,0,7.9,14.0,AB,1,Excellent
Information Technology,1,Environmental Sciences,After Mid-2,93.1,7.54,24.0,1,7.3,16.1,AB,1,Excellent
Civil Engineering,5,Hydrology & Water Resources Engg,After Mid-1,78.5,5.52,22.1,2,5.1,,CC,1,Average
Information Technology,1,Basic Electrical Engineering,After Mid-2,85.6,7.98,23.4,0,7.8,17.7,AB,1,Excellent
Electronics & Communication,4,Analog Communication,After Mid-2,87.5,5.75,14.3,0,6.4,13.4,BC,1,Good
Information Technology,5,Software Engineering,After Mid-2,97.7,8.25,20.6,0,8.2,16.3,AB,1,Excellent
Electronics & Communication,4,Microprocessor & Interfacing,Before Mid-1,82.0,6.15,16.7,1,,,CC,1,Average
Mechanical Engineering,8,Industrial Engineering,After Mid-2,71.8,5.27,21.0,0,7.0,14.2,BB,1,Very Good
Electronics & Communication,8,Optical Communication,After Mid-2,85.9,9.71,26.6,0,7.5,17.0,AA,1,Excellent
Mechanical Engineering,4,Applied Thermodynamics,After Mid-1,80.1,7.05,22.1,0,6.5,,BB,1,Very Good
Information Technology,5,Formal Languages & Automata Theory,After Mid-2,78.9,6.05,18.8,2,4.9,10.2,CD,1,Average
Civil Engineering,3,Mechanics of Solids,After Mid-1,85.7,5.94,17.0,1,5.0,,CC,1,Average
Computer Engineering,1,Engineering Graphics & Design,After Mid-1,81.1,8.39,13.9,0,9.9,,AB,1,Excellent
Civil Engineering,6,Foundation Engineering,After Mid-1,91.7,7.22,25.6,0,5.7,,BC,1,Good
Electronics & Communication,7,Project-1,Before Mid-1,69.1,4.94,16.7,2,,,FF,0,At Risk
Civil Engineering,7,Project-1,After Mid-2,83.0,6.68,21.2,0,8.1,16.4,AB,1,Excellent
Computer Engineering,2,Programming for Problem Solving,After Mid-1,87.4,8.01,28.5,0,7.1,,AB,1,Excellent
Computer Engineering,6,Advanced Java Programming,After Mid-2,85.1,7.94,15.7,0,8.4,13.1,BB,1,Very Good
Civil Engineering,8,Project-2,After Mid-1,71.4,5.53,22.0,3,2.8,,FF,0,At Risk
Computer Engineering,4,Discrete Mathematics,Before Mid-1,78.3,8.21,29.4,0,,,AB,1,Excellent
Electrical Engineering,2,Programming for Problem Solving,After Mid-1,94.5,7.65,17.1,0,7.4,,AB,1,Excellent
Mechanical Engineering,3,Kinematics of Machines,Before Mid-1,86.4,7.16,24.1,0,,,BB,1,Very Good
Civil Engineering,3,Building Construction & Materials,After Mid-1,90.2,7.29,15.3,0,7.3,,AB,1,Excellent
Mechanical Engineering,7,Project-1,After Mid-1,82.4,6.73,21.8,0,7.4,,BB,1,Very Good
Mechanical Engineering,8,Automobile Engineering,Before Mid-1,81.7,7.02,19.9,0,,,BB,1,Very Good
Computer Engineering,4,Object Oriented Programming - C++,Before Mid-1,85.6,7.71,20.1,0,,,BB,1,Very Good
Civil Engineering,8,Project-2,After Mid-1,93.3,8.51,29.6,0,8.7,,AA,1,Excellent
Civil Engineering,8,Construction Project Management,After Mid-1,75.5,6.7,20.6,0,7.7,,BB,1,Very Good
Electrical Engineering,1,Physics,After Mid-1,81.0,7.67,19.3,1,5.7,,BC,1,Good
Computer Engineering,1,Environmental Sciences,Before Mid-1,84.2,6.26,15.1,1,,,BB,1,Very Good
Computer Engineering,7,Cloud Computing,Before Mid-1,86.4,7.62,22.2,0,,,AB,1,Excellent
Information Technology,8,Big Data Analytics,After Mid-1,72.4,7.21,23.0,1,5.5,,CC,1,Average
Electrical Engineering,4,Electromagnetic Field Theory,After Mid-1,69.5,6.25,27.7,1,6.3,,BC,1,Good
Electrical Engineering,2,Mathematics-2,Before Mid-1,97.6,7.0,18.8,0,,,BB,1,Very Good
Electrical Engineering,2,Programming for Problem Solving,After Mid-2,79.3,5.83,20.5,1,5.0,7.5,CC,1,Average
Electronics & Communication,5,Digital Communication,After Mid-1,80.3,6.91,16.5,0,5.9,,BC,1,Good
Electronics & Communication,1,Basic Electronics,After Mid-1,79.4,6.26,19.8,0,8.0,,BB,1,Very Good
Civil Engineering,1,Mathematics-1,After Mid-2,96.3,8.35,25.5,0,6.7,14.4,AB,1,Excellent
Electronics & Communication,7,Microwave Engineering,Before Mid-1,96.3,8.12,20.3,0,,,AB,1,Excellent
Information Technology,6,Mobile Computing,After Mid-2,75.6,6.59,22.0,0,6.1,10.6,BC,1,Good
Information Technology,1,Environmental Sciences,Before Mid-1,86.0,9.09,22.7,0,,,AA,1,Excellent
Computer Engineering,2,Workshop/Manufacturing Practices,After Mid-2,87.5,7.1,27.7,0,7.6,17.1,AB,1,Excellent
Information Technology,6,Cyber Security & Laws,After Mid-2,84.1,6.97,25.4,0,7.2,18.6,AB,1,Excellent
Computer Engineering,2,Mathematics-2,After Mid-2,78.9,6.51,22.7,0,5.7,13.1,BC,1,Good
Information Technology,3,Data Structures,After Mid-2,73.6,5.23,18.3,2,3.9,7.3,DD,1,At Risk
Mechanical Engineering,2,Environmental Sciences,After Mid-1,83.6,4.88,14.2,2,4.9,,CD,1,Average
Civil Engineering,8,Project-2,After Mid-2,86.2,7.32,15.8,1,5.6,10.5,BC,1,Good
Mechanical Engineering,8,Automobile Engineering,After Mid-2,82.8,7.68,20.8,0,6.7,13.8,BB,1,Very Good
Computer Engineering,2,English,After Mid-2,75.9,5.31,15.4,2,5.4,12.5,CC,1,Average
Computer Engineering,5,Analysis & Design of Algorithms,After Mid-2,89.6,7.53,26.6,0,7.5,15.6,AB,1,Excellent
Electrical Engineering,1,Environmental Sciences,Before Mid-1,79.5,5.66,19.4,1,,,BC,1,Good
Electronics & Communication,3,Network Theory,Before Mid-1,76.1,6.08,18.6,0,,,BC,1,Good
Computer Engineering,5,Analysis & Design of Algorithms,After Mid-1,89.7,8.23,19.1,2,8.1,,BC,1,Good
Information Technology,1,Basic Electrical Engineering,After Mid-2,85.7,6.27,16.6,3,5.1,12.4,CC,1,Average
Computer Engineering,4,Operating System,After Mid-1,96.6,7.85,26.6,1,9.0,,AB,1,Excellent
Information Technology,1,Basic Electrical Engineering,Before Mid-1,84.4,6.65,15.8,0,,,BC,1,Good
Computer Engineering,3,Probability & Statistics,After Mid-1,100.0,8.24,22.6,0,7.5,,AB,1,Excellent
Electronics & Communication,6,Antenna & Wave Propagation,After Mid-1,82.3,9.03,26.3,0,8.5,,AB,1,Excellent
Civil Engineering,6,Environmental Engineering,Before Mid-1,81.1,5.82,15.6,0,,,BC,1,Good
Information Technology,4,Object Oriented Programming - Java,After Mid-2,100.0,9.54,26.4,0,8.3,18.8,AA,1,Excellent
Civil Engineering,7,Design of Reinforced Concrete Structures,After Mid-2,87.5,7.67,18.9,0,6.5,14.4,BB,1,Very Good
Information Technology,2,Physics,After Mid-1,75.8,7.55,25.2,0,7.1,,BB,1,Very Good
Civil Engineering,6,Design of Steel Structures,After Mid-1,75.2,5.68,22.5,0,4.3,,CC,1,Average
Civil Engineering,5,Soil Mechanics & Geotechnical Engg,After Mid-2,90.1,6.25,20.6,0,6.4,12.0,BC,1,Good
Electronics & Communication,8,Optical Communication,After Mid-2,88.5,7.71,16.9,4,7.2,12.8,CC,1,Average
Mechanical Engineering,1,Mathematics-1,After Mid-2,72.1,7.12,21.3,1,6.2,15.6,BB,1,Very Good
Civil Engineering,2,Environmental Sciences,After Mid-2,60.5,7.75,28.6,0,8.5,18.4,AA,1,Excellent
Civil Engineering,6,Foundation Engineering,Before Mid-1,73.1,6.05,13.1,2,,,DD,1,At Risk
Computer Engineering,5,Computer Networks,After Mid-2,74.5,5.43,13.1,0,4.9,10.0,CC,1,Average
Mechanical Engineering,1,Physics,After Mid-1,100.0,9.71,22.4,0,9.2,,AA,1,Excellent
Electrical Engineering,4,Digital Electronics,After Mid-1,77.2,6.17,23.2,1,6.3,,BC,1,Good
Information Technology,3,Data Structures,After Mid-1,82.2,7.42,20.1,0,7.6,,BB,1,Very Good
Information Technology,3,Effective Technical Communication,After Mid-2,83.6,4.97,18.8,2,6.0,11.3,CC,1,Average
Mechanical Engineering,4,Manufacturing Processes-2,After Mid-1,75.2,6.73,21.1,0,6.5,,BC,1,Good
Information Technology,8,Distributed Systems,Before Mid-1,92.3,7.04,19.6,0,,,BB,1,Very Good
Computer Engineering,5,Computer Networks,Before Mid-1,85.5,7.93,25.4,0,,,AB,1,Excellent
Computer Engineering,6,Theory of Computation,After Mid-1,91.1,8.52,24.1,0,6.2,,BB,1,Very Good
Civil Engineering,2,Programming for Problem Solving,After Mid-2,86.8,7.14,27.0,0,7.2,15.8,BB,1,Very Good
Civil Engineering,8,Construction Project Management,Before Mid-1,79.7,5.9,18.2,3,,,CC,1,Average
Electrical Engineering,2,Engineering Graphics & Design,After Mid-1,77.0,6.12,23.1,0,4.8,,BC,1,Good
Information Technology,3,Effective Technical Communication,Before Mid-1,77.0,6.44,17.4,1,,,BC,1,Good
Computer Engineering,2,Mathematics-2,Before Mid-1,86.8,9.39,27.7,0,,,AB,1,Excellent
Civil Engineering,3,Fluid Mechanics,After Mid-2,81.5,7.73,18.9,0,6.1,10.1,BC,1,Good
Mechanical Engineering,1,Basic Mechanical Engineering,Before Mid-1,68.2,4.01,16.4,2,,,DD,1,At Risk
Civil Engineering,3,Building Construction & Materials,Before Mid-1,74.1,8.95,24.5,0,,,AA,1,Excellent
Computer Engineering,3,Probability & Statistics,After Mid-2,90.9,5.7,18.4,0,5.1,8.8,BC,1,Good
Electrical Engineering,4,Electromagnetic Field Theory,After Mid-2,86.6,7.99,26.5,1,7.3,13.0,BB,1,Very Good
Mechanical Engineering,7,Computer Aided Manufacturing (CAM),After Mid-1,68.7,4.0,11.7,1,4.3,,CD,1,Average
Mechanical Engineering,4,Mechanical Measurement & Metrology,After Mid-1,82.0,8.0,24.1,0,7.3,,AB,1,Excellent
Computer Engineering,5,Software Engineering,Before Mid-1,81.4,7.35,23.2,1,,,BB,1,Very Good
Computer Engineering,1,Physics,Before Mid-1,81.9,5.83,18.3,1,,,CD,1,Average
Information Technology,5,Software Engineering,After Mid-2,82.2,8.48,22.7,0,8.2,16.0,AB,1,Excellent
Electronics & Communication,6,Antenna & Wave Propagation,After Mid-2,74.4,7.02,22.0,2,5.7,8.4,CC,1,Average
Electrical Engineering,1,Environmental Sciences,Before Mid-1,76.5,6.85,18.6,0,,,BB,1,Very Good
Civil Engineering,2,Environmental Sciences,After Mid-1,89.1,7.01,24.1,4,5.7,,CC,1,Average
Information Technology,1,Basic Electrical Engineering,Before Mid-1,73.9,6.3,16.9,3,,,CC,1,Average
Information Technology,2,Programming for Problem Solving,After Mid-1,90.4,8.45,26.5,0,7.6,,AB,1,Excellent
Computer Engineering,8,Artificial Intelligence,After Mid-2,83.6,6.46,18.4,0,4.1,8.2,BC,1,Good
Civil Engineering,1,Mathematics-1,After Mid-1,79.8,8.63,29.0,0,8.9,,AA,1,Excellent
Information Technology,4,Database Management Systems,Before Mid-1,94.7,10.0,28.6,0,,,AA,1,Excellent
Mechanical Engineering,2,Environmental Sciences,After Mid-2,68.1,6.28,17.9,3,5.2,8.4,CC,1,Average
Electrical Engineering,7,High Voltage Engineering,After Mid-2,77.6,5.08,17.7,0,5.6,10.2,CC,1,Average
Computer Engineering,7,Machine Learning,After Mid-1,92.3,7.9,18.7,0,7.7,,AB,1,Excellent
Information Technology,1,Basic Electrical Engineering,Before Mid-1,75.1,7.47,29.6,0,,,AB,1,Excellent
Computer Engineering,5,Professional Ethics & Human Values,Before Mid-1,80.1,6.0,23.2,1,,,BB,1,Very Good
Electronics & Communication,8,Radar & Navigational Aids,After Mid-1,81.3,7.52,22.1,0,6.5,,AB,1,Excellent
Electrical Engineering,7,High Voltage Engineering,After Mid-1,87.4,7.89,22.1,0,8.5,,AB,1,Excellent
Information Technology,7,Project-1,After Mid-1,81.6,7.25,26.3,0,7.5,,AB,1,Excellent
Information Technology,3,Data Structures,After Mid-1,89.3,6.96,23.6,2,5.8,,BC,1,Good
Civil Engineering,3,Building Construction & Materials,Before Mid-1,85.2,6.32,19.7,0,,,BB,1,Very Good
Electrical Engineering,5,Electrical Machines-2,Before Mid-1,92.0,8.56,28.4,0,,,AB,1,Excellent
Electronics & Communication,5,Digital Communication,Before Mid-1,79.4,5.25,21.0,2,,,DD,1,At Risk
Electrical Engineering,2,Engineering Graphics & Design,Before Mid-1,85.2,6.13,20.1,0,,,BC,1,Good
Computer Engineering,6,Data Analysis & Visualization,After Mid-1,87.0,7.31,20.0,0,6.8,,BB,1,Very Good
Mechanical Engineering,1,Mathematics-1,After Mid-2,78.3,7.16,19.3,0,7.3,15.4,BB,1,Very Good
Electronics & Communication,1,Mathematics-1,Before Mid-1,91.9,6.35,23.9,1,,,BC,1,Good
Information Technology,1,Mathematics-1,After Mid-1,84.2,8.57,25.6,0,5.5,,BB,1,Very Good
Computer Engineering,5,Computer Networks,After Mid-2,79.2,8.23,26.2,0,6.5,14.3,AB,1,Excellent
Electrical Engineering,3,Analog Electronics,After Mid-2,80.3,7.08,24.8,1,5.7,10.9,BC,1,Good
Information Technology,7,Data Mining & Business Intelligence,After Mid-2,84.2,6.95,21.9,0,7.0,15.2,BB,1,Very Good
Civil Engineering,4,Transportation Engineering,Before Mid-1,86.4,8.4,23.3,0,,,AB,1,Excellent
Information Technology,3,Digital Electronics,After Mid-1,94.0,6.76,24.5,1,6.8,,BC,1,Good
Computer Engineering,7,Project-1,After Mid-1,93.4,8.01,24.6,0,7.8,,AB,1,Excellent
Electrical Engineering,1,Mathematics-1,Before Mid-1,72.2,5.34,14.8,1,,,CC,1,Average
Electrical Engineering,4,Digital Electronics,After Mid-1,85.8,5.9,19.6,2,5.2,,CC,1,Average
Electrical Engineering,8,Power Quality & Management,After Mid-2,89.1,7.12,18.4,2,8.6,15.4,BB,1,Very Good
Electronics & Communication,8,Optical Communication,After Mid-2,94.1,7.84,17.7,0,8.8,16.0,AB,1,Excellent
Information Technology,2,Programming for Problem Solving,After Mid-2,92.4,6.6,20.2,0,7.1,15.8,BB,1,Very Good
Electronics & Communication,1,Physics,After Mid-1,87.7,8.32,16.7,0,6.8,,BB,1,Very Good
Computer Engineering,5,Professional Ethics & Human Values,Before Mid-1,83.3,8.47,29.9,0,,,AA,1,Excellent
Computer Engineering,1,Mathematics-1,After Mid-2,84.2,5.26,14.8,0,4.7,8.7,CC,1,Average
Information Technology,7,Mobile Application Development,After Mid-2,100.0,8.63,20.8,0,8.3,14.5,AB,1,Excellent
Civil Engineering,5,Soil Mechanics & Geotechnical Engg,After Mid-1,86.3,6.64,16.8,0,5.3,,BC,1,Good
Computer Engineering,6,Agile Software Development,Before Mid-1,87.9,7.06,20.8,0,,,BB,1,Very Good
Information Technology,2,English,Before Mid-1,83.1,7.01,23.7,0,,,AB,1,Excellent
Mechanical Engineering,4,Applied Thermodynamics,After Mid-1,91.2,5.23,12.8,0,6.4,,BC,1,Good
Electrical Engineering,1,Environmental Sciences,After Mid-1,100.0,7.49,22.1,0,7.3,,AB,1,Excellent
Computer Engineering,5,Software Engineering,After Mid-1,70.4,7.34,17.4,0,5.7,,BC,1,Good
Mechanical Engineering,3,Material Science & Metallurgy,After Mid-1,67.8,6.53,32.2,0,5.2,,BB,1,Very Good
Mechanical Engineering,4,Mechanical Measurement & Metrology,After Mid-2,82.1,5.77,21.5,0,5.8,11.0,BC,1,Good
Electrical Engineering,4,Digital Electronics,Before Mid-1,84.9,8.35,21.4,0,,,AB,1,Excellent
Electrical Engineering,6,Power Electronics-1,After Mid-2,85.0,7.47,20.4,0,8.3,12.8,BB,1,Very Good
Mechanical Engineering,3,Kinematics of Machines,After Mid-1,68.1,6.24,19.4,1,6.3,,CC,1,Average
Computer Engineering,5,Software Engineering,After Mid-1,80.7,6.01,23.7,0,5.6,,BC,1,Good
Computer Engineering,1,Physics,After Mid-2,90.3,7.5,22.9,1,7.2,12.3,BB,1,Very Good
Civil Engineering,8,Bridge Engineering,After Mid-2,80.2,6.47,16.8,0,5.4,10.4,BC,1,Good
Information Technology,4,Object Oriented Programming - Java,After Mid-2,70.1,6.4,22.0,0,6.6,13.4,BC,1,Good
Computer Engineering,1,Basic Electrical Engineering,Before Mid-1,87.1,6.21,17.4,1,,,BC,1,Good
Computer Engineering,2,Basic Electronics,After Mid-2,77.5,5.33,17.8,1,7.0,14.4,BC,1,Good
Electrical Engineering,1,Physics,After Mid-1,82.0,6.52,25.9,0,6.4,,BC,1,Good
Electrical Engineering,7,Smart Grid Technology,After Mid-1,95.2,7.19,20.7,0,5.0,,BC,1,Good
Electrical Engineering,7,Electric Drives,Before Mid-1,71.7,4.0,18.2,3,,,FF,0,At Risk
Electronics & Communication,6,Antenna & Wave Propagation,Before Mid-1,86.7,7.44,24.2,0,,,BB,1,Very Good
Electrical Engineering,4,Digital Electronics,After Mid-2,92.6,8.11,27.3,0,7.1,15.0,AB,1,Excellent
Electrical Engineering,7,High Voltage Engineering,After Mid-2,78.2,6.93,18.8,0,7.7,12.6,BB,1,Very Good
Electronics & Communication,8,Radar & Navigational Aids,After Mid-1,87.4,4.49,17.9,4,4.4,,FF,0,At Risk
Information Technology,2,Programming for Problem Solving,Before Mid-1,82.2,6.9,24.5,0,,,BB,1,Very Good
Electronics & Communication,7,Embedded Systems,After Mid-1,76.4,6.22,16.5,2,5.4,,CD,1,Average
Information Technology,3,Digital Electronics,After Mid-2,75.0,6.57,20.4,0,6.1,13.6,BB,1,Very Good
Civil Engineering,8,Bridge Engineering,Before Mid-1,70.4,5.72,20.5,0,,,CC,1,Average
Mechanical Engineering,2,Environmental Sciences,After Mid-2,86.1,6.89,21.8,0,7.6,15.2,AB,1,Excellent
Electronics & Communication,1,Physics,After Mid-2,81.5,6.12,19.7,0,3.8,8.2,CC,1,Average
Computer Engineering,8,Big Data Analytics,After Mid-2,76.7,6.41,24.8,0,7.9,16.3,AB,1,Excellent
Mechanical Engineering,4,Fluid Mechanics & Hydraulic Machines,Before Mid-1,90.2,9.26,28.7,0,,,AB,1,Excellent
Information Technology,2,English,After Mid-2,89.1,7.29,25.5,0,6.9,14.8,AB,1,Excellent
Electronics & Communication,7,Microwave Engineering,After Mid-2,85.4,7.08,20.1,0,4.7,12.4,BC,1,Good
Electrical Engineering,8,E-Vehicle Technology,Before Mid-1,76.0,7.09,23.8,0,,,BC,1,Good
Mechanical Engineering,6,Design of Machine Elements,After Mid-2,87.1,7.7,17.0,0,6.6,13.4,BB,1,Very Good
Computer Engineering,2,Workshop/Manufacturing Practices,Before Mid-1,86.4,9.29,25.2,0,,,AA,1,Excellent
Mechanical Engineering,7,Project-1,Before Mid-1,85.5,8.12,30.9,1,,,AB,1,Excellent
Information Technology,6,Cyber Security & Laws,Before Mid-1,88.0,7.09,29.4,0,,,AB,1,Excellent
Mechanical Engineering,2,Mathematics-2,After Mid-1,99.2,8.4,24.9,0,7.0,,AB,1,Excellent
Civil Engineering,4,Advanced Surveying,After Mid-2,67.3,6.66,23.3,0,5.5,11.8,BC,1,Good
Civil Engineering,8,Earthquake Engineering,After Mid-2,87.9,6.85,19.0,0,7.0,12.0,BB,1,Very Good
Computer Engineering,1,Basic Electrical Engineering,After Mid-2,87.5,6.02,17.1,0,5.6,9.5,BC,1,Good
Electronics & Communication,5,Digital Communication,Before Mid-1,83.8,6.26,19.1,2,,,CC,1,Average
Computer Engineering,6,Data Analysis & Visualization,Before Mid-1,84.2,7.75,21.1,0,,,AB,1,Excellent
Mechanical Engineering,1,Physics,After Mid-2,83.7,5.94,18.8,6,1.0,0.6,FF,0,At Risk
Mechanical Engineering,8,Automobile Engineering,After Mid-2,84.5,9.02,26.8,0,8.5,14.9,AB,1,Excellent
Electronics & Communication,8,Wireless Communication,After Mid-1,89.0,9.64,28.1,0,8.7,,AA,1,Excellent
Mechanical Engineering,6,Production Technology,Before Mid-1,68.6,5.94,23.4,0,,,BC,1,Good
Mechanical Engineering,3,Engineering Thermodynamics,After Mid-2,85.5,7.43,19.5,0,6.2,12.7,BC,1,Good
Computer Engineering,3,Probability & Statistics,Before Mid-1,100.0,8.8,25.2,0,,,AA,1,Excellent
Civil Engineering,2,Programming for Problem Solving,After Mid-2,83.9,7.3,18.2,0,8.3,15.1,AB,1,Excellent
Civil Engineering,3,Building Construction & Materials,After Mid-2,75.3,5.95,13.9,3,4.5,7.0,DD,1,At Risk
Electrical Engineering,5,Microprocessor & Microcontroller,Before Mid-1,83.4,7.09,19.5,0,,,BB,1,Very Good
Electronics & Communication,7,Project-1,After Mid-1,91.3,8.18,24.4,0,7.6,,AB,1,Excellent
Computer Engineering,8,Project-2,After Mid-2,73.0,4.0,19.3,1,4.9,8.7,CD,1,Average
Civil Engineering,4,Transportation Engineering,After Mid-2,86.5,8.2,29.3,0,8.3,16.0,AB,1,Excellent
Computer Engineering,5,Analysis & Design of Algorithms,After Mid-1,92.6,6.31,19.9,1,6.3,,BC,1,Good
Information Technology,5,Software Engineering,After Mid-1,75.0,6.72,14.6,1,7.1,,BC,1,Good
Civil Engineering,8,Project-2,Before Mid-1,100.0,7.82,21.6,0,,,AB,1,Excellent
Mechanical Engineering,5,Internal Combustion Engines,After Mid-1,91.9,7.29,18.8,0,7.5,,AB,1,Excellent
Electronics & Communication,7,Microwave Engineering,After Mid-1,78.6,7.02,26.2,0,6.9,,BB,1,Very Good
Information Technology,6,Mobile Computing,After Mid-2,84.4,7.54,24.9,0,6.9,16.9,AB,1,Excellent
Mechanical Engineering,1,Mathematics-1,After Mid-1,79.3,8.1,24.5,0,8.9,,AB,1,Excellent
Electronics & Communication,2,Environmental Sciences,Before Mid-1,79.2,8.0,27.6,0,,,AA,1,Excellent
Civil Engineering,2,Environmental Sciences,After Mid-2,64.2,5.5,20.2,0,5.3,11.4,BC,1,Good
Information Technology,1,Environmental Sciences,Before Mid-1,91.4,8.48,21.4,0,,,AA,1,Excellent
Electronics & Communication,1,Basic Electrical Engineering,After Mid-1,78.0,7.52,16.6,2,6.4,,BC,1,Good
Electrical Engineering,8,E-Vehicle Technology,Before Mid-1,83.5,6.48,19.3,1,,,BC,1,Good
Mechanical Engineering,1,Engineering Graphics & Design,After Mid-2,83.6,6.19,26.5,0,5.7,12.7,BB,1,Very Good
Electrical Engineering,7,Electric Drives,After Mid-1,66.8,7.71,26.1,0,7.4,,BB,1,Very Good
Mechanical Engineering,5,Dynamics of Machinery,After Mid-1,72.0,7.03,22.6,2,5.5,,CC,1,Average
Mechanical Engineering,4,Applied Thermodynamics,After Mid-2,90.3,9.79,24.2,0,8.9,14.7,AB,1,Excellent
Civil Engineering,5,Hydrology & Water Resources Engg,After Mid-2,85.3,7.52,18.4,0,8.6,18.2,AB,1,Excellent
Information Technology,1,Mathematics-1,After Mid-1,80.0,5.93,25.7,2,6.5,,BC,1,Good
Information Technology,3,Effective Technical Communication,After Mid-2,83.2,7.48,23.1,0,7.4,15.4,AB,1,Excellent
Information Technology,6,Web Technology,After Mid-2,68.9,4.14,15.8,1,3.8,6.0,DD,1,At Risk
Information Technology,6,Cyber Security & Laws,After Mid-2,78.0,6.69,18.9,0,7.1,15.7,BB,1,Very Good
Electrical Engineering,3,Analog Electronics,Before Mid-1,65.8,4.7,19.8,2,,,FF,0,At Risk
Mechanical Engineering,6,Production Technology,After Mid-1,73.2,6.82,20.9,1,5.6,,BC,1,Good
Information Technology,6,Cyber Security & Laws,Before Mid-1,74.5,6.73,24.5,0,,,AB,1,Excellent
Computer Engineering,2,English,After Mid-2,76.5,6.41,19.3,2,5.4,10.9,BC,1,Good
Civil Engineering,5,Structural Analysis-2,After Mid-1,83.0,7.51,20.6,0,7.6,,BB,1,Very Good
Electronics & Communication,4,Analog Communication,After Mid-1,82.8,5.8,17.2,2,5.3,,CC,1,Average
Electrical Engineering,5,Microprocessor & Microcontroller,After Mid-2,71.0,6.3,19.5,2,4.6,8.4,CC,1,Average
Information Technology,8,Distributed Systems,Before Mid-1,92.0,8.06,24.8,0,,,AB,1,Excellent
Electrical Engineering,8,E-Vehicle Technology,After Mid-2,86.0,5.19,12.5,2,5.4,8.9,CD,1,Average
Information Technology,3,IT Infrastructure & Management,After Mid-2,88.8,10.0,27.8,0,8.9,19.6,AA,1,Excellent
Information Technology,4,Database Management Systems,Before Mid-1,85.2,7.87,23.4,0,,,AB,1,Excellent
Information Technology,1,Mathematics-1,After Mid-2,69.8,6.72,20.6,0,5.9,9.7,BC,1,Good
Electronics & Communication,4,Microprocessor & Interfacing,After Mid-1,84.4,6.87,22.1,0,8.0,,BB,1,Very Good
Mechanical Engineering,7,Project-1,Before Mid-1,77.0,7.87,22.4,0,,,AB,1,Excellent
Electronics & Communication,8,Optical Communication,After Mid-1,82.4,7.3,17.0,0,7.1,,BB,1,Very Good
Information Technology,7,Mobile Application Development,After Mid-1,90.6,7.13,24.7,1,7.2,,BB,1,Very Good
Mechanical Engineering,1,Basic Mechanical Engineering,Before Mid-1,83.5,5.51,15.1,1,,,CC,1,Average
Electronics & Communication,8,Radar & Navigational Aids,After Mid-1,85.8,7.03,22.6,0,7.1,,BB,1,Very Good
Civil Engineering,1,Basic Civil Engineering,Before Mid-1,71.8,5.35,13.8,2,,,FF,0,At Risk
Information Technology,7,Project-1,After Mid-2,83.7,5.64,21.8,1,3.5,5.7,CC,1,Average
Electrical Engineering,2,Basic Electronics,After Mid-1,81.3,7.58,21.9,0,7.9,,AB,1,Excellent
Electronics & Communication,5,Digital Communication,After Mid-1,83.7,6.06,10.7,2,3.2,,FF,0,At Risk
Mechanical Engineering,2,Programming for Problem Solving,After Mid-1,88.5,7.71,27.6,4,5.9,,BC,1,Good
Mechanical Engineering,1,Physics,After Mid-2,89.2,5.65,30.5,0,3.6,6.5,CC,1,Average
Computer Engineering,1,Engineering Graphics & Design,Before Mid-1,78.9,5.76,14.9,1,,,CC,1,Average
Electrical Engineering,5,Electrical Machines-2,After Mid-1,89.3,6.73,18.8,0,8.1,,BB,1,Very Good
Computer Engineering,5,Software Engineering,After Mid-1,76.8,5.35,17.3,0,6.5,,BC,1,Good
Civil Engineering,1,Engineering Graphics & Design,After Mid-2,73.1,4.87,16.0,2,4.5,7.4,DD,1,At Risk
Computer Engineering,4,Operating System,After Mid-1,88.9,7.41,24.8,0,6.9,,BB,1,Very Good
Mechanical Engineering,8,Project-2,After Mid-1,81.2,8.8,26.1,0,8.0,,AA,1,Excellent
Electronics & Communication,3,Network Theory,After Mid-2,82.5,7.78,25.5,0,7.3,14.6,BB,1,Very Good
Mechanical Engineering,8,Renewable Energy Engineering,Before Mid-1,78.5,6.59,22.4,0,,,BB,1,Very Good
Information Technology,5,Computer Networks,Before Mid-1,79.0,5.95,12.4,0,,,BB,1,Very Good
Information Technology,7,Project-1,Before Mid-1,82.9,6.26,21.9,0,,,BB,1,Very Good
Electronics & Communication,3,Signals & Systems,Before Mid-1,69.5,4.21,12.7,2,,,FF,0,At Risk
Computer Engineering,3,Database Management Systems,After Mid-1,89.2,7.6,15.2,0,8.7,,AB,1,Excellent
Information Technology,2,Physics,After Mid-2,83.4,5.74,19.6,3,3.4,3.3,FF,0,At Risk
Electrical Engineering,4,Electromagnetic Field Theory,Before Mid-1,100.0,8.36,19.6,0,,,AB,1,Excellent
Information Technology,2,Physics,After Mid-1,83.0,7.03,21.9,0,5.4,,BC,1,Good
Information Technology,6,Mobile Computing,Before Mid-1,67.4,8.0,23.3,0,,,AB,1,Excellent
Electrical Engineering,7,Smart Grid Technology,After Mid-1,84.0,10.0,32.9,0,8.9,,AA,1,Excellent
Civil Engineering,6,Design of Steel Structures,Before Mid-1,93.8,7.95,22.0,0,,,BB,1,Very Good
Electronics & Communication,1,Basic Electronics,After Mid-2,96.3,8.06,22.5,0,7.2,14.9,BB,1,Very Good
Electronics & Communication,1,Mathematics-1,Before Mid-1,95.3,9.1,24.4,0,,,AA,1,Excellent
Information Technology,4,Database Management Systems,After Mid-1,78.9,7.97,17.8,0,7.2,,BB,1,Very Good
Electronics & Communication,3,Digital Electronics,After Mid-1,68.8,5.21,21.8,0,4.5,,CC,1,Average
Information Technology,3,IT Infrastructure & Management,Before Mid-1,85.3,7.04,20.8,0,,,BB,1,Very Good
Electronics & Communication,2,Environmental Sciences,After Mid-2,83.2,7.19,21.3,0,7.6,14.0,BB,1,Very Good
Information Technology,2,Mathematics-2,Before Mid-1,88.8,5.95,27.0,2,,,CC,1,Average
Civil Engineering,2,Workshop Practices,Before Mid-1,87.5,8.53,22.7,0,,,AA,1,Excellent
Civil Engineering,1,Engineering Graphics & Design,After Mid-1,71.1,7.19,20.1,0,6.5,,BB,1,Very Good
Mechanical Engineering,3,Material Science & Metallurgy,After Mid-2,79.2,8.31,30.0,0,8.9,19.6,AA,1,Excellent
Information Technology,2,Programming for Problem Solving,Before Mid-1,87.0,6.34,18.0,1,,,BC,1,Good
Electrical Engineering,6,Power Electronics-1,Before Mid-1,72.2,4.0,16.5,0,,,DD,1,At Risk
Electronics & Communication,3,Digital Electronics,After Mid-1,85.1,8.8,22.0,0,7.7,,AB,1,Excellent
Computer Engineering,3,Digital Fundamentals,After Mid-2,80.3,7.4,21.6,0,8.5,15.4,AB,1,Excellent
Electronics & Communication,1,Basic Electrical Engineering,After Mid-2,81.2,5.67,10.9,0,6.4,10.8,BC,1,Good
Mechanical Engineering,7,Power Plant Engineering,After Mid-1,73.1,4.33,19.9,0,2.3,,CD,1,Average
Electrical Engineering,6,Electrical Switchgear & Protection,After Mid-1,96.8,7.91,26.3,0,7.3,,AB,1,Excellent
Electrical Engineering,1,Mathematics-1,Before Mid-1,90.9,7.97,24.5,0,,,AB,1,Excellent
Mechanical Engineering,1,Engineering Graphics & Design,After Mid-2,92.8,5.7,23.1,1,5.0,9.1,BC,1,Good
Computer Engineering,8,Big Data Analytics,After Mid-1,84.9,6.4,21.8,0,7.2,,BB,1,Very Good
Electronics & Communication,4,Control Systems,Before Mid-1,76.3,5.25,19.9,0,,,BC,1,Good
Information Technology,6,Web Technology,After Mid-1,73.3,6.09,19.9,0,6.2,,BC,1,Good
Mechanical Engineering,8,Industrial Engineering,Before Mid-1,90.1,5.53,15.8,0,,,BB,1,Very Good
Mechanical Engineering,6,Production Technology,After Mid-1,75.3,7.01,26.9,0,7.4,,BB,1,Very Good
Mechanical Engineering,1,Physics,Before Mid-1,80.0,4.48,17.7,0,,,CC,1,Average
Information Technology,1,Environmental Sciences,Before Mid-1,75.7,5.96,22.4,1,,,BC,1,Good
Mechanical Engineering,4,Fluid Mechanics & Hydraulic Machines,After Mid-1,77.0,7.1,19.8,0,5.3,,BC,1,Good
Civil Engineering,3,Fluid Mechanics,Before Mid-1,86.6,7.91,17.0,0,,,BB,1,Very Good
Computer Engineering,6,Data Analysis & Visualization,After Mid-2,79.2,6.54,22.4,0,5.2,10.4,BC,1,Good
Electronics & Communication,6,Antenna & Wave Propagation,Before Mid-1,83.8,5.6,16.2,3,,,FF,0,At Risk
Information Technology,8,Project-2,After Mid-2,88.5,7.56,22.2,0,7.9,16.5,AB,1,Excellent
Electronics & Communication,8,Project-2,After Mid-1,85.5,8.32,25.7,0,8.0,,AB,1,Excellent
Computer Engineering,8,Big Data Analytics,After Mid-1,74.0,4.0,17.0,3,3.7,,FF,0,At Risk
Information Technology,7,Data Mining & Business Intelligence,After Mid-1,85.7,8.61,20.5,0,8.5,,AB,1,Excellent
Electrical Engineering,8,Renewable Energy Sources,After Mid-1,85.0,6.55,25.6,0,5.1,,BB,1,Very Good
Electrical Engineering,1,Mathematics-1,After Mid-1,86.4,6.77,18.2,2,5.9,,BC,1,Good
Information Technology,8,Project-2,After Mid-2,75.5,6.57,18.1,0,5.1,11.1,BC,1,Good
Civil Engineering,5,Structural Analysis-2,Before Mid-1,89.2,7.4,26.3,0,,,BB,1,Very Good
Civil Engineering,5,Structural Analysis-2,After Mid-1,77.8,4.81,20.0,2,4.3,,DD,1,At Risk
Information Technology,7,Data Mining & Business Intelligence,Before Mid-1,91.7,7.47,22.0,0,,,BB,1,Very Good
Mechanical Engineering,2,Workshop Practices,After Mid-1,90.2,7.89,24.1,0,7.7,,AA,1,Excellent
Mechanical Engineering,3,Manufacturing Processes-1,After Mid-2,94.2,10.0,29.9,0,8.5,17.7,AA,1,Excellent
Electrical Engineering,4,Electromagnetic Field Theory,After Mid-1,81.3,6.99,24.0,1,6.0,,BC,1,Good
Electronics & Communication,7,Satellite Communication,After Mid-1,74.8,7.09,23.8,0,5.1,,BB,1,Very Good
Civil Engineering,8,Project-2,After Mid-1,77.4,8.38,20.3,1,9.3,,AB,1,Excellent
Information Technology,4,Database Management Systems,After Mid-1,80.4,7.79,25.6,0,7.7,,AB,1,Excellent
Information Technology,5,Software Engineering,After Mid-2,83.8,5.35,19.6,3,4.3,10.3,CD,1,Average
Information Technology,3,Effective Technical Communication,After Mid-2,78.5,7.22,19.0,1,7.5,14.3,BB,1,Very Good
Civil Engineering,7,Irrigation Engineering,After Mid-1,75.0,5.68,17.5,1,4.2,,CC,1,Average
Mechanical Engineering,2,Environmental Sciences,After Mid-2,99.7,9.07,29.2,0,9.9,20.0,AA,1,Excellent
Computer Engineering,1,Engineering Graphics & Design,Before Mid-1,73.7,5.54,19.2,4,,,DD,1,At Risk
Electronics & Communication,8,Optical Communication,Before Mid-1,86.0,7.09,22.7,0,,,BB,1,Very Good
Civil Engineering,5,Structural Analysis-2,After Mid-2,96.3,6.44,17.3,2,3.9,6.1,CD,1,Average
Information Technology,3,Effective Technical Communication,After Mid-1,83.2,9.16,27.3,0,9.8,,AA,1,Excellent
Electrical Engineering,7,Smart Grid Technology,After Mid-2,77.6,7.11,26.0,1,6.5,13.3,BB,1,Very Good
Information Technology,3,Digital Electronics,After Mid-1,90.9,6.73,20.0,1,6.7,,BC,1,Good
Information Technology,2,English,After Mid-1,69.0,5.49,21.4,1,6.7,,BC,1,Good
Electrical Engineering,8,Renewable Energy Sources,Before Mid-1,80.7,7.4,23.2,0,,,BB,1,Very Good
Computer Engineering,2,English,Before Mid-1,92.7,5.45,21.2,1,,,BC,1,Good
Civil Engineering,4,Transportation Engineering,Before Mid-1,70.3,4.74,30.5,3,,,FF,0,At Risk
Civil Engineering,4,Structural Analysis-1,After Mid-2,70.9,4.4,17.6,0,5.9,11.1,CC,1,Average
Electronics & Communication,8,Radar & Navigational Aids,After Mid-1,84.1,7.28,19.4,0,5.6,,BB,1,Very Good
Electrical Engineering,5,Electrical Power System-1,After Mid-2,84.7,9.17,26.7,0,8.8,17.0,AA,1,Excellent
Information Technology,1,Environmental Sciences,After Mid-1,82.4,7.03,18.3,0,6.7,,BB,1,Very Good
Civil Engineering,7,Project-1,After Mid-1,73.4,6.42,19.6,2,4.7,,CC,1,Average
Information Technology,5,Computer Networks,After Mid-1,83.3,8.0,29.2,1,7.1,,AB,1,Excellent
Information Technology,5,Formal Languages & Automata Theory,After Mid-2,79.7,6.33,19.5,2,6.7,13.6,BC,1,Good
Mechanical Engineering,4,Fluid Mechanics & Hydraulic Machines,After Mid-2,77.7,6.62,18.3,0,4.7,8.7,CC,1,Average
Computer Engineering,3,Effective Technical Communication,After Mid-1,75.6,6.12,17.1,0,7.2,,BB,1,Very Good
Mechanical Engineering,3,Material Science & Metallurgy,After Mid-2,83.4,6.4,21.1,0,3.4,8.4,BC,1,Good
Electrical Engineering,2,Mathematics-2,After Mid-1,69.5,7.19,18.5,0,4.7,,BC,1,Good
Electronics & Communication,8,Wireless Communication,After Mid-2,81.1,6.86,16.2,3,4.3,8.2,CD,1,Average
Electrical Engineering,2,Basic Electronics,After Mid-2,83.8,6.96,19.4,3,5.5,10.0,CC,1,Average
Mechanical Engineering,2,Workshop Practices,Before Mid-1,72.9,6.09,17.7,2,,,CC,1,Average
Civil Engineering,3,Building Construction & Materials,After Mid-2,100.0,7.35,21.1,0,6.3,13.7,AB,1,Excellent
Electronics & Communication,2,Environmental Sciences,After Mid-1,82.5,6.91,18.2,3,5.9,,CC,1,Average
Electrical Engineering,7,Smart Grid Technology,After Mid-1,88.0,7.77,14.7,0,7.5,,AB,1,Excellent
Computer Engineering,3,Data Structures,Before Mid-1,89.7,7.66,24.8,0,,,BB,1,Very Good
Mechanical Engineering,1,Mathematics-1,After Mid-2,74.4,7.63,16.8,0,6.2,12.5,BB,1,Very Good
Electrical Engineering,7,Electric Drives,After Mid-2,84.5,7.05,27.1,1,8.2,14.7,BB,1,Very Good
Information Technology,7,Information Retrieval,After Mid-1,75.5,6.62,16.2,0,6.2,,BB,1,Very Good
Civil Engineering,2,Mathematics-2,After Mid-1,88.8,8.27,22.5,0,8.0,,AB,1,Excellent
Mechanical Engineering,3,Manufacturing Processes-1,After Mid-1,88.4,7.55,24.1,1,6.8,,BB,1,Very Good
Information Technology,2,Mathematics-2,After Mid-1,87.8,5.94,17.5,2,2.9,,DD,1,At Risk
Electrical Engineering,5,Electrical Power System-1,Before Mid-1,76.3,5.93,22.6,0,,,CC,1,Average
Information Technology,5,Computer Networks,Before Mid-1,100.0,8.76,23.8,0,,,AB,1,Excellent
Electronics & Communication,7,Satellite Communication,Before Mid-1,73.3,7.41,22.1,0,,,BC,1,Good
Information Technology,2,Basic Electronics,After Mid-1,73.6,4.0,14.2,2,2.2,,FF,0,At Risk
Civil Engineering,7,Irrigation Engineering,Before Mid-1,67.7,4.0,12.5,1,,,DD,1,At Risk
Mechanical Engineering,2,Mathematics-2,After Mid-1,98.3,9.8,31.0,0,9.1,,AA,1,Excellent
Information Technology,2,Mathematics-2,After Mid-2,84.1,6.45,23.5,1,4.8,12.5,BC,1,Good
Computer Engineering,5,Professional Ethics & Human Values,After Mid-2,64.1,5.38,16.8,1,5.2,11.3,CC,1,Average
Information Technology,2,Basic Electronics,After Mid-2,78.2,6.24,16.9,0,6.0,14.9,BC,1,Good
Information Technology,4,Database Management Systems,After Mid-2,92.6,6.13,14.7,0,7.1,11.0,BC,1,Good
Information Technology,8,Project-2,Before Mid-1,84.9,7.29,17.2,0,,,BB,1,Very Good
Electrical Engineering,7,Electric Drives,Before Mid-1,82.6,7.94,24.1,0,,,BB,1,Very Good
Electronics & Communication,4,Analog Communication,After Mid-1,92.5,8.11,26.1,0,8.5,,AA,1,Excellent
Computer Engineering,7,Project-1,After Mid-1,83.2,8.73,20.5,0,8.8,,AB,1,Excellent
Mechanical Engineering,7,Refrigeration & Air Conditioning,After Mid-1,75.8,6.49,22.7,1,5.2,,CC,1,Average
Electrical Engineering,8,Power Quality & Management,Before Mid-1,93.8,6.98,15.4,0,,,BB,1,Very Good
Information Technology,1,Basic Electrical Engineering,Before Mid-1,84.4,7.41,19.6,0,,,AB,1,Excellent
Computer Engineering,2,Basic Electronics,After Mid-1,91.1,6.05,20.1,0,6.8,,BB,1,Very Good
Mechanical Engineering,8,Project-2,After Mid-2,79.4,7.5,24.2,0,5.8,9.6,BB,1,Very Good
Electrical Engineering,5,Microprocessor & Microcontroller,After Mid-2,81.0,6.48,18.9,1,6.9,13.5,BC,1,Good
Mechanical Engineering,4,Fluid Mechanics & Hydraulic Machines,Before Mid-1,87.0,10.0,29.7,0,,,AA,1,Excellent
Electrical Engineering,7,Project-1,After Mid-1,69.3,5.12,10.3,0,5.1,,CC,1,Average
Information Technology,5,Computer Networks,After Mid-2,84.5,6.43,20.1,1,6.1,12.7,BC,1,Good
Electrical Engineering,7,Electric Drives,After Mid-1,80.9,6.86,22.1,0,6.9,,BB,1,Very Good
Civil Engineering,7,Irrigation Engineering,After Mid-1,92.0,7.75,29.5,0,8.0,,AB,1,Excellent
Mechanical Engineering,3,Kinematics of Machines,Before Mid-1,85.6,5.52,20.2,1,,,CC,1,Average
Electrical Engineering,8,Power Quality & Management,Before Mid-1,75.9,7.21,20.3,1,,,BB,1,Very Good
Mechanical Engineering,3,Engineering Thermodynamics,After Mid-2,78.2,6.78,25.0,0,4.7,9.3,BC,1,Good
Information Technology,3,Digital Electronics,After Mid-1,94.3,6.93,21.4,0,5.6,,BB,1,Very Good
Computer Engineering,7,Project-1,After Mid-2,84.3,7.43,19.5,0,8.2,13.7,BB,1,Very Good
Mechanical Engineering,7,Refrigeration & Air Conditioning,Before Mid-1,76.1,6.57,21.1,0,,,BB,1,Very Good
Electrical Engineering,1,Physics,After Mid-2,67.8,5.08,12.6,1,4.4,6.2,DD,1,At Risk
Electronics & Communication,3,Digital Electronics,Before Mid-1,87.6,6.13,22.0,0,,,BC,1,Good
Electronics & Communication,8,Wireless Communication,After Mid-2,78.4,5.18,21.8,1,5.1,10.1,CC,1,Average
Information Technology,4,Database Management Systems,Before Mid-1,91.2,7.53,30.2,0,,,BB,1,Very Good
Electronics & Communication,8,Radar & Navigational Aids,After Mid-2,80.0,5.61,21.6,2,5.3,10.2,CC,1,Average
Electrical Engineering,8,Renewable Energy Sources,After Mid-2,80.3,6.47,19.5,0,5.7,9.8,BC,1,Good
Information Technology,5,Python Programming,After Mid-1,91.1,7.69,25.1,0,7.4,,AB,1,Excellent
Electronics & Communication,3,Signals & Systems,After Mid-1,89.1,6.98,23.0,0,6.2,,BC,1,Good
Information Technology,6,Web Technology,After Mid-1,95.0,7.77,21.7,0,8.2,,AB,1,Excellent
Information Technology,2,English,After Mid-2,70.5,5.47,23.5,0,5.3,11.7,BC,1,Good
Electrical Engineering,3,Electrical Circuit Analysis,After Mid-1,71.7,5.91,24.0,0,6.3,,BC,1,Good
Electrical Engineering,5,Electrical Power System-1,After Mid-1,65.3,5.87,21.3,0,5.0,,CC,1,Average
Information Technology,2,English,Before Mid-1,72.7,6.02,17.6,0,,,BC,1,Good
Electrical Engineering,3,Electrical Measurements & Instrumentation,After Mid-2,100.0,9.87,27.9,1,9.7,18.0,AA,1,Excellent
Electrical Engineering,7,Smart Grid Technology,After Mid-2,69.3,8.03,22.2,0,5.3,12.6,BB,1,Very Good
Computer Engineering,3,Effective Technical Communication,After Mid-2,79.5,7.78,25.4,0,8.0,15.0,AB,1,Excellent
Computer Engineering,3,Database Management Systems,Before Mid-1,77.3,4.46,11.1,1,,,CD,1,Average
Computer Engineering,8,Project-2,After Mid-2,92.7,7.75,27.2,0,6.6,13.2,AB,1,Excellent
Electrical Engineering,1,Physics,After Mid-1,76.0,6.51,17.2,0,6.1,,BC,1,Good
Electrical Engineering,6,Electrical Switchgear & Protection,After Mid-2,76.3,5.8,24.1,0,5.0,10.4,BC,1,Good
Civil Engineering,5,Soil Mechanics & Geotechnical Engg,Before Mid-1,79.1,7.4,18.8,0,,,BB,1,Very Good
Civil Engineering,8,Earthquake Engineering,After Mid-1,89.3,6.76,21.1,0,5.1,,BC,1,Good
Electrical Engineering,8,Power Quality & Management,After Mid-2,78.7,6.18,15.6,5,5.8,10.6,DD,1,At Risk
Information Technology,4,Computer Networks,Before Mid-1,86.6,7.61,23.6,0,,,BB,1,Very Good
Computer Engineering,2,Basic Electronics,After Mid-2,87.8,7.11,24.8,1,6.7,14.9,BB,1,Very Good
Information Technology,7,Project-1,Before Mid-1,70.4,5.17,15.5,4,,,FF,0,At Risk
Computer Engineering,6,Theory of Computation,After Mid-1,91.8,7.41,19.5,0,6.6,,BC,1,Good
Mechanical Engineering,7,Refrigeration & Air Conditioning,After Mid-1,97.8,9.07,26.6,0,9.2,,AA,1,Excellent
Computer Engineering,6,Web Technology,Before Mid-1,96.3,8.58,27.7,0,,,AA,1,Excellent
Electrical Engineering,4,Electromagnetic Field Theory,After Mid-2,74.0,6.88,25.2,0,6.1,9.8,BC,1,Good
Electrical Engineering,2,Engineering Graphics & Design,Before Mid-1,78.8,5.36,17.0,0,,,CC,1,Average
Computer Engineering,3,Data Structures,Before Mid-1,97.8,9.9,28.9,1,,,AA,1,Excellent
Electronics & Communication,1,Mathematics-1,Before Mid-1,69.6,7.44,23.2,0,,,BB,1,Very Good
Mechanical Engineering,8,Industrial Engineering,After Mid-1,82.6,7.21,24.0,0,6.8,,AB,1,Excellent
Computer Engineering,5,Computer Networks,After Mid-1,75.9,7.09,21.3,0,6.8,,BB,1,Very Good
Civil Engineering,3,Mechanics of Solids,After Mid-1,85.9,6.25,20.0,2,5.7,,CC,1,Average
Computer Engineering,1,Basic Electrical Engineering,After Mid-1,74.4,5.05,17.5,0,4.9,,CC,1,Average
Electrical Engineering,2,Mathematics-2,Before Mid-1,83.1,5.49,16.5,1,,,DD,1,At Risk
Civil Engineering,8,Project-2,After Mid-2,77.1,4.39,9.1,2,3.2,4.2,FF,0,At Risk
Electronics & Communication,1,Physics,After Mid-1,79.4,6.19,24.5,0,5.1,,BC,1,Good
Civil Engineering,7,Irrigation Engineering,Before Mid-1,86.9,6.75,19.9,0,,,BB,1,Very Good
Mechanical Engineering,2,Workshop Practices,After Mid-2,78.0,5.94,23.4,0,5.7,12.7,BB,1,Very Good
Information Technology,7,Data Mining & Business Intelligence,After Mid-2,81.5,8.8,26.5,0,8.7,18.2,AB,1,Excellent
Electronics & Communication,7,Microwave Engineering,Before Mid-1,83.0,6.19,17.2,0,,,BC,1,Good
Mechanical Engineering,3,Engineering Thermodynamics,After Mid-1,87.7,9.16,28.9,0,8.8,,AA,1,Excellent
Mechanical Engineering,2,Mathematics-2,After Mid-1,88.7,7.07,27.6,1,5.2,,BC,1,Good
Information Technology,2,Physics,After Mid-1,85.7,7.91,22.2,0,6.1,,BB,1,Very Good
Computer Engineering,1,Physics,Before Mid-1,100.0,8.66,24.8,0,,,AB,1,Excellent
Electronics & Communication,4,Control Systems,Before Mid-1,84.4,6.74,20.7,0,,,BC,1,Good
Information Technology,1,Mathematics-1,After Mid-1,80.1,7.62,18.9,0,8.2,,AB,1,Excellent
Information Technology,7,Data Mining & Business Intelligence,After Mid-2,89.7,6.85,14.0,0,5.3,9.2,BC,1,Good
Information Technology,6,Mobile Computing,Before Mid-1,91.1,7.94,26.6,0,,,AB,1,Excellent
Electrical Engineering,5,Electrical Power System-1,Before Mid-1,84.4,8.12,26.0,0,,,AB,1,Excellent
Mechanical Engineering,2,Workshop Practices,After Mid-2,79.1,7.58,20.1,0,8.1,15.5,AB,1,Excellent
Electronics & Communication,2,Engineering Graphics & Design,Before Mid-1,85.1,6.7,19.8,0,,,BC,1,Good
Electronics & Communication,5,Digital Communication,Before Mid-1,82.8,7.52,22.6,0,,,BB,1,Very Good
Information Technology,2,Mathematics-2,After Mid-2,84.6,6.31,21.7,0,5.6,10.5,BC,1,Good
Computer Engineering,1,Physics,After Mid-1,79.0,4.85,12.5,4,3.5,,FF,0,At Risk
Information Technology,4,Object Oriented Programming - Java,Before Mid-1,86.4,7.38,21.5,0,,,AB,1,Excellent
Mechanical Engineering,8,Automobile Engineering,Before Mid-1,71.2,6.3,18.9,1,,,BC,1,Good
Mechanical Engineering,4,Applied Thermodynamics,After Mid-1,78.4,5.09,15.0,1,5.5,,CC,1,Average
Mechanical Engineering,1,Physics,After Mid-2,80.6,6.82,18.5,0,5.3,10.5,BC,1,Good
Civil Engineering,5,Hydrology & Water Resources Engg,After Mid-2,95.9,9.63,22.6,0,8.3,16.0,AA,1,Excellent
Electrical Engineering,5,Electrical Machines-2,After Mid-2,84.9,8.64,20.6,0,8.7,16.8,AB,1,Excellent
Computer Engineering,1,Engineering Graphics & Design,After Mid-1,98.6,8.64,23.1,0,9.1,,AA,1,Excellent
Computer Engineering,6,Agile Software Development,After Mid-1,78.1,5.87,20.9,1,5.4,,BC,1,Good
Electronics & Communication,2,Programming for Problem Solving,Before Mid-1,72.3,6.13,20.8,1,,,BC,1,Good
Electrical Engineering,2,Programming for Problem Solving,After Mid-2,75.5,7.98,19.9,0,7.4,17.2,AB,1,Excellent
Electrical Engineering,4,Electrical Machines-1,After Mid-2,82.7,5.28,16.5,3,2.8,4.5,FF,0,At Risk
Electrical Engineering,8,E-Vehicle Technology,After Mid-2,90.5,6.73,22.1,1,6.5,16.2,BB,1,Very Good
Civil Engineering,8,Bridge Engineering,After Mid-2,81.7,7.49,26.9,1,5.7,11.9,BC,1,Good
Electrical Engineering,2,Programming for Problem Solving,After Mid-1,69.8,5.53,19.2,6,2.8,,FF,0,At Risk
Computer Engineering,7,Cloud Computing,After Mid-1,100.0,8.81,26.9,0,8.3,,AA,1,Excellent
Mechanical Engineering,7,Project-1,After Mid-2,90.9,6.5,19.2,0,6.0,11.2,BB,1,Very Good
Information Technology,1,Mathematics-1,After Mid-2,83.1,6.15,25.3,1,6.1,15.4,BB,1,Very Good
Electrical Engineering,7,Electric Drives,After Mid-1,91.5,8.08,28.0,0,6.4,,BB,1,Very Good
Electrical Engineering,4,Electromagnetic Field Theory,After Mid-1,90.7,7.58,26.2,0,6.6,,BB,1,Very Good
Computer Engineering,8,Big Data Analytics,Before Mid-1,89.0,7.31,22.2,0,,,AB,1,Excellent
Civil Engineering,4,Transportation Engineering,After Mid-2,100.0,10.0,27.5,0,10.0,20.0,AA,1,Excellent
Electronics & Communication,7,Project-1,After Mid-2,85.3,6.29,22.0,0,5.3,11.0,BC,1,Good
Mechanical Engineering,3,Manufacturing Processes-1,After Mid-2,100.0,6.82,18.5,1,6.3,11.3,BC,1,Good
Computer Engineering,6,Web Technology,After Mid-1,78.7,9.02,24.2,1,8.4,,AB,1,Excellent
Electronics & Communication,1,Basic Electronics,After Mid-1,71.6,5.29,17.5,0,5.4,,CC,1,Average
Information Technology,8,Big Data Analytics,After Mid-2,78.0,6.2,22.0,1,6.3,12.8,BC,1,Good
Mechanical Engineering,6,Operations Research,After Mid-2,83.7,8.29,24.0,0,7.8,14.2,AB,1,Excellent
Civil Engineering,3,Fluid Mechanics,After Mid-2,83.7,6.9,15.2,0,5.2,10.3,BC,1,Good
Mechanical Engineering,4,Mechanical Measurement & Metrology,After Mid-2,69.8,6.73,19.5,0,6.2,13.3,BB,1,Very Good
Civil Engineering,8,Project-2,After Mid-1,92.3,6.92,21.0,0,6.1,,BB,1,Very Good
Mechanical Engineering,6,Design of Machine Elements,Before Mid-1,91.8,7.18,22.2,0,,,BB,1,Very Good
Civil Engineering,4,Concrete Technology,Before Mid-1,77.7,7.97,23.2,0,,,BB,1,Very Good
Electrical Engineering,7,High Voltage Engineering,After Mid-1,82.7,9.06,27.5,0,8.7,,AB,1,Excellent
Electronics & Communication,7,Microwave Engineering,After Mid-1,99.9,8.51,26.5,0,7.2,,AB,1,Excellent
Information Technology,1,Environmental Sciences,After Mid-1,91.0,7.71,17.1,0,7.8,,AB,1,Excellent
Electrical Engineering,5,Electrical Power System-1,After Mid-2,80.7,7.12,26.9,0,6.7,12.4,BB,1,Very Good
Civil Engineering,4,Advanced Surveying,After Mid-1,72.3,5.6,17.0,1,4.5,,CC,1,Average
Civil Engineering,6,Foundation Engineering,After Mid-2,74.7,6.35,23.0,3,4.4,6.8,CD,1,Average
Computer Engineering,4,Principles of Economics & Management,After Mid-1,92.7,7.45,17.6,0,7.2,,AB,1,Excellent
Electrical Engineering,3,Electrical Measurements & Instrumentation,Before Mid-1,81.3,6.7,23.4,0,,,BB,1,Very Good
Mechanical Engineering,6,Computer Aided Design (CAD),Before Mid-1,81.2,8.42,21.6,0,,,AB,1,Excellent
Computer Engineering,7,Cloud Computing,Before Mid-1,80.3,5.65,16.7,0,,,BC,1,Good
Electrical Engineering,2,Engineering Graphics & Design,Before Mid-1,89.4,7.68,14.6,0,,,BB,1,Very Good
Information Technology,6,Web Technology,After Mid-1,73.6,6.65,18.7,0,6.4,,BB,1,Very Good
Information Technology,6,Web Technology,Before Mid-1,90.0,7.9,33.2,0,,,AA,1,Excellent
Civil Engineering,6,Environmental Engineering,Before Mid-1,78.0,6.83,21.3,1,,,BC,1,Good
Mechanical Engineering,1,Basic Mechanical Engineering,Before Mid-1,91.2,7.48,23.2,0,,,BB,1,Very Good
Mechanical Engineering,7,Refrigeration & Air Conditioning,After Mid-2,77.0,6.93,25.2,0,6.6,13.0,BB,1,Very Good
Electrical Engineering,3,Electrical Circuit Analysis,After Mid-2,90.1,8.48,20.7,0,8.8,14.4,AB,1,Excellent
Information Technology,3,Digital Electronics,After Mid-2,93.0,7.63,25.9,0,6.3,11.9,BB,1,Very Good
Mechanical Engineering,1,Basic Mechanical Engineering,After Mid-1,86.9,7.98,22.9,0,7.4,,AB,1,Excellent
Electronics & Communication,1,Mathematics-1,Before Mid-1,90.8,7.73,23.8,0,,,AB,1,Excellent
Information Technology,2,Basic Electronics,After Mid-1,75.2,7.61,18.8,0,7.4,,BB,1,Very Good
Electrical Engineering,7,Electric Drives,Before Mid-1,69.1,4.89,9.2,2,,,FF,0,At Risk
Electrical Engineering,7,Smart Grid Technology,Before Mid-1,95.0,8.05,21.4,0,,,AB,1,Excellent
Mechanical Engineering,7,Project-1,After Mid-1,94.1,8.15,24.0,0,7.3,,AB,1,Excellent
Civil Engineering,6,Foundation Engineering,Before Mid-1,88.1,8.0,23.0,0,,,BB,1,Very Good
Information Technology,2,English,After Mid-2,79.4,6.56,14.9,0,8.4,17.7,AB,1,Excellent
Mechanical Engineering,5,Internal Combustion Engines,Before Mid-1,96.9,6.93,20.3,0,,,BB,1,Very Good
Electrical Engineering,7,Project-1,After Mid-2,88.6,6.32,23.2,6,4.2,8.0,FF,0,At Risk
Computer Engineering,1,Engineering Graphics & Design,Before Mid-1,88.3,8.76,24.8,0,,,AB,1,Excellent
Electronics & Communication,2,Programming for Problem Solving,After Mid-1,80.7,6.49,26.3,1,6.1,,BB,1,Very Good
Electronics & Communication,1,Basic Electronics,After Mid-1,85.0,8.38,23.8,0,7.6,,AB,1,Excellent
Computer Engineering,4,Operating System,After Mid-2,83.8,6.22,15.9,1,4.0,7.2,CD,1,Average
Electrical Engineering,2,Mathematics-2,Before Mid-1,68.5,5.55,23.4,1,,,CC,1,Average
Mechanical Engineering,4,Fluid Mechanics & Hydraulic Machines,Before Mid-1,73.5,7.54,23.2,0,,,BB,1,Very Good
Civil Engineering,4,Structural Analysis-1,Before Mid-1,90.5,6.09,19.0,2,,,CD,1,Average
Information Technology,1,Basic Electrical Engineering,After Mid-1,90.5,6.92,14.8,0,9.4,,AB,1,Excellent
Civil Engineering,3,Fluid Mechanics,After Mid-2,76.0,6.3,19.3,0,6.7,11.0,BC,1,Good
Civil Engineering,1,Basic Civil Engineering,After Mid-1,82.9,6.08,17.8,2,4.7,,CC,1,Average
Electronics & Communication,2,Mathematics-2,After Mid-2,81.3,5.81,22.5,0,5.4,10.4,BC,1,Good
Electronics & Communication,3,Network Theory,Before Mid-1,91.5,7.85,19.8,3,,,CC,1,Average
Civil Engineering,1,Physics,After Mid-2,86.9,5.19,15.7,1,3.1,7.2,CD,1,Average
Mechanical Engineering,1,Engineering Graphics & Design,After Mid-2,78.3,4.97,15.4,1,5.7,8.1,CC,1,Average
Electrical Engineering,2,Basic Electronics,Before Mid-1,89.9,5.57,18.0,0,,,BB,1,Very Good
Computer Engineering,1,Engineering Graphics & Design,After Mid-2,89.5,8.55,13.7,0,7.7,12.4,BB,1,Very Good
Electronics & Communication,7,Satellite Communication,Before Mid-1,98.7,8.9,27.4,0,,,AA,1,Excellent
Electronics & Communication,6,VLSI Design,After Mid-1,78.2,6.83,24.7,0,6.2,,BC,1,Good
Mechanical Engineering,7,Computer Aided Manufacturing (CAM),Before Mid-1,80.5,5.08,15.8,0,,,CC,1,Average
Electrical Engineering,1,Physics,After Mid-1,78.0,5.65,27.1,1,3.1,,CD,1,Average
Information Technology,4,Object Oriented Programming - Java,After Mid-1,87.4,7.77,18.6,0,6.2,,BB,1,Very Good
Civil Engineering,7,Project-1,After Mid-1,89.8,9.4,21.3,0,9.9,,AA,1,Excellent
Computer Engineering,5,Computer Networks,Before Mid-1,90.6,6.39,25.0,1,,,BC,1,Good
Civil Engineering,8,Bridge Engineering,Before Mid-1,82.8,8.62,26.8,0,,,AB,1,Excellent
Mechanical Engineering,1,Engineering Graphics & Design,After Mid-2,87.7,7.61,19.9,0,7.4,16.3,AB,1,Excellent
Electrical Engineering,4,Electrical Machines-1,Before Mid-1,78.1,6.74,19.9,0,,,BC,1,Good
Computer Engineering,6,Web Technology,After Mid-1,85.8,8.48,21.6,0,8.9,,AB,1,Excellent
Information Technology,1,Basic Electrical Engineering,After Mid-2,81.9,5.85,24.7,1,6.8,14.9,BC,1,Good
Electrical Engineering,8,Project-2,After Mid-2,88.4,8.21,28.5,0,7.7,16.9,AB,1,Excellent
Mechanical Engineering,8,Project-2,Before Mid-1,70.5,6.21,22.4,1,,,CC,1,Average
Information Technology,5,Software Engineering,After Mid-1,85.5,6.97,21.7,0,6.3,,BB,1,Very Good
Civil Engineering,1,Engineering Graphics & Design,Before Mid-1,86.0,8.21,23.2,0,,,AB,1,Excellent
Information Technology,2,English,After Mid-1,66.3,4.37,21.2,3,4.7,,DD,1,At Risk
Computer Engineering,3,Database Management Systems,Before Mid-1,64.9,4.59,16.0,4,,,FF,0,At Risk
Computer Engineering,8,Internet of Things,Before Mid-1,88.1,6.52,13.9,0,,,BB,1,Very Good
Information Technology,5,Software Engineering,After Mid-2,82.2,6.89,23.1,0,5.9,12.3,BB,1,Very Good
Civil Engineering,8,Project-2,Before Mid-1,85.8,7.21,23.4,0,,,AB,1,Excellent
Civil Engineering,1,Basic Civil Engineering,Before Mid-1,83.8,7.01,25.9,0,,,AB,1,Excellent
Electronics & Communication,6,VLSI Design,After Mid-1,80.7,8.25,22.2,0,6.8,,BB,1,Very Good
Electrical Engineering,8,Renewable Energy Sources,After Mid-2,89.1,8.32,24.2,0,8.4,17.0,AB,1,Excellent
Computer Engineering,7,Cloud Computing,After Mid-1,81.5,7.27,21.6,0,8.5,,AB,1,Excellent
Computer Engineering,8,Artificial Intelligence,Before Mid-1,74.4,5.58,18.4,0,,,CC,1,Average
Electrical Engineering,3,Analog Electronics,Before Mid-1,100.0,7.67,23.7,0,,,AB,1,Excellent
Civil Engineering,4,Structural Analysis-1,After Mid-2,79.5,7.35,22.8,0,6.6,12.6,BB,1,Very Good
Electronics & Communication,8,Radar & Navigational Aids,After Mid-1,74.4,6.69,17.8,0,7.6,,BB,1,Very Good
Computer Engineering,6,Theory of Computation,Before Mid-1,91.1,6.51,21.3,4,,,DD,1,At Risk
Mechanical Engineering,5,Machine Design-1,Before Mid-1,88.8,6.96,22.8,0,,,BC,1,Good
Electrical Engineering,2,Basic Electronics,After Mid-2,91.6,7.25,18.1,0,7.0,15.0,BB,1,Very Good
Information Technology,3,Digital Electronics,Before Mid-1,74.1,4.7,11.5,1,,,CC,1,Average
Mechanical Engineering,8,Project-2,Before Mid-1,97.7,8.17,27.7,0,,,AB,1,Excellent
Computer Engineering,5,Professional Ethics & Human Values,After Mid-1,77.6,4.79,15.9,3,3.7,,FF,0,At Risk
Electronics & Communication,3,Digital Electronics,After Mid-1,83.8,7.41,19.8,0,8.2,,BB,1,Very Good
Information Technology,2,Physics,After Mid-2,84.6,6.48,16.7,0,6.4,11.0,BC,1,Good
Civil Engineering,7,Project-1,After Mid-2,71.7,4.52,12.4,1,5.1,7.8,CD,1,Average
Electronics & Communication,5,Digital Communication,After Mid-2,91.7,8.09,18.8,0,9.0,16.6,AB,1,Excellent
Electronics & Communication,5,Integrated Circuits & Applications,After Mid-2,81.0,5.8,16.3,1,5.4,6.9,CC,1,Average
Information Technology,6,Data Warehousing & Mining,After Mid-1,81.9,7.77,23.7,0,7.6,,AB,1,Excellent
Civil Engineering,5,Soil Mechanics & Geotechnical Engg,After Mid-2,86.0,6.31,18.3,1,6.5,10.8,BC,1,Good
Electrical Engineering,5,Electrical Power System-1,After Mid-1,77.2,8.01,28.7,0,6.1,,BB,1,Very Good
Civil Engineering,7,Design of Reinforced Concrete Structures,After Mid-1,93.2,7.55,16.5,0,8.1,,BB,1,Very Good
Computer Engineering,1,Mathematics-1,Before Mid-1,95.5,8.09,22.7,0,,,AB,1,Excellent
Information Technology,6,Cyber Security & Laws,Before Mid-1,76.0,6.34,17.5,1,,,BB,1,Very Good
Electronics & Communication,7,Embedded Systems,After Mid-2,79.3,7.77,24.5,0,7.3,17.2,AB,1,Excellent
Computer Engineering,5,Cyber Security,Before Mid-1,92.0,8.04,27.5,0,,,AB,1,Excellent
Electrical Engineering,3,Analog Electronics,After Mid-1,91.1,6.83,18.6,1,7.4,,BB,1,Very Good
Computer Engineering,2,Basic Electronics,After Mid-1,89.2,6.98,22.1,0,6.0,,BC,1,Good
Mechanical Engineering,1,Engineering Graphics & Design,After Mid-2,85.5,8.74,19.8,2,7.6,12.4,BB,1,Very Good
Civil Engineering,1,Engineering Graphics & Design,Before Mid-1,76.8,5.41,17.4,3,,,FF,0,At Risk
Electrical Engineering,5,Electrical Power System-1,Before Mid-1,88.2,7.86,23.8,1,,,BB,1,Very Good
Civil Engineering,8,Project-2,After Mid-2,89.2,8.03,20.6,0,7.1,13.8,AB,1,Excellent
Computer Engineering,5,Cyber Security,Before Mid-1,97.6,8.49,18.1,0,,,AA,1,Excellent
Mechanical Engineering,3,Manufacturing Processes-1,Before Mid-1,81.5,7.01,18.1,0,,,BB,1,Very Good
Mechanical Engineering,6,Operations Research,After Mid-2,86.1,6.57,20.0,0,6.3,11.4,BC,1,Good
Electronics & Communication,6,Antenna & Wave Propagation,Before Mid-1,89.9,7.05,27.2,0,,,BC,1,Good
Information Technology,4,Database Management Systems,Before Mid-1,80.5,8.74,19.5,0,,,AB,1,Excellent
Computer Engineering,1,Physics,After Mid-1,74.9,7.77,16.4,0,5.8,,BB,1,Very Good
Information Technology,8,Distributed Systems,After Mid-2,83.2,6.7,18.3,1,4.6,6.9,CC,1,Average
Information Technology,8,Big Data Analytics,After Mid-1,83.7,6.45,24.6,2,5.8,,CC,1,Average
Electrical Engineering,7,Electric Drives,After Mid-2,92.1,6.16,25.5,2,6.0,11.3,BC,1,Good
Civil Engineering,3,Mechanics of Solids,After Mid-2,76.4,7.06,22.7,0,5.2,11.3,BC,1,Good
Electronics & Communication,1,Physics,After Mid-2,75.5,7.64,33.2,0,5.7,10.9,BB,1,Very Good
Mechanical Engineering,6,Production Technology,Before Mid-1,77.1,5.19,13.0,0,,,CC,1,Average
Electronics & Communication,6,VLSI Design,After Mid-2,85.9,6.71,21.5,0,5.4,10.7,BC,1,Good
Computer Engineering,1,Environmental Sciences,After Mid-1,92.1,8.61,23.9,0,9.2,,AA,1,Excellent
Computer Engineering,8,Artificial Intelligence,After Mid-2,93.7,8.26,27.1,0,6.2,12.7,AB,1,Excellent
Information Technology,2,Physics,Before Mid-1,88.3,7.53,21.5,0,,,BB,1,Very Good
Information Technology,3,Data Structures,After Mid-2,94.1,7.45,21.7,0,7.8,13.3,BB,1,Very Good
Electronics & Communication,8,Wireless Communication,After Mid-2,64.7,4.0,17.2,3,3.8,6.3,FF,0,At Risk
Information Technology,2,Basic Electronics,After Mid-2,75.4,5.9,21.1,1,5.0,9.4,CC,1,Average
Computer Engineering,8,Project-2,After Mid-2,85.1,10.0,27.9,0,10.0,19.6,AA,1,Excellent
Mechanical Engineering,5,Internal Combustion Engines,After Mid-1,79.9,5.45,17.5,6,4.9,,FF,0,At Risk
Civil Engineering,7,Irrigation Engineering,After Mid-2,88.5,7.76,26.6,0,7.2,16.9,AB,1,Excellent
Mechanical Engineering,5,Dynamics of Machinery,After Mid-1,77.3,6.46,24.8,1,6.2,,BC,1,Good
Computer Engineering,2,Basic Electronics,After Mid-1,85.3,6.33,20.4,3,6.3,,BC,1,Good
Information Technology,8,Project-2,After Mid-1,87.3,6.87,26.7,0,7.1,,BB,1,Very Good
Computer Engineering,8,Internet of Things,Before Mid-1,83.6,8.64,27.4,0,,,AB,1,Excellent
Mechanical Engineering,2,Environmental Sciences,After Mid-2,89.1,7.8,24.4,0,7.9,17.7,AA,1,Excellent
Civil Engineering,2,Workshop Practices,After Mid-1,77.2,6.41,18.7,0,7.2,,BB,1,Very Good
Electrical Engineering,7,Electric Drives,After Mid-1,93.8,8.84,26.2,0,7.6,,AB,1,Excellent
Electrical Engineering,6,Power Electronics-1,After Mid-2,83.2,7.99,22.9,0,8.5,16.4,AB,1,Excellent
Civil Engineering,6,Foundation Engineering,After Mid-2,79.5,5.66,15.2,0,7.1,12.5,BC,1,Good
Mechanical Engineering,8,Automobile Engineering,Before Mid-1,89.6,6.84,20.5,0,,,BB,1,Very Good
Electrical Engineering,7,Smart Grid Technology,Before Mid-1,78.3,7.16,22.4,0,,,BB,1,Very Good
Civil Engineering,8,Project-2,After Mid-1,92.1,9.06,35.0,0,8.2,,AA,1,Excellent
Civil Engineering,4,Structural Analysis-1,After Mid-2,75.7,6.62,15.0,0,5.7,13.5,BC,1,Good
Electronics & Communication,5,Integrated Circuits & Applications,After Mid-2,77.1,7.09,20.0,0,6.4,14.6,BB,1,Very Good
Computer Engineering,6,Agile Software Development,After Mid-2,90.2,6.85,21.2,0,9.4,18.1,AB,1,Excellent
Civil Engineering,8,Construction Project Management,After Mid-2,87.7,7.44,17.3,0,8.4,16.9,AB,1,Excellent
Computer Engineering,6,Web Technology,After Mid-2,75.4,4.0,20.2,1,4.0,7.8,CD,1,Average
Civil Engineering,2,Programming for Problem Solving,Before Mid-1,92.0,5.75,19.1,1,,,CC,1,Average
Electronics & Communication,2,Environmental Sciences,After Mid-2,79.4,5.53,16.9,1,6.7,14.3,BC,1,Good
Information Technology,2,Mathematics-2,Before Mid-1,83.1,7.03,24.2,0,,,BB,1,Very Good
Civil Engineering,2,Environmental Sciences,After Mid-1,77.5,7.57,24.9,0,8.6,,AB,1,Excellent
Computer Engineering,4,Operating System,After Mid-2,93.8,7.41,26.0,1,4.6,10.5,BC,1,Good
Civil Engineering,8,Earthquake Engineering,After Mid-1,89.1,8.12,20.3,0,6.5,,BB,1,Very Good
Electronics & Communication,3,Network Theory,Before Mid-1,77.2,6.04,23.2,0,,,CC,1,Average
Computer Engineering,6,Web Technology,Before Mid-1,83.2,4.45,13.4,5,,,FF,0,At Risk
Mechanical Engineering,5,Machine Design-1,Before Mid-1,71.0,7.09,17.7,0,,,CC,1,Average
Electronics & Communication,7,Embedded Systems,After Mid-2,70.0,6.94,21.6,0,6.7,10.2,BB,1,Very Good
Civil Engineering,3,Building Construction & Materials,Before Mid-1,78.9,7.69,21.1,1,,,AB,1,Excellent
Civil Engineering,3,Surveying,After Mid-1,80.1,8.54,21.0,0,7.4,,AB,1,Excellent
Mechanical Engineering,8,Renewable Energy Engineering,Before Mid-1,75.7,7.15,22.4,0,,,BB,1,Very Good
Civil Engineering,8,Earthquake Engineering,After Mid-1,94.8,9.45,27.8,0,9.4,,AA,1,Excellent
Electronics & Communication,5,Digital Communication,Before Mid-1,93.8,8.93,24.8,0,,,AB,1,Excellent
Mechanical Engineering,2,Mathematics-2,After Mid-2,83.3,7.02,26.9,2,6.1,13.5,BC,1,Good
Electronics & Communication,4,Analog Communication,After Mid-2,82.6,6.04,20.2,0,4.1,5.0,CC,1,Average
Mechanical Engineering,8,Project-2,Before Mid-1,76.5,7.88,17.4,0,,,BB,1,Very Good
Computer Engineering,6,Agile Software Development,Before Mid-1,80.5,6.33,18.9,0,,,BB,1,Very Good
Mechanical Engineering,6,Production Technology,Before Mid-1,84.8,5.73,14.4,0,,,BC,1,Good
Information Technology,5,Python Programming,After Mid-1,83.6,6.89,23.2,0,7.2,,AB,1,Excellent
Computer Engineering,4,Discrete Mathematics,Before Mid-1,79.3,8.79,22.7,0,,,AB,1,Excellent
Mechanical Engineering,2,Environmental Sciences,Before Mid-1,78.9,7.35,29.5,0,,,AA,1,Excellent
Electronics & Communication,1,Mathematics-1,After Mid-2,84.7,8.31,26.6,1,6.4,15.0,BB,1,Very Good
Civil Engineering,1,Mathematics-1,After Mid-1,84.1,4.78,19.5,2,4.2,,CD,1,Average
Information Technology,3,Digital Electronics,Before Mid-1,81.3,7.6,22.7,0,,,BB,1,Very Good
Mechanical Engineering,6,Production Technology,Before Mid-1,80.2,6.18,18.2,0,,,BC,1,Good
Computer Engineering,4,Computer Organization & Architecture,After Mid-1,94.6,7.65,19.3,0,6.8,,BB,1,Very Good
Civil Engineering,7,Project-1,Before Mid-1,72.0,7.5,28.7,0,,,BB,1,Very Good
Information Technology,1,Basic Electrical Engineering,After Mid-1,87.2,7.29,22.0,0,5.6,,BB,1,Very Good
Information Technology,6,Mobile Computing,After Mid-2,88.3,8.48,29.0,0,8.7,19.2,AA,1,Excellent
Computer Engineering,3,Effective Technical Communication,After Mid-2,96.7,6.76,20.7,0,8.4,14.3,AB,1,Excellent
Electrical Engineering,8,E-Vehicle Technology,After Mid-1,85.7,7.89,29.8,1,5.8,,BB,1,Very Good
Electronics & Communication,2,Engineering Graphics & Design,After Mid-2,80.5,8.24,28.7,0,8.7,18.5,AA,1,Excellent
Information Technology,8,Project-2,After Mid-1,86.1,8.05,18.0,0,6.9,,BB,1,Very Good
Information Technology,2,English,After Mid-1,96.0,8.33,24.5,0,6.4,,AB,1,Excellent
Electrical Engineering,4,Electrical Machines-1,After Mid-2,88.1,7.41,19.4,1,6.1,7.6,BC,1,Good
Information Technology,1,Environmental Sciences,After Mid-2,89.0,6.61,20.0,0,7.0,14.7,BB,1,Very Good
Electrical Engineering,7,Project-1,After Mid-1,90.0,7.04,22.2,0,7.0,,AB,1,Excellent
Electronics & Communication,4,Analog Communication,After Mid-1,86.5,7.58,20.7,0,8.0,,AB,1,Excellent
Electrical Engineering,8,E-Vehicle Technology,After Mid-1,94.0,8.68,32.0,0,9.6,,AA,1,Excellent
Civil Engineering,3,Building Construction & Materials,After Mid-2,92.7,9.03,28.7,0,9.0,20.0,AA,1,Excellent
Electrical Engineering,2,Basic Electronics,Before Mid-1,64.0,5.37,12.5,2,,,DD,1,At Risk
Electronics & Communication,8,Wireless Communication,After Mid-1,91.7,8.76,24.1,0,9.1,,AA,1,Excellent
Civil Engineering,1,Basic Civil Engineering,Before Mid-1,93.4,7.99,21.9,0,,,AB,1,Excellent
Electrical Engineering,4,Electrical Machines-1,After Mid-1,80.1,7.6,16.1,0,7.4,,BB,1,Very Good
Computer Engineering,3,Database Management Systems,After Mid-1,75.6,6.38,23.0,0,5.3,,BC,1,Good
Computer Engineering,2,Mathematics-2,After Mid-2,88.3,5.67,22.2,2,5.0,9.1,CD,1,Average
Computer Engineering,2,Programming for Problem Solving,Before Mid-1,69.3,6.86,17.0,1,,,BC,1,Good
Information Technology,8,Distributed Systems,After Mid-1,74.4,5.27,17.5,1,3.4,,DD,1,At Risk
Electrical Engineering,2,Basic Electronics,After Mid-2,67.2,7.66,25.7,0,8.4,17.6,AB,1,Excellent
Computer Engineering,4,Discrete Mathematics,Before Mid-1,95.1,8.14,18.3,0,,,BB,1,Very Good
Information Technology,4,Computer Networks,After Mid-1,88.1,8.75,28.0,0,7.5,,AB,1,Excellent
Civil Engineering,3,Fluid Mechanics,After Mid-2,89.3,5.9,20.2,1,5.4,8.7,CC,1,Average
Electrical Engineering,1,Mathematics-1,Before Mid-1,92.6,8.01,20.3,0,,,BB,1,Very Good
Mechanical Engineering,3,Material Science & Metallurgy,After Mid-1,89.8,5.77,17.5,0,7.3,,BB,1,Very Good
Electronics & Communication,5,Microcontroller & Applications,After Mid-1,76.0,4.11,14.9,3,3.4,,FF,0,At Risk
Civil Engineering,2,Environmental Sciences,After Mid-1,83.1,7.62,19.7,0,8.8,,AB,1,Excellent
Electrical Engineering,2,Programming for Problem Solving,After Mid-1,77.8,4.88,18.3,6,2.6,,FF,0,At Risk
Computer Engineering,5,Computer Networks,After Mid-2,80.4,8.73,26.0,0,7.1,15.1,AB,1,Excellent
Mechanical Engineering,3,Manufacturing Processes-1,After Mid-2,77.0,6.11,18.3,1,5.4,9.7,BC,1,Good
Mechanical Engineering,1,Engineering Graphics & Design,After Mid-1,82.6,6.48,16.8,0,7.1,,BB,1,Very Good
Electrical Engineering,8,E-Vehicle Technology,Before Mid-1,89.0,7.71,21.5,1,,,BB,1,Very Good
Electronics & Communication,4,Control Systems,Before Mid-1,88.3,5.77,16.4,4,,,DD,1,At Risk
Electronics & Communication,1,Basic Electronics,After Mid-1,89.6,6.43,19.7,2,6.1,,CC,1,Average
Information Technology,5,Formal Languages & Automata Theory,After Mid-2,60.4,6.34,20.2,0,3.8,6.7,CC,1,Average
Electrical Engineering,2,Engineering Graphics & Design,Before Mid-1,86.0,6.83,22.7,0,,,BB,1,Very Good
Electrical Engineering,6,Electrical Switchgear & Protection,Before Mid-1,83.9,5.97,25.1,2,,,BC,1,Good
Civil Engineering,4,Advanced Surveying,Before Mid-1,81.9,7.89,18.4,0,,,BB,1,Very Good
Computer Engineering,3,Probability & Statistics,After Mid-1,70.6,6.36,20.1,1,4.5,,CC,1,Average
Computer Engineering,7,Machine Learning,After Mid-2,99.2,6.26,22.3,1,5.6,10.3,BC,1,Good
Electronics & Communication,1,Basic Electronics,Before Mid-1,100.0,9.4,25.8,0,,,AA,1,Excellent
Electronics & Communication,5,Digital Communication,Before Mid-1,88.0,7.67,16.5,0,,,BB,1,Very Good
Electrical Engineering,6,Electrical Switchgear & Protection,After Mid-1,78.2,5.56,15.4,0,4.0,,CC,1,Average
Electrical Engineering,2,Basic Electronics,After Mid-1,100.0,10.0,19.6,0,10.0,,AA,1,Excellent
Civil Engineering,7,Design of Reinforced Concrete Structures,After Mid-1,93.3,8.71,22.5,0,8.1,,AB,1,Excellent
Electronics & Communication,4,Control Systems,After Mid-2,86.3,7.48,21.5,0,7.2,14.7,BB,1,Very Good
Electrical Engineering,3,Electrical Circuit Analysis,Before Mid-1,86.1,6.43,11.8,1,,,CC,1,Average
Mechanical Engineering,4,Manufacturing Processes-2,After Mid-1,84.8,7.16,18.0,0,5.6,,BC,1,Good
Civil Engineering,3,Fluid Mechanics,After Mid-1,93.8,6.31,14.2,1,6.6,,BC,1,Good
Electrical Engineering,1,Physics,After Mid-2,88.6,6.5,20.0,0,6.6,12.9,BB,1,Very Good
Electronics & Communication,2,Mathematics-2,Before Mid-1,73.2,7.61,20.8,0,,,BC,1,Good
Computer Engineering,6,Agile Software Development,Before Mid-1,82.2,6.9,21.0,1,,,BC,1,Good
Electrical Engineering,6,Testing & Maintenance of Electrical Equipment,Before Mid-1,84.1,8.26,25.1,0,,,AB,1,Excellent
Computer Engineering,2,Workshop/Manufacturing Practices,After Mid-1,71.8,5.93,17.9,1,5.0,,CC,1,Average
Electronics & Communication,1,Basic Electronics,After Mid-1,82.2,5.32,19.3,2,5.8,,CC,1,Average
Information Technology,2,Basic Electronics,Before Mid-1,86.3,8.23,17.4,0,,,AB,1,Excellent
Computer Engineering,8,Project-2,Before Mid-1,94.2,7.67,25.4,0,,,AB,1,Excellent
Computer Engineering,1,Environmental Sciences,After Mid-2,89.7,8.66,30.0,0,10.0,18.9,AA,1,Excellent
Civil Engineering,2,Environmental Sciences,After Mid-1,85.6,7.4,18.1,0,6.7,,BB,1,Very Good
Computer Engineering,7,Compiler Design,After Mid-1,90.6,8.95,25.3,0,8.3,,AB,1,Excellent
Electrical Engineering,7,Project-1,After Mid-1,99.9,8.9,27.0,2,8.1,,AB,1,Excellent
Computer Engineering,2,Basic Electronics,After Mid-2,78.6,5.78,15.7,2,5.5,13.4,CC,1,Average
Civil Engineering,7,Irrigation Engineering,After Mid-2,91.9,10.0,29.7,0,9.3,19.5,AA,1,Excellent
Electrical Engineering,6,Electrical Switchgear & Protection,After Mid-2,73.8,6.98,14.0,0,6.4,13.9,BC,1,Good
Computer Engineering,8,Big Data Analytics,After Mid-2,78.0,7.1,19.5,0,7.2,12.1,BB,1,Very Good
Information Technology,2,Programming for Problem Solving,Before Mid-1,92.1,8.23,24.7,0,,,AA,1,Excellent
Information Technology,3,Data Structures,Before Mid-1,90.1,8.23,24.5,0,,,AA,1,Excellent
Electrical Engineering,8,Project-2,After Mid-1,83.0,4.35,22.7,1,3.4,,CD,1,Average
Electrical Engineering,2,Mathematics-2,After Mid-2,78.4,6.12,18.8,0,4.7,9.5,CC,1,Average
Electrical Engineering,5,Electrical Power System-1,Before Mid-1,77.2,5.8,11.6,3,,,DD,1,At Risk
Mechanical Engineering,5,Internal Combustion Engines,After Mid-1,78.2,5.73,11.7,0,4.6,,CC,1,Average
Electrical Engineering,7,Smart Grid Technology,Before Mid-1,95.2,8.21,26.4,0,,,AA,1,Excellent
Mechanical Engineering,8,Project-2,After Mid-2,100.0,9.89,25.3,0,9.3,18.6,AA,1,Excellent
Information Technology,5,Computer Networks,After Mid-2,87.0,7.0,23.8,1,6.1,10.2,BC,1,Good
Mechanical Engineering,8,Automobile Engineering,Before Mid-1,94.6,7.49,25.2,0,,,BB,1,Very Good
Information Technology,2,Mathematics-2,After Mid-1,91.0,5.57,15.1,1,5.5,,CC,1,Average
Electrical Engineering,7,High Voltage Engineering,Before Mid-1,84.1,7.67,20.4,1,,,BC,1,Good
Electrical Engineering,1,Mathematics-1,After Mid-2,88.0,7.21,14.8,0,6.3,10.4,BB,1,Very Good
Information Technology,6,Mobile Computing,After Mid-1,82.3,4.4,17.5,2,5.1,,CD,1,Average
Civil Engineering,7,Highway & Traffic Engineering,After Mid-2,84.7,5.8,16.8,0,6.8,12.1,BC,1,Good
Civil Engineering,8,Earthquake Engineering,After Mid-2,64.8,7.93,23.3,0,7.6,16.1,BB,1,Very Good
Computer Engineering,2,Workshop/Manufacturing Practices,After Mid-1,84.6,6.18,20.5,1,7.7,,BB,1,Very Good
Electrical Engineering,8,Project-2,Before Mid-1,87.9,7.52,18.8,0,,,BB,1,Very Good
Electronics & Communication,6,Digital Signal Processing,Before Mid-1,76.2,6.78,28.3,0,,,BB,1,Very Good
Electronics & Communication,8,Project-2,After Mid-2,91.1,8.39,19.8,0,8.1,14.4,AB,1,Excellent
Electronics & Communication,5,Digital Communication,After Mid-2,82.7,6.96,23.5,1,6.9,14.1,BC,1,Good
Information Technology,4,Operating System Concepts,Before Mid-1,81.3,7.41,20.4,0,,,BB,1,Very Good
Electronics & Communication,4,Analog Communication,Before Mid-1,79.6,7.81,25.6,0,,,AB,1,Excellent
Computer Engineering,1,Environmental Sciences,After Mid-2,86.4,8.85,25.6,0,9.0,17.1,AA,1,Excellent
Civil Engineering,7,Irrigation Engineering,After Mid-1,98.6,9.22,30.8,0,8.4,,AA,1,Excellent
Computer Engineering,3,Probability & Statistics,After Mid-1,91.3,8.42,26.7,0,6.7,,AB,1,Excellent
Civil Engineering,8,Construction Project Management,After Mid-1,98.5,7.01,27.4,0,7.1,,AB,1,Excellent
Computer Engineering,3,Probability & Statistics,After Mid-2,87.7,7.54,22.4,1,5.6,10.8,BC,1,Good
Computer Engineering,2,English,Before Mid-1,89.8,6.54,21.4,0,,,BB,1,Very Good
Electrical Engineering,5,Electrical Power System-1,Before Mid-1,80.9,6.52,17.9,0,,,BC,1,Good
Computer Engineering,4,Discrete Mathematics,After Mid-2,92.6,7.75,20.7,0,8.3,14.7,AB,1,Excellent
Computer Engineering,7,Project-1,Before Mid-1,69.6,7.29,19.6,0,,,BB,1,Very Good
Mechanical Engineering,3,Engineering Thermodynamics,Before Mid-1,71.6,6.17,22.1,1,,,CC,1,Average
Computer Engineering,5,Computer Networks,Before Mid-1,75.4,4.9,18.8,1,,,CD,1,Average
Information Technology,2,Programming for Problem Solving,Before Mid-1,87.3,7.35,27.1,0,,,AB,1,Excellent
Mechanical Engineering,3,Manufacturing Processes-1,After Mid-2,80.1,6.51,19.2,1,5.2,11.2,BC,1,Good
Computer Engineering,7,Project-1,After Mid-1,84.4,7.38,23.1,0,6.1,,BB,1,Very Good
Civil Engineering,1,Basic Civil Engineering,Before Mid-1,79.0,6.85,21.6,1,,,BB,1,Very Good
Electronics & Communication,3,Network Theory,Before Mid-1,82.7,7.01,17.7,0,,,BC,1,Good
Computer Engineering,8,Artificial Intelligence,After Mid-1,89.1,7.45,28.8,0,5.5,,BB,1,Very Good
Civil Engineering,7,Design of Reinforced Concrete Structures,After Mid-1,93.8,7.33,19.4,0,5.8,,BC,1,Good
Information Technology,1,Engineering Graphics & Design,Before Mid-1,88.1,7.59,24.3,0,,,BB,1,Very Good
Computer Engineering,2,Workshop/Manufacturing Practices,Before Mid-1,77.3,6.37,17.4,1,,,BC,1,Good
Civil Engineering,5,Soil Mechanics & Geotechnical Engg,Before Mid-1,84.7,5.54,21.2,2,,,CD,1,Average
Mechanical Engineering,2,Mathematics-2,After Mid-2,95.6,9.31,25.0,0,10.0,19.2,AA,1,Excellent
Electrical Engineering,7,Electric Drives,Before Mid-1,78.9,4.4,22.8,2,,,FF,0,At Risk
Computer Engineering,4,Computer Organization & Architecture,Before Mid-1,84.8,9.12,29.3,0,,,AA,1,Excellent
Civil Engineering,2,Programming for Problem Solving,Before Mid-1,72.9,7.16,22.7,0,,,BB,1,Very Good
Information Technology,2,Programming for Problem Solving,After Mid-2,89.7,6.7,25.5,0,5.5,10.5,BC,1,Good
Information Technology,2,Physics,After Mid-2,84.8,6.67,19.1,0,6.3,9.1,BC,1,Good
Mechanical Engineering,5,Internal Combustion Engines,After Mid-1,94.4,8.8,27.6,0,7.1,,AB,1,Excellent
Electrical Engineering,1,Physics,After Mid-1,86.0,7.7,26.1,0,7.9,,AB,1,Excellent
Computer Engineering,4,Computer Organization & Architecture,After Mid-1,75.8,6.58,13.2,2,4.8,,CC,1,Average
Computer Engineering,1,Basic Electrical Engineering,After Mid-2,81.9,6.37,21.4,6,4.4,8.4,FF,0,At Risk
Electronics & Communication,5,Digital Communication,After Mid-1,86.7,8.29,18.9,0,8.4,,BB,1,Very Good
Computer Engineering,8,Internet of Things,After Mid-1,87.7,8.82,24.7,0,9.9,,AA,1,Excellent
Electronics & Communication,7,Project-1,Before Mid-1,96.3,9.51,19.5,0,,,AA,1,Excellent
Information Technology,5,Software Engineering,After Mid-1,70.3,6.14,19.5,1,6.0,,CC,1,Average
Electronics & Communication,7,Project-1,After Mid-1,76.5,7.05,20.8,0,6.5,,BB,1,Very Good
Electronics & Communication,7,Satellite Communication,After Mid-1,75.3,6.35,17.1,1,7.1,,BC,1,Good
Computer Engineering,6,Theory of Computation,After Mid-1,97.8,9.27,27.9,0,8.8,,AA,1,Excellent
Civil Engineering,8,Construction Project Management,After Mid-1,70.2,4.45,14.3,4,3.5,,FF,0,At Risk
Electronics & Communication,2,Engineering Graphics & Design,After Mid-1,91.0,8.23,14.4,0,5.5,,BB,1,Very Good
Civil Engineering,2,Workshop Practices,After Mid-1,82.8,7.07,29.2,0,7.0,,AB,1,Excellent
Electronics & Communication,4,Control Systems,After Mid-2,79.0,7.62,18.1,0,7.0,10.3,BB,1,Very Good
Computer Engineering,7,Project-1,After Mid-2,80.8,7.48,27.6,1,6.3,12.6,BB,1,Very Good
Civil Engineering,5,Hydrology & Water Resources Engg,Before Mid-1,71.2,7.26,27.4,0,,,BB,1,Very Good
Information Technology,5,Formal Languages & Automata Theory,Before Mid-1,100.0,10.0,32.5,0,,,AA,1,Excellent
Electrical Engineering,1,Physics,Before Mid-1,83.5,5.13,14.5,1,,,CD,1,Average
Computer Engineering,3,Digital Fundamentals,After Mid-2,74.1,6.11,21.9,0,6.7,13.3,BB,1,Very Good
Computer Engineering,4,Object Oriented Programming - C++,Before Mid-1,86.8,4.65,19.5,3,,,DD,1,At Risk
Electrical Engineering,7,Smart Grid Technology,Before Mid-1,82.3,6.87,21.5,0,,,AB,1,Excellent
Computer Engineering,7,Compiler Design,After Mid-2,88.4,6.65,15.0,0,6.0,9.8,BC,1,Good
Civil Engineering,1,Physics,After Mid-2,73.6,5.5,17.9,1,5.8,9.9,CC,1,Average
Electrical Engineering,7,Smart Grid Technology,After Mid-1,93.4,8.06,26.1,0,7.4,,AB,1,Excellent
Mechanical Engineering,3,Kinematics of Machines,Before Mid-1,75.2,5.4,17.3,0,,,BC,1,Good
Computer Engineering,4,Discrete Mathematics,After Mid-1,82.6,6.58,24.0,0,5.5,,BC,1,Good
Information Technology,1,Engineering Graphics & Design,After Mid-1,86.0,6.27,20.1,0,5.6,,BC,1,Good
Computer Engineering,1,Engineering Graphics & Design,Before Mid-1,87.8,6.82,18.4,0,,,BB,1,Very Good
Civil Engineering,7,Project-1,After Mid-1,78.0,7.64,18.9,0,5.8,,BB,1,Very Good
Electronics & Communication,6,VLSI Design,After Mid-2,87.2,9.34,27.1,0,7.7,16.7,AA,1,Excellent
Civil Engineering,7,Design of Reinforced Concrete Structures,Before Mid-1,96.6,8.2,22.6,0,,,AB,1,Excellent
Mechanical Engineering,2,Programming for Problem Solving,After Mid-2,91.3,5.78,15.0,1,4.5,9.6,CC,1,Average
Electronics & Communication,2,Programming for Problem Solving,After Mid-1,92.7,6.67,19.7,0,5.3,,BC,1,Good
Mechanical Engineering,8,Project-2,After Mid-1,93.7,9.34,26.1,0,9.0,,AA,1,Excellent
Information Technology,3,IT Infrastructure & Management,After Mid-1,76.8,6.08,19.1,4,3.9,,FF,0,At Risk
Electronics & Communication,7,Microwave Engineering,After Mid-2,92.4,8.28,29.0,0,9.1,16.6,AB,1,Excellent
Information Technology,3,Digital Electronics,Before Mid-1,86.3,6.47,21.7,0,,,AB,1,Excellent
Information Technology,8,Project-2,Before Mid-1,84.4,6.14,19.5,0,,,BC,1,Good
Information Technology,2,Mathematics-2,After Mid-2,77.2,6.05,13.3,1,5.1,10.8,CC,1,Average
Information Technology,8,Big Data Analytics,After Mid-2,88.4,6.05,20.3,1,4.7,9.0,CC,1,Average
Mechanical Engineering,3,Engineering Thermodynamics,After Mid-1,88.5,9.15,20.6,0,8.4,,AB,1,Excellent
Civil Engineering,7,Highway & Traffic Engineering,After Mid-1,85.9,8.47,22.2,0,9.0,,AA,1,Excellent
Electrical Engineering,5,Microprocessor & Microcontroller,After Mid-2,74.6,4.75,11.9,1,3.9,8.4,CD,1,Average
Civil Engineering,6,Design of Steel Structures,Before Mid-1,85.5,7.14,19.4,0,,,BB,1,Very Good
Computer Engineering,4,Principles of Economics & Management,After Mid-2,83.9,6.6,27.0,4,5.1,9.0,CC,1,Average
Mechanical Engineering,1,Engineering Graphics & Design,After Mid-1,92.5,7.36,21.2,0,7.0,,BB,1,Very Good
Computer Engineering,7,Cloud Computing,After Mid-2,75.6,8.71,30.7,0,8.3,17.1,AA,1,Excellent
Mechanical Engineering,3,Material Science & Metallurgy,After Mid-2,67.0,6.5,17.9,0,5.0,10.1,BC,1,Good
Electronics & Communication,4,Analog Communication,After Mid-1,95.2,7.35,25.8,0,8.3,,AB,1,Excellent
Civil Engineering,3,Mechanics of Solids,Before Mid-1,100.0,7.26,20.7,0,,,BB,1,Very Good
Civil Engineering,5,Structural Analysis-2,After Mid-2,95.8,8.51,32.4,0,5.8,11.9,AB,1,Excellent
Electrical Engineering,1,Mathematics-1,After Mid-1,69.4,6.4,18.3,0,5.8,,BC,1,Good
Civil Engineering,3,Surveying,After Mid-1,68.8,7.09,21.2,0,6.7,,BB,1,Very Good
Computer Engineering,7,Cloud Computing,Before Mid-1,94.1,7.55,25.4,0,,,AB,1,Excellent
Electrical Engineering,8,Project-2,After Mid-2,83.3,6.87,21.1,0,5.2,12.9,BB,1,Very Good
Mechanical Engineering,2,Workshop Practices,Before Mid-1,91.9,7.25,15.3,0,,,BB,1,Very Good
Mechanical Engineering,6,Production Technology,After Mid-2,76.5,7.05,20.7,0,5.4,10.4,BC,1,Good
Computer Engineering,1,Basic Electrical Engineering,After Mid-2,82.5,7.41,22.7,0,6.0,12.1,BB,1,Very Good
Information Technology,8,Internet of Things,After Mid-2,85.4,7.69,21.0,0,6.7,15.3,AB,1,Excellent
Electronics & Communication,5,Microcontroller & Applications,Before Mid-1,76.3,5.43,21.4,0,,,BC,1,Good
Computer Engineering,1,Engineering Graphics & Design,After Mid-2,76.6,5.47,18.2,0,5.0,7.6,CC,1,Average
Electrical Engineering,1,Environmental Sciences,After Mid-2,92.6,10.0,30.7,0,10.0,19.5,AA,1,Excellent
Electrical Engineering,7,Project-1,After Mid-2,80.6,6.87,16.5,0,7.4,13.6,BB,1,Very Good
Information Technology,1,Engineering Graphics & Design,Before Mid-1,80.0,6.8,19.2,1,,,BC,1,Good
Computer Engineering,4,Object Oriented Programming - C++,Before Mid-1,90.3,7.73,22.1,1,,,BB,1,Very Good
Computer Engineering,6,Data Analysis & Visualization,After Mid-1,91.1,6.25,14.4,1,5.6,,BC,1,Good
Computer Engineering,6,Web Technology,After Mid-1,67.2,6.99,16.8,1,7.1,,BC,1,Good
Computer Engineering,7,Machine Learning,After Mid-1,71.2,4.63,23.0,0,3.8,,CC,1,Average
Information Technology,2,Programming for Problem Solving,After Mid-1,72.4,4.44,13.0,3,2.7,,FF,0,At Risk
Civil Engineering,3,Fluid Mechanics,Before Mid-1,97.4,8.9,27.6,0,,,AB,1,Excellent
Civil Engineering,3,Surveying,After Mid-2,88.5,6.48,20.1,1,4.9,12.2,BC,1,Good
Electrical Engineering,7,Project-1,After Mid-2,80.9,7.71,20.9,0,7.9,16.0,AB,1,Excellent
Electrical Engineering,7,Electric Drives,After Mid-2,82.3,6.65,27.8,0,7.0,12.5,BB,1,Very Good
Electronics & Communication,4,Microprocessor & Interfacing,Before Mid-1,87.7,6.62,23.7,0,,,BC,1,Good
Electrical Engineering,4,Electrical Machines-1,Before Mid-1,96.6,8.32,22.9,0,,,AB,1,Excellent
Civil Engineering,5,Structural Analysis-2,After Mid-1,72.5,5.92,14.7,0,5.4,,BC,1,Good
Computer Engineering,6,Agile Software Development,After Mid-1,96.6,6.41,20.1,5,6.6,,CC,1,Average
Civil Engineering,1,Mathematics-1,After Mid-2,76.6,7.1,26.5,0,8.0,16.7,AB,1,Excellent
Electronics & Communication,4,Analog Communication,After Mid-1,86.9,8.03,27.4,0,8.4,,AA,1,Excellent
Mechanical Engineering,6,Design of Machine Elements,After Mid-2,79.1,7.21,18.8,0,5.9,11.4,BC,1,Good
Electrical Engineering,1,Basic Electrical Engineering,After Mid-2,95.8,7.76,21.2,0,6.9,15.6,AB,1,Excellent
Information Technology,3,Effective Technical Communication,After Mid-1,79.2,7.79,22.1,1,6.9,,BB,1,Very Good
Electronics & Communication,2,Environmental Sciences,After Mid-1,90.2,8.23,18.6,0,8.7,,AB,1,Excellent
Computer Engineering,4,Operating System,After Mid-2,84.1,7.57,30.6,0,6.3,12.7,BB,1,Very Good
Computer Engineering,8,Internet of Things,After Mid-2,84.8,5.49,15.2,6,4.4,8.0,FF,0,At Risk
Information Technology,8,Internet of Things,Before Mid-1,100.0,10.0,29.7,1,,,AA,1,Excellent
Information Technology,4,Object Oriented Programming - Java,After Mid-1,92.1,8.56,17.0,0,8.3,,AA,1,Excellent
Mechanical Engineering,2,Programming for Problem Solving,After Mid-1,88.5,8.85,28.0,0,8.5,,AA,1,Excellent
Civil Engineering,2,Programming for Problem Solving,After Mid-1,96.0,7.6,28.0,0,8.3,,AB,1,Excellent
Electrical Engineering,6,Power Electronics-1,After Mid-1,99.7,10.0,26.6,0,10.0,,AA,1,Excellent
Civil Engineering,1,Engineering Graphics & Design,After Mid-1,86.6,7.39,23.2,0,7.2,,AB,1,Excellent
Computer Engineering,3,Effective Technical Communication,After Mid-2,75.9,5.27,21.6,2,4.9,9.6,CC,1,Average
Computer Engineering,6,Web Technology,Before Mid-1,77.0,5.04,15.7,1,,,CD,1,Average
Electronics & Communication,3,Network Theory,After Mid-1,100.0,9.36,28.0,0,9.4,,AA,1,Excellent
Computer Engineering,3,Database Management Systems,Before Mid-1,91.0,6.55,18.4,4,,,DD,1,At Risk
Civil Engineering,8,Construction Project Management,After Mid-2,88.9,7.56,25.3,0,7.7,16.3,AB,1,Excellent
Electrical Engineering,6,Testing & Maintenance of Electrical Equipment,After Mid-2,80.6,6.37,21.3,4,4.8,8.4,DD,1,At Risk
Electrical Engineering,4,Electromagnetic Field Theory,After Mid-1,88.7,7.33,20.7,0,7.4,,BB,1,Very Good
Computer Engineering,1,Physics,Before Mid-1,83.2,7.16,13.9,0,,,BC,1,Good
Information Technology,6,Data Warehousing & Mining,After Mid-1,78.9,8.3,23.7,0,8.6,,AB,1,Excellent
Electrical Engineering,1,Environmental Sciences,After Mid-1,90.5,6.52,26.3,0,6.7,,BB,1,Very Good
Civil Engineering,7,Highway & Traffic Engineering,After Mid-2,86.2,7.67,26.0,0,7.8,17.8,AB,1,Excellent
Mechanical Engineering,7,Power Plant Engineering,After Mid-2,80.1,7.56,20.9,0,8.6,17.9,AB,1,Excellent
Computer Engineering,1,Mathematics-1,After Mid-2,78.9,6.34,14.4,0,7.0,15.6,BB,1,Very Good
Computer Engineering,1,Environmental Sciences,After Mid-2,75.9,5.22,17.1,1,6.3,11.6,BC,1,Good
Mechanical Engineering,3,Manufacturing Processes-1,After Mid-1,91.1,7.45,19.9,0,5.6,,BB,1,Very Good
Information Technology,5,Python Programming,After Mid-1,80.8,7.23,23.9,0,6.0,,BB,1,Very Good
Mechanical Engineering,3,Engineering Thermodynamics,After Mid-2,76.7,7.26,20.0,4,5.3,8.2,CD,1,Average
Computer Engineering,7,Compiler Design,After Mid-1,97.5,6.9,25.5,1,6.5,,BB,1,Very Good
Mechanical Engineering,8,Renewable Energy Engineering,After Mid-2,90.0,8.61,25.9,1,8.6,17.0,AB,1,Excellent
Mechanical Engineering,5,Heat Transfer,Before Mid-1,69.2,4.44,12.8,3,,,FF,0,At Risk
Electronics & Communication,2,Environmental Sciences,Before Mid-1,84.6,5.31,15.5,0,,,BC,1,Good
Civil Engineering,2,Environmental Sciences,After Mid-1,77.1,8.11,20.8,0,8.8,,AB,1,Excellent
Electrical Engineering,7,High Voltage Engineering,After Mid-2,89.2,6.99,25.3,0,5.3,9.0,BC,1,Good
Mechanical Engineering,6,Production Technology,Before Mid-1,79.8,6.43,21.2,1,,,BB,1,Very Good
Civil Engineering,1,Mathematics-1,After Mid-1,77.2,5.25,12.0,0,3.0,,CD,1,Average
Computer Engineering,8,Project-2,After Mid-1,83.1,7.26,24.9,0,7.5,,AB,1,Excellent
Information Technology,7,Project-1,After Mid-1,78.2,5.9,22.4,0,6.1,,BC,1,Good
Information Technology,5,Computer Networks,Before Mid-1,64.2,6.04,18.5,0,,,BC,1,Good
Computer Engineering,4,Operating System,After Mid-2,90.0,7.87,23.8,0,6.0,11.8,BB,1,Very Good
Information Technology,2,Physics,After Mid-1,79.7,8.11,21.7,2,6.0,,BC,1,Good
Information Technology,7,Information Retrieval,After Mid-1,75.8,6.63,21.2,1,5.4,,BC,1,Good
Information Technology,4,Object Oriented Programming - Java,After Mid-1,99.1,9.7,26.4,0,10.0,,AA,1,Excellent
Mechanical Engineering,8,Project-2,Before Mid-1,86.0,8.73,26.8,0,,,AA,1,Excellent
Civil Engineering,3,Fluid Mechanics,Before Mid-1,80.9,8.31,23.5,0,,,BB,1,Very Good
Information Technology,2,Programming for Problem Solving,After Mid-1,92.7,7.67,25.8,0,8.1,,AB,1,Excellent
Electronics & Communication,8,Wireless Communication,After Mid-2,54.6,4.47,14.4,0,3.8,5.8,FF,0,At Risk
Electrical Engineering,3,Electrical Circuit Analysis,After Mid-2,86.0,8.34,21.9,0,7.8,14.1,AB,1,Excellent
Mechanical Engineering,8,Project-2,After Mid-1,87.5,6.86,18.7,0,7.2,,BB,1,Very Good
Computer Engineering,3,Probability & Statistics,After Mid-2,81.0,5.56,14.6,1,5.0,11.1,CC,1,Average
Electronics & Communication,7,Microwave Engineering,Before Mid-1,81.3,6.58,23.0,0,,,BB,1,Very Good
Mechanical Engineering,7,Refrigeration & Air Conditioning,After Mid-1,83.9,7.95,19.5,0,6.6,,BB,1,Very Good
Electronics & Communication,3,Network Theory,After Mid-2,81.1,8.22,26.2,0,6.5,14.2,BB,1,Very Good
Computer Engineering,6,Web Technology,After Mid-2,74.5,6.41,24.8,1,6.7,15.6,BB,1,Very Good
Mechanical Engineering,6,Computer Aided Design (CAD),Before Mid-1,74.4,7.83,21.4,0,,,BB,1,Very Good
Civil Engineering,7,Highway & Traffic Engineering,After Mid-2,79.9,5.19,12.0,0,5.2,9.6,CC,1,Average
Electrical Engineering,6,Electrical Switchgear & Protection,After Mid-2,84.4,8.48,26.6,0,8.0,14.8,AB,1,Excellent
Civil Engineering,1,Basic Civil Engineering,After Mid-1,91.2,8.28,21.5,0,6.6,,BB,1,Very Good
Civil Engineering,6,Foundation Engineering,Before Mid-1,91.6,6.03,21.8,3,,,CD,1,Average
Computer Engineering,2,English,After Mid-1,79.4,4.93,19.8,2,3.6,,CD,1,Average
Computer Engineering,3,Data Structures,Before Mid-1,72.5,7.04,18.0,0,,,BC,1,Good
Electronics & Communication,7,Embedded Systems,Before Mid-1,82.7,4.58,14.2,2,,,DD,1,At Risk
Electrical Engineering,8,Project-2,Before Mid-1,84.3,5.96,24.0,0,,,BC,1,Good
Computer Engineering,8,Internet of Things,After Mid-2,74.5,4.96,15.7,0,4.4,7.6,CC,1,Average
Electronics & Communication,8,Optical Communication,Before Mid-1,88.4,6.69,19.0,0,,,AB,1,Excellent
Electronics & Communication,3,Signals & Systems,After Mid-1,68.4,6.68,21.0,0,7.0,,BC,1,Good
Electronics & Communication,6,VLSI Design,After Mid-2,100.0,9.85,30.9,0,7.7,15.5,AA,1,Excellent
Computer Engineering,5,Professional Ethics & Human Values,Before Mid-1,71.3,7.7,18.3,0,,,AB,1,Excellent
Computer Engineering,4,Object Oriented Programming - C++,Before Mid-1,77.5,6.31,15.3,1,,,BC,1,Good
Mechanical Engineering,6,Production Technology,After Mid-1,85.4,5.63,20.7,0,5.1,,BC,1,Good
Electrical Engineering,4,Digital Electronics,After Mid-2,93.1,8.06,26.5,0,9.1,19.2,AA,1,Excellent
Information Technology,1,Engineering Graphics & Design,After Mid-1,85.1,7.5,21.2,0,7.9,,AB,1,Excellent
Electrical Engineering,1,Physics,After Mid-2,78.8,6.96,20.7,2,5.2,10.6,CC,1,Average
Computer Engineering,4,Principles of Economics & Management,After Mid-2,71.4,7.15,18.3,0,7.9,14.4,BB,1,Very Good
Civil Engineering,7,Highway & Traffic Engineering,Before Mid-1,84.4,9.51,20.6,0,,,AA,1,Excellent
Electrical Engineering,1,Physics,After Mid-1,89.5,8.21,25.6,0,7.7,,AB,1,Excellent
Information Technology,7,Project-1,After Mid-1,74.4,5.04,18.3,1,4.3,,CC,1,Average
Computer Engineering,7,Information & Network Security,Before Mid-1,86.6,6.47,17.5,0,,,BC,1,Good
Electronics & Communication,5,Integrated Circuits & Applications,After Mid-2,78.7,7.99,24.9,0,8.1,15.6,AB,1,Excellent
Mechanical Engineering,7,Computer Aided Manufacturing (CAM),After Mid-2,85.8,6.27,15.3,0,4.2,9.9,BC,1,Good
Computer Engineering,6,Advanced Java Programming,Before Mid-1,76.8,6.59,13.1,1,,,CC,1,Average
Mechanical Engineering,1,Physics,Before Mid-1,94.0,6.79,19.7,0,,,BB,1,Very Good
Computer Engineering,2,Mathematics-2,After Mid-1,88.6,9.09,32.2,0,9.0,,AA,1,Excellent
Mechanical Engineering,7,Computer Aided Manufacturing (CAM),After Mid-1,89.6,7.88,17.4,0,6.5,,BB,1,Very Good
Mechanical Engineering,3,Material Science & Metallurgy,After Mid-2,78.8,7.6,22.9,2,6.9,12.1,BC,1,Good
Civil Engineering,8,Project-2,After Mid-1,79.5,6.33,16.6,1,5.0,,CC,1,Average
Computer Engineering,8,Project-2,After Mid-1,77.0,7.52,19.2,0,8.4,,AB,1,Excellent
Electrical Engineering,7,Electric Drives,Before Mid-1,79.2,6.89,20.6,1,,,CC,1,Average
Computer Engineering,4,Operating System,Before Mid-1,75.7,7.08,25.0,1,,,BC,1,Good
Information Technology,2,Basic Electronics,After Mid-2,64.9,6.16,12.4,0,4.8,8.4,CC,1,Average
Civil Engineering,8,Construction Project Management,After Mid-2,78.6,7.42,18.8,1,8.2,18.2,BB,1,Very Good
Electrical Engineering,4,Electromagnetic Field Theory,After Mid-2,66.3,5.4,10.9,0,5.3,3.6,CD,1,Average
Electrical Engineering,3,Electrical Circuit Analysis,Before Mid-1,84.0,8.13,21.5,0,,,AB,1,Excellent
Civil Engineering,4,Advanced Surveying,Before Mid-1,88.4,7.97,26.3,0,,,AB,1,Excellent
Electronics & Communication,1,Basic Electrical Engineering,After Mid-2,84.3,7.13,16.9,0,4.9,11.7,BC,1,Good
Mechanical Engineering,8,Project-2,After Mid-1,82.7,6.9,17.0,0,6.5,,BB,1,Very Good
Computer Engineering,7,Project-1,After Mid-1,96.3,9.3,23.2,0,8.9,,AA,1,Excellent
Electrical Engineering,6,Power Electronics-1,After Mid-1,88.4,7.83,24.9,0,7.8,,AB,1,Excellent
Mechanical Engineering,1,Mathematics-1,Before Mid-1,80.1,4.5,14.1,1,,,CD,1,Average
Information Technology,2,English,Before Mid-1,85.5,9.1,25.9,1,,,AA,1,Excellent
Computer Engineering,7,Project-1,After Mid-2,93.7,9.24,33.2,0,10.0,19.5,AA,1,Excellent
Electrical Engineering,3,Electrical Measurements & Instrumentation,Before Mid-1,70.4,7.01,15.8,3,,,CC,1,Average
Electronics & Communication,5,Microcontroller & Applications,After Mid-2,86.2,5.7,21.7,2,5.5,11.0,CC,1,Average
Mechanical Engineering,8,Renewable Energy Engineering,After Mid-1,76.5,5.51,12.9,1,3.8,,CD,1,Average
Electrical Engineering,5,Electrical Power System-1,After Mid-1,71.8,6.27,20.2,0,5.3,,BC,1,Good
Computer Engineering,7,Cloud Computing,Before Mid-1,95.9,9.5,23.2,0,,,AA,1,Excellent
Mechanical Engineering,8,Industrial Engineering,After Mid-1,71.8,6.76,17.9,1,6.6,,BC,1,Good
Civil Engineering,3,Building Construction & Materials,Before Mid-1,86.9,7.76,26.9,0,,,AA,1,Excellent
Electrical Engineering,2,Engineering Graphics & Design,Before Mid-1,96.1,8.89,21.9,0,,,AA,1,Excellent
Electrical Engineering,6,Testing & Maintenance of Electrical Equipment,Before Mid-1,73.8,7.55,23.3,0,,,BB,1,Very Good
Mechanical Engineering,6,Computer Aided Design (CAD),After Mid-2,71.0,7.08,16.3,0,8.3,15.3,BB,1,Very Good
Mechanical Engineering,2,Workshop Practices,After Mid-2,88.7,6.86,17.9,1,7.0,13.1,BB,1,Very Good
Electronics & Communication,7,Microwave Engineering,Before Mid-1,93.0,6.65,17.9,0,,,BC,1,Good
Information Technology,4,Computer Networks,After Mid-1,87.8,7.16,22.7,4,2.9,,CD,1,Average
Information Technology,4,Operating System Concepts,After Mid-1,76.5,6.79,21.0,0,6.2,,BB,1,Very Good
Information Technology,2,Physics,Before Mid-1,79.0,6.84,28.2,0,,,BB,1,Very Good
Civil Engineering,2,Programming for Problem Solving,After Mid-1,69.3,4.0,19.0,1,3.3,,DD,1,At Risk
Computer Engineering,2,English,Before Mid-1,61.3,4.87,19.4,1,,,CC,1,Average
Mechanical Engineering,2,Workshop Practices,Before Mid-1,69.0,6.1,20.7,3,,,BC,1,Good
Computer Engineering,4,Computer Organization & Architecture,After Mid-1,75.4,4.43,11.4,0,3.3,,CD,1,Average
Electrical Engineering,7,High Voltage Engineering,After Mid-2,78.4,5.76,21.8,2,5.1,11.9,CC,1,Average
Information Technology,8,Distributed Systems,After Mid-2,86.4,4.96,17.7,2,3.5,7.6,DD,1,At Risk
Electronics & Communication,2,Engineering Graphics & Design,Before Mid-1,77.0,6.29,19.8,0,,,BC,1,Good
Information Technology,3,Data Structures,Before Mid-1,73.2,5.9,13.0,1,,,CD,1,Average
Computer Engineering,2,Basic Electronics,Before Mid-1,82.7,8.2,20.3,0,,,AB,1,Excellent
Information Technology,2,Basic Electronics,After Mid-1,73.8,7.04,21.1,0,5.6,,BC,1,Good
Electrical Engineering,4,Electromagnetic Field Theory,After Mid-1,96.2,7.63,28.3,0,6.0,,BB,1,Very Good
Information Technology,6,Data Warehousing & Mining,After Mid-2,69.7,6.92,23.5,0,5.9,10.2,BC,1,Good
Electronics & Communication,6,VLSI Design,After Mid-1,93.4,7.47,23.1,0,6.0,,BB,1,Very Good
Computer Engineering,7,Machine Learning,After Mid-1,85.7,6.74,19.8,0,6.9,,BB,1,Very Good
Mechanical Engineering,1,Basic Mechanical Engineering,After Mid-1,73.5,6.83,21.9,0,6.8,,BB,1,Very Good
Mechanical Engineering,1,Mathematics-1,After Mid-2,86.8,6.19,17.2,4,5.4,8.9,DD,1,At Risk
Information Technology,8,Distributed Systems,After Mid-2,83.9,7.76,22.5,1,7.1,11.1,BB,1,Very Good
Electronics & Communication,1,Physics,After Mid-1,81.5,6.67,21.2,0,5.7,,BC,1,Good
Civil Engineering,2,Mathematics-2,After Mid-1,60.4,4.85,14.2,2,4.6,,FF,0,At Risk
Electrical Engineering,7,High Voltage Engineering,After Mid-1,75.7,4.0,18.3,2,3.7,,FF,0,At Risk
Electrical Engineering,1,Mathematics-1,After Mid-2,85.8,6.66,21.5,0,6.9,10.3,BC,1,Good
Civil Engineering,1,Engineering Graphics & Design,Before Mid-1,78.5,7.1,23.5,2,,,CC,1,Average
Computer Engineering,6,Web Technology,Before Mid-1,68.0,4.0,10.1,1,,,FF,0,At Risk
Civil Engineering,3,Building Construction & Materials,Before Mid-1,84.9,6.42,21.0,1,,,BB,1,Very Good
Information Technology,7,Project-1,After Mid-1,99.0,8.63,19.3,0,8.5,,AB,1,Excellent
Electronics & Communication,3,Digital Electronics,After Mid-2,74.6,4.0,16.6,4,3.5,6.9,FF,0,At Risk
Mechanical Engineering,6,Computer Aided Design (CAD),Before Mid-1,64.7,5.73,13.7,1,,,CC,1,Average
Electronics & Communication,8,Radar & Navigational Aids,Before Mid-1,87.6,8.44,16.0,0,,,AB,1,Excellent
Computer Engineering,7,Cloud Computing,After Mid-1,87.4,7.59,22.5,1,9.1,,AB,1,Excellent
Computer Engineering,6,Data Analysis & Visualization,After Mid-1,82.4,6.94,20.3,0,7.7,,BB,1,Very Good
Information Technology,3,Data Structures,After Mid-1,85.0,6.62,19.7,0,7.7,,BB,1,Very Good
Mechanical Engineering,8,Project-2,Before Mid-1,84.6,9.01,22.2,0,,,AB,1,Excellent
Electrical Engineering,4,Electromagnetic Field Theory,After Mid-1,80.1,6.24,11.7,0,5.6,,CC,1,Average
Information Technology,1,Environmental Sciences,After Mid-1,83.9,7.42,25.4,0,6.7,,AB,1,Excellent
Information Technology,2,Programming for Problem Solving,After Mid-2,82.4,7.55,22.2,0,7.9,17.6,AB,1,Excellent
Electronics & Communication,8,Wireless Communication,Before Mid-1,83.0,8.41,29.6,0,,,AB,1,Excellent
Information Technology,8,Project-2,Before Mid-1,84.7,6.78,21.7,0,,,BB,1,Very Good
Information Technology,2,Mathematics-2,After Mid-1,94.3,8.61,28.1,0,7.8,,AB,1,Excellent
Mechanical Engineering,3,Engineering Thermodynamics,After Mid-1,83.2,6.24,20.0,0,7.0,,BB,1,Very Good
Civil Engineering,2,Workshop Practices,After Mid-1,90.1,7.27,23.8,0,8.3,,AB,1,Excellent
Civil Engineering,6,Foundation Engineering,After Mid-1,85.6,6.47,24.3,0,5.5,,BC,1,Good
Civil Engineering,8,Project-2,Before Mid-1,75.6,7.08,24.6,0,,,AB,1,Excellent
Computer Engineering,6,Theory of Computation,After Mid-2,75.4,6.15,13.4,0,4.4,8.7,CC,1,Average
Electrical Engineering,5,Electrical Machines-2,After Mid-1,79.6,6.62,20.4,0,5.7,,BC,1,Good
Information Technology,6,Data Warehousing & Mining,After Mid-1,94.7,8.23,25.7,0,6.8,,AB,1,Excellent
Electronics & Communication,2,Environmental Sciences,After Mid-2,89.8,6.5,18.6,0,5.7,14.7,BB,1,Very Good
Computer Engineering,6,Advanced Java Programming,Before Mid-1,95.5,9.58,24.4,0,,,AA,1,Excellent
Civil Engineering,1,Basic Civil Engineering,Before Mid-1,75.5,6.95,16.8,0,,,BB,1,Very Good
Electrical Engineering,6,Electrical Switchgear & Protection,After Mid-2,79.3,7.86,22.8,0,7.7,13.0,BB,1,Very Good
Computer Engineering,1,Engineering Graphics & Design,Before Mid-1,84.4,7.02,21.8,0,,,BC,1,Good
Information Technology,2,Physics,Before Mid-1,80.7,7.14,14.4,0,,,BB,1,Very Good
Computer Engineering,5,Software Engineering,Before Mid-1,74.7,7.9,23.3,0,,,BB,1,Very Good
Electronics & Communication,7,Microwave Engineering,After Mid-1,77.3,5.46,18.0,2,5.1,,CD,1,Average
Mechanical Engineering,2,Workshop Practices,After Mid-2,86.1,7.72,23.8,0,7.1,12.2,AB,1,Excellent
Mechanical Engineering,4,Manufacturing Processes-2,Before Mid-1,74.0,6.39,12.9,4,,,FF,0,At Risk
Electronics & Communication,5,Microcontroller & Applications,Before Mid-1,98.2,7.7,25.7,0,,,AB,1,Excellent
Computer Engineering,6,Web Technology,After Mid-1,85.6,7.4,18.0,0,8.5,,AB,1,Excellent
Electrical Engineering,3,Electrical Circuit Analysis,Before Mid-1,93.9,7.07,21.7,1,,,BC,1,Good
Computer Engineering,4,Object Oriented Programming - C++,After Mid-2,76.2,6.57,24.6,1,5.7,11.4,BC,1,Good
Electrical Engineering,7,Project-1,After Mid-1,71.9,6.0,20.6,2,5.0,,CC,1,Average
Information Technology,7,Information Retrieval,After Mid-1,94.1,9.06,28.1,0,7.4,,AB,1,Excellent
Computer Engineering,8,Artificial Intelligence,After Mid-1,93.5,9.08,25.5,2,6.7,,BB,1,Very Good
Computer Engineering,6,Data Analysis & Visualization,After Mid-2,78.9,7.29,21.1,2,5.7,10.2,BC,1,Good
Mechanical Engineering,1,Basic Mechanical Engineering,After Mid-1,90.4,6.11,17.4,1,5.0,,BC,1,Good
Information Technology,7,Information Retrieval,After Mid-1,98.7,7.7,25.7,0,7.2,,AB,1,Excellent
Civil Engineering,6,Foundation Engineering,Before Mid-1,95.9,8.32,25.3,0,,,AB,1,Excellent
Computer Engineering,3,Data Structures,Before Mid-1,93.2,7.52,25.7,0,,,AB,1,Excellent
Information Technology,2,Programming for Problem Solving,After Mid-2,78.3,5.66,20.3,2,4.9,9.8,CC,1,Average
Information Technology,2,Mathematics-2,After Mid-1,89.7,5.34,17.1,1,3.5,,CD,1,Average
Electrical Engineering,7,Project-1,After Mid-1,76.7,7.09,21.1,0,7.1,,AB,1,Excellent
Electrical Engineering,1,Basic Electrical Engineering,After Mid-2,73.6,7.72,18.5,0,7.6,14.7,BB,1,Very Good
Mechanical Engineering,5,Machine Design-1,After Mid-2,87.1,7.38,21.6,1,8.0,13.9,BB,1,Very Good
Electronics & Communication,5,Integrated Circuits & Applications,Before Mid-1,86.2,6.08,16.0,0,,,BC,1,Good
Electronics & Communication,1,Physics,Before Mid-1,85.6,7.07,15.7,0,,,BC,1,Good
Electrical Engineering,5,Microprocessor & Microcontroller,Before Mid-1,94.1,6.98,19.9,0,,,AB,1,Excellent
Mechanical Engineering,4,Mechanical Measurement & Metrology,After Mid-2,81.7,7.76,18.5,1,6.9,11.8,BB,1,Very Good
Mechanical Engineering,8,Industrial Engineering,After Mid-1,77.3,5.73,15.9,2,5.2,,CC,1,Average
Information Technology,2,Basic Electronics,After Mid-2,87.8,8.84,21.5,0,9.3,16.0,AA,1,Excellent
Information Technology,8,Distributed Systems,After Mid-2,74.4,6.36,27.5,0,6.3,14.8,BB,1,Very Good
Electrical Engineering,2,Basic Electronics,After Mid-1,84.1,7.08,26.2,0,5.3,,BB,1,Very Good
Civil Engineering,6,Foundation Engineering,Before Mid-1,97.0,8.72,31.9,0,,,AA,1,Excellent
Civil Engineering,2,Workshop Practices,Before Mid-1,72.6,7.17,21.5,0,,,BB,1,Very Good
Electronics & Communication,2,Programming for Problem Solving,After Mid-2,77.5,7.01,21.9,0,6.8,15.8,BB,1,Very Good
Civil Engineering,3,Surveying,After Mid-2,73.8,6.01,18.8,0,5.0,9.9,BC,1,Good
Information Technology,3,IT Infrastructure & Management,After Mid-2,78.2,6.42,21.4,0,6.4,13.5,BB,1,Very Good
Civil Engineering,4,Structural Analysis-1,After Mid-2,68.7,5.5,21.4,0,5.2,8.9,CC,1,Average
Information Technology,3,Effective Technical Communication,Before Mid-1,70.9,5.23,18.1,1,,,CC,1,Average
Civil Engineering,1,Physics,After Mid-2,94.2,6.45,17.0,1,6.2,11.9,BC,1,Good
Electronics & Communication,6,Antenna & Wave Propagation,After Mid-1,86.0,8.04,12.0,0,6.4,,BC,1,Good
Electrical Engineering,2,Programming for Problem Solving,Before Mid-1,76.2,5.84,18.9,0,,,CC,1,Average
Electrical Engineering,5,Microprocessor & Microcontroller,After Mid-1,75.2,6.82,27.3,0,8.7,,AB,1,Excellent
Computer Engineering,3,Effective Technical Communication,After Mid-2,85.1,7.57,22.7,0,8.2,15.1,AB,1,Excellent
Information Technology,3,IT Infrastructure & Management,Before Mid-1,73.3,6.99,18.4,0,,,BB,1,Very Good
Mechanical Engineering,8,Automobile Engineering,After Mid-1,89.4,8.63,22.1,0,9.8,,AA,1,Excellent
Information Technology,4,Operating System Concepts,After Mid-2,84.0,9.12,25.8,0,8.4,15.6,AB,1,Excellent
Mechanical Engineering,4,Applied Thermodynamics,After Mid-2,80.2,5.01,14.3,0,4.7,10.5,CC,1,Average
Information Technology,6,Cyber Security & Laws,After Mid-1,75.0,5.62,17.7,0,4.8,,BC,1,Good
Computer Engineering,5,Professional Ethics & Human Values,Before Mid-1,80.7,5.58,13.2,0,,,BC,1,Good
Electrical Engineering,3,Electrical Measurements & Instrumentation,After Mid-2,89.9,7.87,25.7,0,7.2,13.5,AB,1,Excellent
Information Technology,2,Programming for Problem Solving,After Mid-2,89.1,7.09,23.7,0,6.3,15.5,BB,1,Very Good
Electronics & Communication,2,Mathematics-2,After Mid-1,87.6,7.64,24.0,0,6.9,,BB,1,Very Good
Electrical Engineering,6,Electrical Switchgear & Protection,After Mid-1,80.7,6.34,16.1,3,6.0,,CD,1,Average
Information Technology,3,Effective Technical Communication,After Mid-1,85.8,7.96,19.1,0,8.7,,AA,1,Excellent
Civil Engineering,6,Foundation Engineering,After Mid-1,73.6,7.63,24.6,0,5.4,,BC,1,Good
Civil Engineering,2,Programming for Problem Solving,After Mid-1,83.8,7.51,17.2,2,4.5,,CC,1,Average
Electronics & Communication,1,Mathematics-1,Before Mid-1,66.5,4.49,11.8,4,,,FF,0,At Risk
Mechanical Engineering,2,Environmental Sciences,Before Mid-1,99.3,8.53,27.3,0,,,AA,1,Excellent
Information Technology,4,Database Management Systems,After Mid-2,74.1,4.4,16.5,5,4.6,9.1,FF,0,At Risk
Information Technology,3,IT Infrastructure & Management,Before Mid-1,74.8,6.43,24.7,0,,,BB,1,Very Good
Computer Engineering,6,Data Analysis & Visualization,After Mid-2,68.7,7.79,24.3,1,8.0,16.2,BB,1,Very Good
Mechanical Engineering,4,Applied Thermodynamics,After Mid-2,81.2,7.1,23.0,0,6.2,11.0,BC,1,Good
Electrical Engineering,5,Microprocessor & Microcontroller,Before Mid-1,84.0,7.3,26.7,0,,,BB,1,Very Good
Electrical Engineering,7,Electric Drives,Before Mid-1,94.8,8.36,28.4,0,,,BB,1,Very Good
Information Technology,1,Basic Electrical Engineering,After Mid-1,84.1,6.84,24.2,0,4.9,,BC,1,Good
Computer Engineering,5,Professional Ethics & Human Values,Before Mid-1,100.0,10.0,28.2,0,,,AA,1,Excellent
Electronics & Communication,8,Radar & Navigational Aids,After Mid-2,90.9,5.32,14.2,0,7.7,14.5,BB,1,Very Good
Computer Engineering,7,Cloud Computing,Before Mid-1,82.1,8.15,26.8,0,,,AB,1,Excellent
Computer Engineering,2,Workshop/Manufacturing Practices,After Mid-1,92.9,7.29,22.7,0,8.2,,AA,1,Excellent
Electrical Engineering,2,Engineering Graphics & Design,After Mid-1,94.6,7.69,19.1,0,6.3,,AB,1,Excellent
Electronics & Communication,2,Programming for Problem Solving,After Mid-1,87.8,7.24,26.1,0,7.0,,AB,1,Excellent
Electrical Engineering,8,Renewable Energy Sources,After Mid-1,80.5,7.2,19.6,0,5.1,,BB,1,Very Good
Electrical Engineering,6,Electrical Switchgear & Protection,After Mid-1,94.1,10.0,30.6,0,9.0,,AA,1,Excellent
Mechanical Engineering,2,Programming for Problem Solving,After Mid-1,93.5,6.93,19.9,0,5.5,,BC,1,Good
Computer Engineering,5,Computer Networks,After Mid-2,92.8,6.91,16.6,0,7.6,13.5,BB,1,Very Good
Civil Engineering,6,Foundation Engineering,Before Mid-1,76.4,7.53,22.8,1,,,BB,1,Very Good
Computer Engineering,1,Mathematics-1,Before Mid-1,77.8,8.57,22.4,0,,,AB,1,Excellent
Information Technology,5,Computer Networks,Before Mid-1,73.3,5.91,22.2,0,,,BC,1,Good
Civil Engineering,2,Mathematics-2,After Mid-2,71.2,7.5,23.2,0,6.6,12.8,BB,1,Very Good
Computer Engineering,1,Physics,After Mid-1,73.7,7.79,25.4,0,5.8,,BB,1,Very Good
Electronics & Communication,4,Microprocessor & Interfacing,After Mid-1,77.2,5.05,12.2,1,4.9,,DD,1,At Risk
Electrical Engineering,3,Electrical Circuit Analysis,Before Mid-1,87.8,7.83,22.7,0,,,AB,1,Excellent
Electrical Engineering,8,E-Vehicle Technology,After Mid-2,73.7,6.15,19.3,1,6.4,11.9,BC,1,Good
Computer Engineering,8,Artificial Intelligence,Before Mid-1,81.0,6.79,20.5,0,,,BC,1,Good
Civil Engineering,8,Construction Project Management,After Mid-1,88.1,9.15,23.7,0,8.8,,AA,1,Excellent
Computer Engineering,1,Environmental Sciences,Before Mid-1,80.2,6.81,15.6,0,,,BB,1,Very Good
Information Technology,5,Formal Languages & Automata Theory,After Mid-1,72.6,4.98,15.5,2,4.6,,FF,0,At Risk
Mechanical Engineering,3,Engineering Thermodynamics,After Mid-1,73.1,5.89,18.1,1,5.4,,CC,1,Average
Mechanical Engineering,8,Industrial Engineering,After Mid-2,84.3,8.0,15.5,0,6.8,13.0,AB,1,Excellent
Computer Engineering,7,Compiler Design,Before Mid-1,87.7,7.11,20.5,0,,,BC,1,Good
Electrical Engineering,2,Programming for Problem Solving,After Mid-2,88.0,8.9,23.1,0,8.3,15.2,AB,1,Excellent
Electrical Engineering,3,Analog Electronics,After Mid-1,90.1,7.34,23.8,0,8.5,,AB,1,Excellent
Computer Engineering,8,Project-2,After Mid-1,95.4,8.41,17.4,0,9.3,,AA,1,Excellent
Information Technology,1,Engineering Graphics & Design,Before Mid-1,64.3,5.57,18.3,1,,,CC,1,Average
Computer Engineering,2,Programming for Problem Solving,After Mid-1,74.4,7.72,21.2,0,8.0,,AB,1,Excellent
Electronics & Communication,5,Integrated Circuits & Applications,After Mid-2,83.9,5.44,19.0,0,5.6,10.3,BC,1,Good
Information Technology,5,Python Programming,Before Mid-1,100.0,10.0,25.5,0,,,AA,1,Excellent
Electronics & Communication,8,Radar & Navigational Aids,After Mid-1,90.4,7.55,25.3,0,7.3,,AB,1,Excellent
Electronics & Communication,4,Microprocessor & Interfacing,After Mid-2,89.7,7.95,18.0,1,6.9,11.8,BC,1,Good
Mechanical Engineering,5,Machine Design-1,After Mid-1,73.0,5.8,24.0,1,4.4,,CC,1,Average
Electrical Engineering,3,Analog Electronics,After Mid-2,71.1,7.47,31.1,1,5.8,13.7,BB,1,Very Good
Mechanical Engineering,6,Computer Aided Design (CAD),Before Mid-1,74.9,6.55,19.0,0,,,BC,1,Good
Electronics & Communication,2,Environmental Sciences,Before Mid-1,80.1,6.74,20.9,0,,,BB,1,Very Good
Information Technology,2,Programming for Problem Solving,After Mid-2,84.7,7.55,16.8,0,5.9,11.4,BB,1,Very Good
Mechanical Engineering,2,Workshop Practices,After Mid-2,66.1,6.72,23.5,1,6.1,13.8,BC,1,Good
Mechanical Engineering,7,Project-1,After Mid-2,96.2,8.76,21.8,0,9.4,16.6,AA,1,Excellent
Computer Engineering,6,Agile Software Development,Before Mid-1,87.4,7.44,24.0,1,,,BB,1,Very Good
Computer Engineering,2,Workshop/Manufacturing Practices,Before Mid-1,97.2,8.22,29.5,0,,,AA,1,Excellent
Electrical Engineering,8,E-Vehicle Technology,Before Mid-1,74.4,5.55,23.5,0,,,BC,1,Good
Mechanical Engineering,8,Renewable Energy Engineering,After Mid-1,100.0,8.96,26.8,0,9.1,,AA,1,Excellent
Electrical Engineering,2,Basic Electronics,Before Mid-1,77.7,7.62,18.1,1,,,BB,1,Very Good
Mechanical Engineering,8,Project-2,After Mid-1,74.1,6.62,24.6,0,4.9,,BC,1,Good
Mechanical Engineering,1,Mathematics-1,After Mid-2,75.7,6.65,24.2,0,6.2,12.2,BB,1,Very Good
Computer Engineering,7,Compiler Design,After Mid-2,99.0,7.39,26.9,0,7.2,17.1,AB,1,Excellent
Computer Engineering,8,Internet of Things,Before Mid-1,75.2,6.84,22.2,2,,,BC,1,Good
Computer Engineering,7,Information & Network Security,Before Mid-1,88.0,8.39,24.1,0,,,BB,1,Very Good
Electronics & Communication,3,Digital Electronics,After Mid-2,70.2,4.54,22.3,2,5.1,11.4,CC,1,Average
Mechanical Engineering,3,Engineering Thermodynamics,After Mid-2,96.0,7.75,28.0,0,5.5,11.0,BB,1,Very Good
Electrical Engineering,7,Electric Drives,After Mid-2,93.9,6.71,22.9,0,6.5,11.0,BB,1,Very Good
Mechanical Engineering,3,Kinematics of Machines,Before Mid-1,81.7,7.69,24.0,0,,,BB,1,Very Good
Electrical Engineering,7,Project-1,After Mid-2,89.2,8.09,21.3,0,9.6,19.0,AA,1,Excellent
Electrical Engineering,7,Electric Drives,After Mid-2,86.3,7.31,20.1,0,7.4,15.8,BB,1,Very Good
Computer Engineering,7,Project-1,Before Mid-1,85.5,8.06,22.6,0,,,AB,1,Excellent
Electrical Engineering,3,Electrical Measurements & Instrumentation,Before Mid-1,78.9,7.66,19.9,0,,,BB,1,Very Good
Mechanical Engineering,4,Manufacturing Processes-2,After Mid-2,71.1,7.76,19.0,0,8.0,13.8,AB,1,Excellent
Civil Engineering,1,Basic Civil Engineering,After Mid-2,85.8,7.39,22.2,0,7.1,13.3,BB,1,Very Good
Electronics & Communication,2,Mathematics-2,After Mid-2,83.2,6.91,19.4,3,5.8,10.9,CC,1,Average
Information Technology,3,Effective Technical Communication,After Mid-1,84.8,5.69,20.5,0,6.0,,BB,1,Very Good
Electronics & Communication,7,Microwave Engineering,After Mid-2,87.1,6.52,18.8,0,6.4,10.9,BC,1,Good
Computer Engineering,5,Computer Networks,After Mid-2,84.6,5.92,20.4,1,5.5,12.0,BC,1,Good
Electrical Engineering,2,Basic Electronics,Before Mid-1,83.8,6.23,16.2,1,,,BC,1,Good
Computer Engineering,1,Environmental Sciences,After Mid-2,86.2,8.16,28.4,0,6.0,15.5,AB,1,Excellent
Computer Engineering,4,Operating System,After Mid-1,74.8,7.41,20.7,0,7.6,,BB,1,Very Good
Mechanical Engineering,5,Machine Design-1,After Mid-1,88.8,6.76,19.6,0,4.7,,CC,1,Average
Mechanical Engineering,5,Heat Transfer,After Mid-1,99.8,8.8,25.9,0,9.7,,AA,1,Excellent
Information Technology,6,Web Technology,After Mid-2,88.5,8.44,25.5,0,8.0,15.9,AB,1,Excellent
Civil Engineering,1,Basic Civil Engineering,Before Mid-1,75.0,5.52,19.7,2,,,CC,1,Average
Electronics & Communication,1,Basic Electrical Engineering,After Mid-1,93.1,6.5,24.6,1,6.5,,BB,1,Very Good
Computer Engineering,6,Theory of Computation,After Mid-1,89.7,6.79,21.1,0,6.3,,BB,1,Very Good
Electrical Engineering,2,Mathematics-2,After Mid-2,86.1,6.71,24.6,0,5.5,10.6,BC,1,Good
Electrical Engineering,2,Engineering Graphics & Design,After Mid-1,78.8,7.51,24.7,0,6.3,,BB,1,Very Good
Electronics & Communication,7,Project-1,Before Mid-1,82.7,8.08,15.3,0,,,BB,1,Very Good
Computer Engineering,5,Professional Ethics & Human Values,Before Mid-1,82.5,6.23,16.8,1,,,BC,1,Good
Information Technology,3,Effective Technical Communication,After Mid-2,94.5,8.97,27.6,0,10.0,20.0,AA,1,Excellent
Civil Engineering,7,Design of Reinforced Concrete Structures,After Mid-2,73.9,7.37,23.8,0,6.6,11.5,BB,1,Very Good
Electronics & Communication,5,Digital Communication,Before Mid-1,100.0,9.47,25.3,0,,,AA,1,Excellent
Electronics & Communication,8,Optical Communication,After Mid-2,60.9,4.55,14.3,0,4.9,9.8,CC,1,Average
Mechanical Engineering,6,Computer Aided Design (CAD),After Mid-2,97.3,7.43,26.1,0,5.2,12.7,BB,1,Very Good
Civil Engineering,2,Programming for Problem Solving,After Mid-1,84.8,7.82,20.8,0,8.1,,AB,1,Excellent
Mechanical Engineering,3,Manufacturing Processes-1,Before Mid-1,100.0,9.02,22.6,0,,,AA,1,Excellent
Mechanical Engineering,6,Production Technology,Before Mid-1,89.9,8.72,22.6,0,,,AA,1,Excellent
Civil Engineering,2,Workshop Practices,After Mid-2,83.8,7.74,22.3,0,9.1,20.0,AA,1,Excellent
Electrical Engineering,2,Basic Electronics,After Mid-1,80.1,7.31,18.7,2,7.4,,BB,1,Very Good
Civil Engineering,5,Soil Mechanics & Geotechnical Engg,Before Mid-1,81.6,7.29,25.1,0,,,BB,1,Very Good
Computer Engineering,7,Cloud Computing,After Mid-1,66.2,5.46,24.4,0,6.3,,BC,1,Good
Computer Engineering,5,Software Engineering,Before Mid-1,72.6,5.39,16.0,3,,,DD,1,At Risk
Civil Engineering,6,Environmental Engineering,After Mid-1,98.9,8.26,29.4,0,8.1,,AA,1,Excellent
Computer Engineering,8,Artificial Intelligence,After Mid-1,93.9,6.51,19.6,0,7.0,,BC,1,Good
Computer Engineering,8,Big Data Analytics,After Mid-2,70.2,5.25,16.7,5,3.4,3.7,FF,0,At Risk
Mechanical Engineering,4,Fluid Mechanics & Hydraulic Machines,After Mid-1,71.0,5.11,26.1,0,4.8,,CC,1,Average
Mechanical Engineering,8,Industrial Engineering,After Mid-2,79.4,7.53,19.8,0,4.8,11.8,BB,1,Very Good
Mechanical Engineering,5,Heat Transfer,After Mid-1,75.8,7.62,22.3,0,7.9,,BB,1,Very Good
Civil Engineering,5,Soil Mechanics & Geotechnical Engg,After Mid-1,87.1,6.36,21.0,1,5.1,,CC,1,Average
Electrical Engineering,4,Electromagnetic Field Theory,Before Mid-1,94.8,8.03,26.8,0,,,AB,1,Excellent
Civil Engineering,4,Advanced Surveying,After Mid-1,100.0,7.85,27.5,0,7.8,,AA,1,Excellent
Civil Engineering,6,Environmental Engineering,After Mid-2,98.2,7.51,13.8,0,9.3,18.7,AB,1,Excellent
Computer Engineering,5,Analysis & Design of Algorithms,After Mid-2,80.1,5.87,16.7,0,5.0,9.7,CC,1,Average
Civil Engineering,2,Mathematics-2,Before Mid-1,85.9,5.32,19.6,1,,,CC,1,Average
Information Technology,2,Mathematics-2,Before Mid-1,77.0,5.55,23.0,1,,,CD,1,Average
Computer Engineering,5,Professional Ethics & Human Values,After Mid-2,89.2,7.33,24.7,1,7.6,15.0,BB,1,Very Good
Civil Engineering,4,Structural Analysis-1,Before Mid-1,78.1,7.93,21.2,0,,,BC,1,Good
Civil Engineering,7,Design of Reinforced Concrete Structures,After Mid-1,87.9,8.49,20.1,0,7.7,,AB,1,Excellent
Electrical Engineering,2,Programming for Problem Solving,Before Mid-1,79.7,8.33,16.4,0,,,BB,1,Very Good
Electronics & Communication,7,Project-1,After Mid-2,78.8,6.87,24.9,2,6.4,12.9,BC,1,Good
Civil Engineering,1,Physics,Before Mid-1,69.1,6.56,22.3,0,,,CC,1,Average
Computer Engineering,4,Computer Organization & Architecture,After Mid-1,93.4,8.47,27.8,0,6.6,,AB,1,Excellent
Computer Engineering,7,Machine Learning,Before Mid-1,80.2,6.17,22.3,1,,,CC,1,Average
Mechanical Engineering,6,Production Technology,After Mid-2,83.6,9.18,25.2,0,9.5,16.7,AA,1,Excellent
Information Technology,2,Physics,After Mid-1,95.5,8.43,30.8,0,8.2,,AA,1,Excellent
Computer Engineering,5,Analysis & Design of Algorithms,After Mid-1,85.9,7.5,23.3,0,7.4,,BB,1,Very Good
Computer Engineering,4,Discrete Mathematics,Before Mid-1,89.4,7.22,19.7,2,,,BC,1,Good
Civil Engineering,4,Structural Analysis-1,Before Mid-1,69.7,6.72,21.1,0,,,BC,1,Good
Electrical Engineering,8,E-Vehicle Technology,After Mid-1,77.4,6.7,22.9,0,6.3,,BB,1,Very Good
Civil Engineering,1,Engineering Graphics & Design,After Mid-1,77.0,9.56,27.5,0,7.6,,AB,1,Excellent
Civil Engineering,7,Highway & Traffic Engineering,After Mid-1,95.1,7.57,27.1,0,8.5,,AA,1,Excellent
Computer Engineering,5,Software Engineering,After Mid-2,78.7,6.28,21.4,2,6.1,10.8,BC,1,Good
Mechanical Engineering,4,Mechanical Measurement & Metrology,Before Mid-1,95.6,7.3,17.5,0,,,AB,1,Excellent
Civil Engineering,7,Design of Reinforced Concrete Structures,Before Mid-1,77.8,5.85,15.2,2,,,FF,0,At Risk
Computer Engineering,5,Computer Networks,Before Mid-1,73.9,6.18,17.8,1,,,BC,1,Good
Civil Engineering,1,Basic Civil Engineering,Before Mid-1,83.6,8.69,26.2,0,,,AB,1,Excellent
Electrical Engineering,6,Testing & Maintenance of Electrical Equipment,Before Mid-1,90.6,8.53,27.8,0,,,AA,1,Excellent
Electrical Engineering,5,Electrical Power System-1,After Mid-2,94.2,8.66,26.0,0,8.3,17.9,AB,1,Excellent
Electronics & Communication,2,Environmental Sciences,After Mid-2,93.8,6.22,12.8,0,7.3,12.2,BB,1,Very Good
Mechanical Engineering,7,Computer Aided Manufacturing (CAM),After Mid-1,85.7,6.42,17.1,2,6.2,,BC,1,Good
Computer Engineering,5,Analysis & Design of Algorithms,After Mid-1,93.4,8.86,23.4,0,7.9,,AB,1,Excellent
Electrical Engineering,4,Electrical Machines-1,After Mid-2,85.5,7.54,25.8,0,5.8,11.0,BB,1,Very Good
Computer Engineering,4,Object Oriented Programming - C++,After Mid-2,90.6,7.28,26.5,0,6.4,14.5,AB,1,Excellent
Computer Engineering,7,Project-1,After Mid-1,77.9,8.09,21.3,0,7.8,,AB,1,Excellent
Civil Engineering,6,Design of Steel Structures,Before Mid-1,83.9,6.88,19.0,0,,,BC,1,Good
Information Technology,7,Data Mining & Business Intelligence,After Mid-1,80.6,6.68,17.1,1,5.4,,CC,1,Average
Electrical Engineering,8,E-Vehicle Technology,After Mid-1,78.4,4.49,16.2,1,4.1,,CD,1,Average
Mechanical Engineering,5,Heat Transfer,After Mid-1,76.8,6.33,22.5,2,6.2,,CC,1,Average
Computer Engineering,4,Object Oriented Programming - C++,After Mid-2,88.7,7.19,17.7,2,7.2,13.8,BC,1,Good
Electrical Engineering,3,Electrical Circuit Analysis,Before Mid-1,86.0,7.21,25.7,0,,,BB,1,Very Good
Civil Engineering,3,Mechanics of Solids,After Mid-2,71.7,6.63,26.1,0,6.8,14.6,BB,1,Very Good
Information Technology,2,Physics,After Mid-2,82.0,9.81,31.4,0,8.1,17.6,AA,1,Excellent
Computer Engineering,3,Database Management Systems,After Mid-2,90.9,7.67,20.3,1,7.4,11.5,BB,1,Very Good
Electronics & Communication,4,Control Systems,After Mid-2,89.4,8.16,22.6,0,7.8,13.3,BB,1,Very Good
Civil Engineering,3,Fluid Mechanics,After Mid-2,86.5,6.9,25.5,0,6.4,12.1,BB,1,Very Good
Electrical Engineering,7,High Voltage Engineering,After Mid-2,71.4,6.75,25.9,0,6.7,16.1,BB,1,Very Good
Information Technology,4,Operating System Concepts,After Mid-2,98.4,8.3,21.4,0,7.3,13.5,AB,1,Excellent
Electrical Engineering,4,Digital Electronics,Before Mid-1,71.9,6.11,16.0,4,,,CD,1,Average
Information Technology,4,Computer Networks,After Mid-1,76.0,7.65,25.1,0,7.2,,BB,1,Very Good
Electrical Engineering,2,Basic Electronics,After Mid-1,95.3,8.47,26.6,0,8.4,,AA,1,Excellent
Electronics & Communication,6,Antenna & Wave Propagation,After Mid-2,100.0,7.78,26.4,2,7.7,14.0,BB,1,Very Good
Electrical Engineering,8,Power Quality & Management,After Mid-1,77.8,5.36,18.9,0,6.6,,BC,1,Good
Computer Engineering,2,Mathematics-2,Before Mid-1,88.7,7.69,28.1,1,,,BB,1,Very Good
Electronics & Communication,7,Project-1,Before Mid-1,69.7,5.76,20.1,1,,,BC,1,Good
Electronics & Communication,5,Integrated Circuits & Applications,Before Mid-1,72.3,5.65,18.5,2,,,CC,1,Average
Information Technology,3,Effective Technical Communication,Before Mid-1,79.4,5.95,22.0,0,,,BB,1,Very Good
Civil Engineering,6,Design of Steel Structures,After Mid-1,84.4,6.86,14.5,0,7.2,,BC,1,Good
Computer Engineering,6,Theory of Computation,Before Mid-1,79.7,7.26,21.2,0,,,BB,1,Very Good
Information Technology,1,Environmental Sciences,After Mid-1,75.0,8.08,23.6,0,7.7,,AB,1,Excellent
Computer Engineering,2,Mathematics-2,After Mid-2,80.9,7.35,22.3,0,4.6,8.6,BC,1,Good
Mechanical Engineering,5,Dynamics of Machinery,After Mid-2,85.8,6.57,16.7,0,6.7,9.9,BC,1,Good
Civil Engineering,4,Structural Analysis-1,Before Mid-1,90.4,7.44,25.9,0,,,AB,1,Excellent
Information Technology,3,Digital Electronics,After Mid-2,91.8,6.88,19.4,0,7.0,11.9,BB,1,Very Good
Mechanical Engineering,3,Material Science & Metallurgy,After Mid-1,86.8,8.18,27.6,0,8.8,,AA,1,Excellent
Mechanical Engineering,7,Power Plant Engineering,After Mid-2,87.5,7.68,22.6,0,7.3,15.0,AB,1,Excellent
Computer Engineering,6,Theory of Computation,After Mid-1,100.0,7.56,22.3,0,8.1,,AB,1,Excellent
Electrical Engineering,4,Electrical Machines-1,After Mid-1,86.8,6.97,23.8,1,6.3,,BB,1,Very Good
Electronics & Communication,8,Radar & Navigational Aids,Before Mid-1,60.3,6.33,13.4,2,,,CD,1,Average
Computer Engineering,2,Basic Electronics,After Mid-1,74.5,8.56,32.4,0,8.5,,AB,1,Excellent
Civil Engineering,1,Mathematics-1,Before Mid-1,68.0,4.76,13.9,1,,,CD,1,Average
Electrical Engineering,7,Smart Grid Technology,After Mid-1,86.5,6.62,18.9,1,6.4,,BC,1,Good
Electronics & Communication,8,Radar & Navigational Aids,After Mid-2,87.4,8.81,28.7,0,8.6,18.5,AA,1,Excellent
Computer Engineering,5,Professional Ethics & Human Values,After Mid-2,80.5,7.38,29.2,0,7.4,14.9,AB,1,Excellent
Computer Engineering,3,Database Management Systems,After Mid-2,90.7,7.91,27.2,0,8.2,14.5,AB,1,Excellent
Information Technology,8,Distributed Systems,After Mid-1,86.0,7.01,21.1,0,6.1,,BC,1,Good
Civil Engineering,1,Engineering Graphics & Design,Before Mid-1,84.5,8.27,25.9,0,,,AB,1,Excellent
Electrical Engineering,3,Electrical Measurements & Instrumentation,After Mid-1,76.3,6.62,18.8,0,6.5,,BC,1,Good
Electrical Engineering,8,Power Quality & Management,Before Mid-1,83.6,5.02,15.4,2,,,CD,1,Average
Electrical Engineering,1,Basic Electrical Engineering,After Mid-2,87.0,6.89,22.0,2,4.3,8.7,CC,1,Average
Civil Engineering,7,Irrigation Engineering,After Mid-2,78.1,7.4,23.0,0,5.7,14.5,BB,1,Very Good
Civil Engineering,5,Hydrology & Water Resources Engg,Before Mid-1,80.6,6.75,22.3,0,,,BC,1,Good
Electronics & Communication,5,Microcontroller & Applications,After Mid-1,71.5,4.79,17.4,1,5.6,,CC,1,Average
Information Technology,4,Operating System Concepts,After Mid-1,75.8,5.63,18.2,0,5.1,,CC,1,Average
Information Technology,2,Physics,After Mid-1,79.0,5.67,21.5,0,5.7,,BC,1,Good
Civil Engineering,8,Construction Project Management,After Mid-1,86.5,8.68,28.3,0,8.2,,AB,1,Excellent
Information Technology,3,Data Structures,Before Mid-1,93.8,8.06,29.3,0,,,AB,1,Excellent
Computer Engineering,8,Project-2,After Mid-1,82.7,7.41,30.3,1,6.0,,BB,1,Very Good
Electrical Engineering,3,Analog Electronics,After Mid-2,87.1,7.2,26.2,0,7.5,16.1,AB,1,Excellent
Mechanical Engineering,7,Project-1,After Mid-2,89.1,7.88,27.1,0,8.1,16.5,AB,1,Excellent
Electronics & Communication,6,VLSI Design,After Mid-2,73.5,5.51,17.1,1,4.2,8.8,CD,1,Average
Civil Engineering,5,Soil Mechanics & Geotechnical Engg,Before Mid-1,82.1,7.1,27.2,0,,,BC,1,Good
Computer Engineering,6,Theory of Computation,Before Mid-1,89.2,6.58,15.2,0,,,BC,1,Good
Information Technology,6,Web Technology,After Mid-2,79.0,6.86,18.7,0,6.6,12.7,BB,1,Very Good
Mechanical Engineering,6,Design of Machine Elements,After Mid-2,94.8,6.63,18.9,0,4.7,10.7,BC,1,Good
Civil Engineering,1,Mathematics-1,After Mid-2,80.9,7.66,26.6,0,7.1,14.6,AB,1,Excellent
Civil Engineering,4,Advanced Surveying,After Mid-2,85.7,8.23,23.9,0,8.1,15.5,AB,1,Excellent
Information Technology,5,Formal Languages & Automata Theory,After Mid-1,78.1,9.19,17.7,0,9.6,,AB,1,Excellent
Mechanical Engineering,5,Heat Transfer,Before Mid-1,66.4,4.0,13.5,1,,,FF,0,At Risk
Information Technology,3,Effective Technical Communication,After Mid-1,87.4,7.67,25.4,1,7.3,,BB,1,Very Good
Mechanical Engineering,3,Material Science & Metallurgy,Before Mid-1,98.3,8.97,23.1,0,,,AB,1,Excellent
Computer Engineering,5,Software Engineering,After Mid-1,70.5,4.66,21.8,2,3.5,,FF,0,At Risk
Electrical Engineering,1,Physics,After Mid-2,86.8,6.59,15.8,0,6.8,8.5,BC,1,Good
Mechanical Engineering,2,Programming for Problem Solving,After Mid-2,81.5,6.15,22.8,0,5.8,11.0,BC,1,Good
Electronics & Communication,5,Digital Communication,After Mid-2,89.5,7.95,24.7,0,5.9,10.9,BB,1,Very Good
Electrical Engineering,3,Electrical Measurements & Instrumentation,After Mid-2,83.6,6.87,21.1,0,7.0,16.3,BB,1,Very Good
Mechanical Engineering,4,Mechanical Measurement & Metrology,After Mid-1,80.5,6.31,11.5,1,5.8,,CC,1,Average
Information Technology,1,Environmental Sciences,Before Mid-1,83.1,6.37,18.6,1,,,BB,1,Very Good
Information Technology,5,Computer Networks,After Mid-2,84.7,7.35,19.5,1,6.9,13.1,BB,1,Very Good
Mechanical Engineering,6,Operations Research,After Mid-1,78.4,5.69,19.1,0,6.5,,BC,1,Good
Mechanical Engineering,1,Mathematics-1,After Mid-1,77.3,7.15,20.6,0,7.2,,BB,1,Very Good
Information Technology,5,Formal Languages & Automata Theory,After Mid-2,72.6,7.57,24.6,0,6.1,11.2,BB,1,Very Good
Electronics & Communication,6,Digital Signal Processing,After Mid-2,80.3,6.93,22.3,0,5.1,6.6,BC,1,Good
Electrical Engineering,1,Mathematics-1,After Mid-1,70.6,5.07,17.0,0,3.8,,CC,1,Average
Mechanical Engineering,7,Refrigeration & Air Conditioning,Before Mid-1,83.4,6.08,18.1,2,,,DD,1,At Risk
Mechanical Engineering,5,Internal Combustion Engines,After Mid-2,68.3,6.2,19.2,0,5.3,11.5,BC,1,Good
Civil Engineering,3,Mechanics of Solids,After Mid-1,81.6,6.47,14.7,0,5.8,,BC,1,Good
Computer Engineering,5,Cyber Security,After Mid-2,68.5,6.01,16.2,2,5.5,10.8,CC,1,Average
Electronics & Communication,2,Environmental Sciences,After Mid-1,82.9,6.12,16.0,1,7.7,,BB,1,Very Good
Information Technology,6,Data Warehousing & Mining,Before Mid-1,93.8,7.67,21.2,0,,,AB,1,Excellent
Computer Engineering,4,Computer Organization & Architecture,Before Mid-1,79.7,7.22,26.0,0,,,BB,1,Very Good
Civil Engineering,3,Surveying,After Mid-2,76.6,7.17,24.0,1,6.5,13.7,BB,1,Very Good
Information Technology,5,Python Programming,After Mid-1,82.2,8.9,24.9,0,7.6,,AB,1,Excellent
Information Technology,2,English,After Mid-1,85.8,6.06,16.9,1,7.3,,BB,1,Very Good
Information Technology,1,Engineering Graphics & Design,After Mid-2,83.4,7.08,23.2,3,5.8,10.1,CC,1,Average
Electrical Engineering,6,Testing & Maintenance of Electrical Equipment,After Mid-1,75.4,6.69,23.0,0,7.6,,BB,1,Very Good
Civil Engineering,4,Concrete Technology,After Mid-2,80.6,8.08,24.7,0,8.0,16.3,AB,1,Excellent
Computer Engineering,8,Project-2,After Mid-1,68.4,5.78,22.7,0,4.8,,BC,1,Good
Civil Engineering,8,Construction Project Management,After Mid-1,86.5,6.51,17.8,1,6.2,,BC,1,Good
Computer Engineering,4,Principles of Economics & Management,Before Mid-1,77.7,5.88,19.6,3,,,CD,1,Average
Computer Engineering,6,Advanced Java Programming,Before Mid-1,88.5,7.62,22.6,0,,,AB,1,Excellent
Electrical Engineering,8,E-Vehicle Technology,Before Mid-1,91.3,7.91,27.2,0,,,AB,1,Excellent
Electrical Engineering,3,Analog Electronics,Before Mid-1,87.5,5.07,11.2,0,,,BC,1,Good
Electrical Engineering,1,Mathematics-1,After Mid-1,99.5,9.8,28.5,0,10.0,,AA,1,Excellent
Mechanical Engineering,1,Mathematics-1,After Mid-1,87.1,7.17,20.0,0,6.9,,BB,1,Very Good
Mechanical Engineering,6,Operations Research,After Mid-1,88.6,6.14,23.2,0,5.2,,BC,1,Good
Information Technology,3,Data Structures,After Mid-2,85.3,5.87,20.8,0,6.3,9.9,BC,1,Good
Electrical Engineering,6,Power Electronics-1,After Mid-2,77.7,8.24,28.5,0,7.6,13.7,AB,1,Excellent
Electronics & Communication,1,Basic Electronics,After Mid-2,80.2,6.97,24.0,0,9.0,17.6,AB,1,Excellent
Civil Engineering,7,Design of Reinforced Concrete Structures,Before Mid-1,78.0,7.42,23.1,0,,,BC,1,Good
Information Technology,2,Mathematics-2,After Mid-1,89.6,7.84,13.1,1,6.5,,BC,1,Good
Electrical Engineering,7,Smart Grid Technology,Before Mid-1,100.0,9.96,28.6,0,,,AA,1,Excellent
Mechanical Engineering,2,Workshop Practices,After Mid-1,100.0,9.41,31.5,0,10.0,,AA,1,Excellent
Electrical Engineering,8,Power Quality & Management,After Mid-2,78.6,6.05,31.5,2,5.0,10.4,BC,1,Good
Civil Engineering,3,Fluid Mechanics,After Mid-1,100.0,9.56,32.8,0,8.1,,AA,1,Excellent
Information Technology,1,Mathematics-1,Before Mid-1,90.9,5.35,16.8,0,,,BC,1,Good
Information Technology,3,Data Structures,After Mid-1,85.5,7.53,28.4,0,6.2,,BB,1,Very Good
Electronics & Communication,1,Physics,After Mid-1,71.5,6.19,22.5,0,5.0,,CC,1,Average
Computer Engineering,7,Information & Network Security,After Mid-2,69.5,8.28,21.3,0,7.8,12.9,BB,1,Very Good
Electrical Engineering,7,Project-1,After Mid-2,94.5,5.46,13.4,3,4.3,7.9,CD,1,Average
Computer Engineering,5,Computer Networks,After Mid-2,91.8,9.22,28.3,1,7.1,13.5,AB,1,Excellent
Mechanical Engineering,6,Production Technology,After Mid-1,83.9,6.65,19.3,0,6.6,,BB,1,Very Good
Civil Engineering,1,Engineering Graphics & Design,Before Mid-1,80.6,5.74,23.5,1,,,BC,1,Good
Computer Engineering,3,Probability & Statistics,Before Mid-1,77.7,5.37,13.4,2,,,CD,1,Average
Computer Engineering,3,Data Structures,Before Mid-1,75.4,5.57,16.9,3,,,FF,0,At Risk
Computer Engineering,7,Project-1,After Mid-2,80.5,6.15,18.3,1,5.4,8.8,CC,1,Average
Mechanical Engineering,1,Basic Mechanical Engineering,After Mid-2,85.5,5.7,17.3,1,5.9,13.0,BC,1,Good
Mechanical Engineering,4,Manufacturing Processes-2,After Mid-2,81.6,8.44,28.1,0,9.4,17.6,AA,1,Excellent
Civil Engineering,2,Programming for Problem Solving,Before Mid-1,89.0,6.43,16.5,1,,,BC,1,Good
Information Technology,7,Project-1,Before Mid-1,81.2,6.37,24.2,0,,,BB,1,Very Good
Mechanical Engineering,4,Mechanical Measurement & Metrology,After Mid-1,66.4,6.4,15.2,0,6.1,,BC,1,Good
Civil Engineering,4,Structural Analysis-1,After Mid-1,90.5,9.91,21.2,0,7.4,,AB,1,Excellent
Civil Engineering,1,Physics,After Mid-2,92.5,7.51,25.3,0,7.5,15.3,AB,1,Excellent
Electronics & Communication,2,Programming for Problem Solving,After Mid-1,91.4,8.8,28.3,0,10.0,,AA,1,Excellent
Civil Engineering,2,Environmental Sciences,Before Mid-1,93.6,8.88,28.6,0,,,AA,1,Excellent
Electronics & Communication,4,Microprocessor & Interfacing,Before Mid-1,93.7,8.88,22.2,0,,,AB,1,Excellent
Electronics & Communication,4,Microprocessor & Interfacing,Before Mid-1,78.9,5.7,8.0,0,,,CC,1,Average
Computer Engineering,4,Discrete Mathematics,Before Mid-1,70.1,7.3,23.5,0,,,BC,1,Good
Information Technology,6,Mobile Computing,After Mid-1,87.1,7.57,19.8,0,6.6,,BB,1,Very Good
Electrical Engineering,7,Project-1,After Mid-1,88.6,10.0,28.7,0,9.0,,AA,1,Excellent
Electrical Engineering,3,Electrical Measurements & Instrumentation,Before Mid-1,95.3,7.77,19.6,0,,,AB,1,Excellent
Computer Engineering,7,Cloud Computing,After Mid-2,77.4,6.9,21.1,2,7.4,13.0,BC,1,Good
Electronics & Communication,1,Basic Electrical Engineering,After Mid-2,84.1,8.06,17.3,0,6.7,9.9,BB,1,Very Good
Electrical Engineering,6,Testing & Maintenance of Electrical Equipment,Before Mid-1,76.2,7.43,28.2,0,,,BB,1,Very Good
Electrical Engineering,1,Physics,After Mid-2,70.2,5.8,13.6,0,4.4,7.3,CC,1,Average
Information Technology,7,Information Retrieval,After Mid-1,80.8,8.12,20.4,0,8.1,,AB,1,Excellent
Electronics & Communication,2,Environmental Sciences,After Mid-1,80.6,8.46,26.1,0,8.3,,AA,1,Excellent
Civil Engineering,4,Structural Analysis-1,Before Mid-1,86.6,8.24,22.8,0,,,BB,1,Very Good
Information Technology,7,Information Retrieval,After Mid-2,84.9,7.35,17.0,0,6.1,9.9,BC,1,Good
Information Technology,5,Software Engineering,After Mid-1,80.5,5.48,25.0,1,6.8,,BC,1,Good
Electrical Engineering,8,Renewable Energy Sources,Before Mid-1,84.5,5.65,17.6,3,,,CD,1,Average
Mechanical Engineering,4,Fluid Mechanics & Hydraulic Machines,Before Mid-1,72.5,5.76,21.4,3,,,FF,0,At Risk
Electrical Engineering,4,Digital Electronics,After Mid-1,84.0,6.23,10.9,0,6.0,,BC,1,Good
Computer Engineering,3,Probability & Statistics,After Mid-2,77.4,4.47,15.8,1,3.9,7.4,CD,1,Average
Mechanical Engineering,6,Production Technology,After Mid-2,79.9,7.16,26.5,0,5.9,13.5,BB,1,Very Good
Information Technology,4,Database Management Systems,Before Mid-1,99.1,10.0,35.0,0,,,AA,1,Excellent
Electrical Engineering,8,E-Vehicle Technology,After Mid-1,81.1,8.19,22.6,0,7.8,,AB,1,Excellent
Computer Engineering,5,Analysis & Design of Algorithms,After Mid-1,91.2,6.56,24.5,0,8.1,,BB,1,Very Good
Information Technology,5,Computer Networks,Before Mid-1,90.0,9.89,26.9,0,,,AA,1,Excellent
Mechanical Engineering,5,Dynamics of Machinery,After Mid-2,97.0,7.78,18.9,0,6.4,13.5,BB,1,Very Good
Electrical Engineering,4,Electromagnetic Field Theory,After Mid-2,81.3,6.57,22.3,0,5.6,10.4,BC,1,Good
Mechanical Engineering,2,Environmental Sciences,After Mid-2,91.2,7.74,30.6,0,7.1,17.1,AA,1,Excellent
Mechanical Engineering,2,Mathematics-2,After Mid-1,82.8,6.91,21.2,0,5.1,,BC,1,Good
Civil Engineering,8,Construction Project Management,After Mid-1,84.1,9.39,27.6,0,8.1,,AA,1,Excellent
Electrical Engineering,8,Power Quality & Management,After Mid-2,86.7,6.81,20.7,0,6.7,12.3,BB,1,Very Good
Mechanical Engineering,8,Automobile Engineering,After Mid-1,75.9,6.81,21.9,0,7.3,,BB,1,Very Good
Civil Engineering,5,Structural Analysis-2,After Mid-1,84.7,7.25,24.1,2,4.6,,CC,1,Average
Computer Engineering,5,Analysis & Design of Algorithms,After Mid-1,86.2,8.18,25.1,0,4.4,,BB,1,Very Good
Civil Engineering,8,Construction Project Management,After Mid-2,78.6,8.96,30.6,0,6.0,11.3,AB,1,Excellent
Computer Engineering,2,Workshop/Manufacturing Practices,After Mid-2,85.4,5.67,18.1,5,4.9,8.8,DD,1,At Risk
Civil Engineering,2,Mathematics-2,After Mid-1,93.9,10.0,29.8,0,8.9,,AA,1,Excellent
Electrical Engineering,1,Physics,After Mid-1,90.2,8.01,32.8,0,7.4,,AB,1,Excellent
Computer Engineering,5,Professional Ethics & Human Values,After Mid-1,92.0,9.11,30.7,0,9.3,,AA,1,Excellent
Electrical Engineering,4,Digital Electronics,Before Mid-1,89.5,6.91,16.7,0,,,BB,1,Very Good
Electronics & Communication,1,Basic Electrical Engineering,Before Mid-1,94.6,10.0,32.2,0,,,AA,1,Excellent
Electronics & Communication,5,Microcontroller & Applications,Before Mid-1,68.2,5.74,20.1,0,,,CC,1,Average
Computer Engineering,3,Digital Fundamentals,Before Mid-1,85.4,8.19,21.2,1,,,BB,1,Very Good
Civil Engineering,2,Mathematics-2,Before Mid-1,78.3,6.33,17.9,0,,,BC,1,Good
Computer Engineering,3,Effective Technical Communication,After Mid-1,89.4,8.12,23.3,0,9.5,,AA,1,Excellent
Mechanical Engineering,3,Engineering Thermodynamics,After Mid-1,67.2,7.73,22.8,0,7.6,,BB,1,Very Good
Electronics & Communication,3,Network Theory,After Mid-1,89.6,8.6,23.6,0,6.8,,AB,1,Excellent
Computer Engineering,3,Database Management Systems,After Mid-1,90.0,7.35,25.8,0,8.3,,AB,1,Excellent
Electronics & Communication,1,Physics,After Mid-2,78.9,5.82,21.7,0,3.9,9.9,CC,1,Average
Electronics & Communication,6,Digital Signal Processing,Before Mid-1,94.1,9.04,22.5,0,,,AB,1,Excellent
Electrical Engineering,4,Electromagnetic Field Theory,Before Mid-1,76.3,6.71,22.0,0,,,BC,1,Good
Information Technology,8,Project-2,After Mid-1,77.3,8.29,29.2,0,7.3,,AB,1,Excellent
Mechanical Engineering,8,Project-2,After Mid-1,77.9,6.8,10.5,0,6.4,,BC,1,Good
Mechanical Engineering,4,Applied Thermodynamics,Before Mid-1,76.8,4.57,19.0,0,,,CC,1,Average
Electrical Engineering,8,Renewable Energy Sources,After Mid-2,78.8,7.24,22.0,0,6.3,12.6,BB,1,Very Good
Information Technology,2,Programming for Problem Solving,After Mid-1,85.2,8.7,25.2,0,6.3,,AB,1,Excellent
Civil Engineering,8,Project-2,After Mid-1,80.4,8.98,24.5,1,6.2,,BB,1,Very Good
Electrical Engineering,2,Basic Electronics,After Mid-2,86.6,6.68,27.5,0,5.4,10.2,BB,1,Very Good
Mechanical Engineering,5,Machine Design-1,Before Mid-1,95.3,7.45,18.6,1,,,BB,1,Very Good
Information Technology,6,Web Technology,After Mid-1,79.1,7.27,22.7,0,6.6,,BB,1,Very Good
Information Technology,2,Physics,After Mid-2,83.2,5.42,22.2,0,4.6,8.1,CC,1,Average
Computer Engineering,3,Effective Technical Communication,After Mid-2,78.4,7.64,21.2,0,8.7,17.5,AB,1,Excellent
Computer Engineering,7,Machine Learning,After Mid-1,85.1,6.4,19.2,0,5.1,,BC,1,Good
Information Technology,1,Engineering Graphics & Design,Before Mid-1,90.4,7.31,28.6,3,,,BC,1,Good
Computer Engineering,3,Digital Fundamentals,Before Mid-1,64.7,5.8,19.1,0,,,BC,1,Good
Civil Engineering,8,Bridge Engineering,After Mid-1,85.9,6.44,22.3,0,5.3,,BC,1,Good
Electronics & Communication,1,Basic Electrical Engineering,After Mid-1,82.1,10.0,26.6,0,8.9,,AA,1,Excellent
Computer Engineering,7,Information & Network Security,Before Mid-1,74.8,7.79,23.5,0,,,BB,1,Very Good
Computer Engineering,1,Basic Electrical Engineering,After Mid-2,80.6,6.42,17.0,2,4.4,10.1,CC,1,Average
Computer Engineering,7,Compiler Design,After Mid-1,85.2,6.98,19.0,0,7.0,,BB,1,Very Good
Information Technology,1,Engineering Graphics & Design,After Mid-1,84.8,7.4,22.3,0,7.6,,AB,1,Excellent
Civil Engineering,2,Workshop Practices,After Mid-2,76.3,7.64,25.3,0,6.9,16.0,AB,1,Excellent
Civil Engineering,8,Project-2,After Mid-1,89.1,5.75,23.4,1,5.3,,BC,1,Good
Information Technology,4,Database Management Systems,Before Mid-1,84.6,6.98,24.0,0,,,AB,1,Excellent
Computer Engineering,5,Computer Networks,Before Mid-1,71.6,7.58,27.3,0,,,AB,1,Excellent
Mechanical Engineering,1,Mathematics-1,After Mid-1,88.9,6.25,17.3,0,6.1,,BC,1,Good
Electronics & Communication,4,Microprocessor & Interfacing,After Mid-2,77.2,7.28,29.6,0,5.5,12.6,BB,1,Very Good
Civil Engineering,8,Construction Project Management,After Mid-2,85.4,7.8,23.2,0,7.8,13.0,BB,1,Very Good
Computer Engineering,6,Advanced Java Programming,After Mid-2,83.4,4.19,15.3,4,3.9,5.3,FF,0,At Risk
Civil Engineering,8,Earthquake Engineering,After Mid-2,95.7,7.87,20.8,0,8.1,15.3,AB,1,Excellent
Mechanical Engineering,7,Project-1,Before Mid-1,95.0,7.95,22.2,0,,,AB,1,Excellent
Electrical Engineering,8,Renewable Energy Sources,After Mid-2,74.9,7.09,22.6,0,7.6,14.9,BB,1,Very Good
Computer Engineering,6,Agile Software Development,After Mid-2,91.0,7.73,20.9,0,6.9,15.6,AB,1,Excellent
Information Technology,6,Web Technology,Before Mid-1,86.4,8.17,21.1,0,,,AB,1,Excellent
Mechanical Engineering,2,Programming for Problem Solving,After Mid-2,75.7,4.28,17.6,1,3.2,7.1,DD,1,At Risk
Mechanical Engineering,6,Operations Research,After Mid-1,90.6,6.83,20.5,0,6.6,,BB,1,Very Good
Electrical Engineering,2,Basic Electronics,After Mid-1,76.8,8.13,21.2,0,8.2,,AB,1,Excellent
Computer Engineering,4,Computer Organization & Architecture,Before Mid-1,90.7,7.81,18.1,1,,,BC,1,Good
Information Technology,5,Computer Networks,Before Mid-1,94.6,7.45,22.5,1,,,BB,1,Very Good
Mechanical Engineering,3,Kinematics of Machines,Before Mid-1,72.1,6.61,14.4,0,,,BC,1,Good
Electrical Engineering,2,Engineering Graphics & Design,After Mid-2,89.2,6.97,22.2,3,8.1,12.1,BC,1,Good
Electrical Engineering,1,Basic Electrical Engineering,Before Mid-1,76.9,6.03,17.9,0,,,BC,1,Good
Civil Engineering,4,Structural Analysis-1,After Mid-2,73.7,6.58,23.6,0,5.6,11.9,BC,1,Good
Information Technology,2,Basic Electronics,Before Mid-1,82.2,6.92,12.4,0,,,BB,1,Very Good
Mechanical Engineering,2,Mathematics-2,After Mid-1,91.4,6.74,17.8,0,5.4,,BC,1,Good
Computer Engineering,3,Probability & Statistics,After Mid-2,87.1,6.58,16.4,1,5.0,9.4,BC,1,Good
Electronics & Communication,7,Satellite Communication,After Mid-1,85.1,7.17,15.7,0,8.1,,BB,1,Very Good
Mechanical Engineering,2,Workshop Practices,Before Mid-1,98.2,9.56,22.5,0,,,AA,1,Excellent
Civil Engineering,2,Workshop Practices,After Mid-1,77.4,7.06,22.3,0,7.6,,AB,1,Excellent
Electronics & Communication,6,Antenna & Wave Propagation,After Mid-1,90.3,8.38,23.5,0,6.6,,BB,1,Very Good
Civil Engineering,1,Engineering Graphics & Design,Before Mid-1,79.6,4.62,17.0,4,,,FF,0,At Risk
Electrical Engineering,8,E-Vehicle Technology,After Mid-1,93.1,7.05,20.0,0,8.2,,AB,1,Excellent
Mechanical Engineering,4,Applied Thermodynamics,After Mid-2,76.5,8.63,29.8,0,6.7,14.9,AB,1,Excellent
Civil Engineering,7,Design of Reinforced Concrete Structures,After Mid-2,83.4,8.18,21.9,0,8.1,13.7,BB,1,Very Good
Mechanical Engineering,6,Production Technology,After Mid-2,90.3,9.05,23.4,0,7.5,14.6,AB,1,Excellent
Electrical Engineering,1,Physics,After Mid-1,100.0,7.67,19.6,0,7.7,,BB,1,Very Good
Computer Engineering,1,Physics,After Mid-2,81.2,7.45,27.1,3,8.2,16.0,BC,1,Good
Mechanical Engineering,6,Operations Research,After Mid-1,81.1,7.3,24.3,0,5.2,,BB,1,Very Good
Mechanical Engineering,5,Heat Transfer,After Mid-2,70.0,6.09,21.9,0,4.4,11.7,BC,1,Good
Computer Engineering,2,Workshop/Manufacturing Practices,After Mid-2,89.0,8.41,29.8,0,8.4,18.2,AA,1,Excellent
Mechanical Engineering,4,Applied Thermodynamics,Before Mid-1,79.3,6.8,26.5,0,,,BB,1,Very Good
Computer Engineering,1,Basic Electrical Engineering,Before Mid-1,75.8,5.74,18.6,1,,,BC,1,Good
Mechanical Engineering,3,Kinematics of Machines,After Mid-2,90.9,9.27,26.1,0,6.9,9.6,BB,1,Very Good
Electrical Engineering,8,Power Quality & Management,After Mid-1,91.1,8.17,24.8,0,7.3,,AB,1,Excellent
Civil Engineering,7,Highway & Traffic Engineering,Before Mid-1,75.4,5.32,17.3,0,,,CC,1,Average
Computer Engineering,2,Workshop/Manufacturing Practices,After Mid-2,81.9,5.9,13.3,0,6.6,12.6,BB,1,Very Good
Civil Engineering,7,Highway & Traffic Engineering,Before Mid-1,91.9,6.67,24.2,0,,,AB,1,Excellent
Mechanical Engineering,7,Project-1,After Mid-1,87.9,9.01,26.2,0,8.4,,AA,1,Excellent
Civil Engineering,2,Environmental Sciences,After Mid-2,78.7,6.01,11.4,1,6.8,10.1,BC,1,Good
Civil Engineering,8,Earthquake Engineering,Before Mid-1,76.7,6.32,18.1,1,,,CC,1,Average
Mechanical Engineering,7,Project-1,After Mid-2,99.9,10.0,33.2,0,9.6,17.6,AA,1,Excellent
Civil Engineering,6,Design of Steel Structures,Before Mid-1,89.4,8.86,27.1,0,,,AB,1,Excellent
Civil Engineering,1,Engineering Graphics & Design,Before Mid-1,67.7,6.34,19.9,0,,,BC,1,Good
Mechanical Engineering,7,Project-1,After Mid-1,85.9,7.76,22.4,2,6.5,,BC,1,Good
Computer Engineering,2,English,After Mid-1,87.2,7.62,24.9,0,7.8,,AB,1,Excellent
Electrical Engineering,5,Electrical Power System-1,After Mid-1,81.3,6.62,21.5,0,5.2,,BC,1,Good
Mechanical Engineering,5,Machine Design-1,Before Mid-1,75.0,4.0,18.1,2,,,FF,0,At Risk
Mechanical Engineering,4,Fluid Mechanics & Hydraulic Machines,After Mid-2,69.8,4.28,20.1,1,4.2,7.6,DD,1,At Risk
Electrical Engineering,5,Electrical Machines-2,After Mid-2,81.7,7.79,25.5,0,7.2,15.3,BB,1,Very Good
Computer Engineering,1,Environmental Sciences,After Mid-1,76.3,5.15,20.7,0,5.6,,BC,1,Good
Electronics & Communication,2,Engineering Graphics & Design,After Mid-2,100.0,10.0,28.0,0,9.4,18.5,AA,1,Excellent
Information Technology,2,Basic Electronics,After Mid-1,79.3,8.57,22.0,0,8.3,,AB,1,Excellent
Computer Engineering,3,Digital Fundamentals,After Mid-2,89.5,7.29,21.8,0,7.2,11.6,BB,1,Very Good
Electrical Engineering,4,Electromagnetic Field Theory,Before Mid-1,84.9,7.26,20.1,0,,,BB,1,Very Good
Electronics & Communication,6,Antenna & Wave Propagation,After Mid-1,74.9,6.35,26.2,1,5.9,,BC,1,Good
Computer Engineering,3,Database Management Systems,After Mid-2,83.5,7.3,22.8,0,5.5,12.0,BB,1,Very Good
Computer Engineering,6,Agile Software Development,After Mid-2,82.1,7.98,26.2,0,8.3,19.5,AA,1,Excellent
Mechanical Engineering,4,Manufacturing Processes-2,Before Mid-1,81.3,6.47,18.1,3,,,CC,1,Average
Civil Engineering,7,Highway & Traffic Engineering,After Mid-1,79.4,6.36,23.9,1,5.6,,BC,1,Good
Computer Engineering,7,Compiler Design,Before Mid-1,65.8,5.07,11.3,0,,,DD,1,At Risk
Computer Engineering,2,Workshop/Manufacturing Practices,After Mid-1,86.3,7.51,21.4,0,8.7,,AA,1,Excellent
Electronics & Communication,2,Programming for Problem Solving,Before Mid-1,91.6,9.35,23.8,0,,,AA,1,Excellent
Computer Engineering,8,Big Data Analytics,After Mid-1,86.8,6.02,18.5,0,7.0,,BB,1,Very Good
Information Technology,8,Internet of Things,After Mid-2,78.1,6.15,20.0,1,5.8,10.2,BC,1,Good
Mechanical Engineering,3,Material Science & Metallurgy,After Mid-2,83.5,5.91,22.3,2,4.7,8.5,CC,1,Average
Information Technology,5,Software Engineering,After Mid-1,90.5,7.25,24.8,0,8.6,,AA,1,Excellent
Civil Engineering,4,Advanced Surveying,After Mid-2,62.1,5.66,20.6,0,6.4,12.9,BC,1,Good
Electronics & Communication,7,Microwave Engineering,After Mid-2,78.6,7.97,21.9,0,7.3,11.9,BB,1,Very Good
Electronics & Communication,8,Wireless Communication,Before Mid-1,72.5,6.46,17.2,0,,,BC,1,Good
Electrical Engineering,3,Electrical Measurements & Instrumentation,Before Mid-1,81.2,7.1,16.8,0,,,BB,1,Very Good
Computer Engineering,2,Workshop/Manufacturing Practices,After Mid-1,94.2,8.17,28.2,0,8.3,,AA,1,Excellent
Electrical Engineering,8,Renewable Energy Sources,After Mid-1,89.1,4.23,15.1,1,5.6,,CC,1,Average
Information Technology,8,Internet of Things,Before Mid-1,84.3,8.12,21.5,0,,,AB,1,Excellent
Mechanical Engineering,2,Workshop Practices,After Mid-1,95.5,7.07,25.2,0,7.8,,AB,1,Excellent
Electrical Engineering,6,Electrical Switchgear & Protection,After Mid-2,84.8,5.02,17.2,2,5.7,6.5,CD,1,Average
Electronics & Communication,6,VLSI Design,After Mid-1,79.7,7.51,25.2,0,4.9,,BC,1,Good
Civil Engineering,1,Physics,After Mid-2,80.3,6.62,22.0,0,6.9,14.9,BB,1,Very Good
Electronics & Communication,2,Engineering Graphics & Design,Before Mid-1,86.1,8.4,27.2,0,,,AB,1,Excellent
Computer Engineering,1,Mathematics-1,After Mid-1,74.2,6.03,23.6,0,5.4,,BB,1,Very Good
Computer Engineering,3,Database Management Systems,Before Mid-1,84.5,7.02,19.6,0,,,BB,1,Very Good
Civil Engineering,5,Hydrology & Water Resources Engg,After Mid-2,63.3,4.88,18.2,1,4.6,8.0,CD,1,Average
Information Technology,1,Engineering Graphics & Design,After Mid-1,85.7,5.77,13.8,0,5.7,,CC,1,Average
Computer Engineering,2,Programming for Problem Solving,After Mid-2,71.6,4.77,19.5,3,2.9,4.1,FF,0,At Risk
Information Technology,1,Engineering Graphics & Design,After Mid-2,90.2,8.65,24.5,0,8.2,17.8,AA,1,Excellent
Computer Engineering,2,Programming for Problem Solving,Before Mid-1,94.0,8.42,24.9,0,,,AA,1,Excellent
Mechanical Engineering,2,Environmental Sciences,Before Mid-1,87.6,7.55,29.4,0,,,AA,1,Excellent
Information Technology,6,Cyber Security & Laws,Before Mid-1,92.0,6.3,19.8,2,,,BC,1,Good
Computer Engineering,5,Computer Networks,After Mid-1,72.5,5.06,20.4,0,3.6,,CC,1,Average
Electrical Engineering,1,Basic Electrical Engineering,After Mid-2,83.3,6.37,24.6,0,6.5,15.1,BB,1,Very Good
Electrical Engineering,5,Microprocessor & Microcontroller,After Mid-2,77.2,8.39,24.3,0,7.4,15.0,AB,1,Excellent
Computer Engineering,4,Computer Organization & Architecture,After Mid-2,96.9,7.72,27.3,0,6.7,12.3,BB,1,Very Good
Mechanical Engineering,5,Dynamics of Machinery,After Mid-1,100.0,8.28,28.6,0,7.7,,AB,1,Excellent
Civil Engineering,2,Workshop Practices,After Mid-1,78.2,4.88,20.9,2,4.7,,CD,1,Average
Electrical Engineering,7,High Voltage Engineering,After Mid-2,79.1,7.06,20.7,1,4.3,9.0,CC,1,Average
Civil Engineering,8,Bridge Engineering,After Mid-1,88.0,7.77,23.5,0,7.0,,BB,1,Very Good
Electronics & Communication,2,Environmental Sciences,After Mid-2,70.1,6.66,25.8,3,8.2,15.2,BC,1,Good
Mechanical Engineering,5,Internal Combustion Engines,After Mid-2,81.9,4.89,16.1,1,5.7,7.9,CC,1,Average
Information Technology,5,Python Programming,After Mid-1,95.8,8.87,28.0,0,9.3,,AA,1,Excellent
Computer Engineering,2,Programming for Problem Solving,Before Mid-1,79.2,5.48,19.7,0,,,BC,1,Good
Information Technology,2,Programming for Problem Solving,After Mid-2,74.6,6.96,25.6,0,6.9,13.4,BB,1,Very Good
Electronics & Communication,1,Basic Electronics,After Mid-1,83.9,7.81,26.2,0,7.4,,AB,1,Excellent
Civil Engineering,7,Project-1,After Mid-2,74.7,5.53,21.7,1,5.2,12.8,BC,1,Good
Information Technology,2,Programming for Problem Solving,After Mid-1,97.0,5.73,25.5,0,6.7,,BB,1,Very Good
Information Technology,3,Effective Technical Communication,After Mid-2,84.2,8.23,27.7,0,8.8,19.3,AA,1,Excellent
Mechanical Engineering,2,Workshop Practices,After Mid-1,95.2,7.53,18.4,0,8.1,,AB,1,Excellent
Civil Engineering,1,Mathematics-1,After Mid-2,100.0,9.08,25.3,0,8.4,16.5,AA,1,Excellent
Mechanical Engineering,7,Project-1,Before Mid-1,82.1,6.16,21.5,0,,,BB,1,Very Good
Electronics & Communication,4,Control Systems,After Mid-1,81.0,6.85,15.8,1,4.5,,CC,1,Average
Information Technology,1,Engineering Graphics & Design,After Mid-2,71.8,6.18,21.7,0,6.7,14.5,BB,1,Very Good
Electrical Engineering,6,Testing & Maintenance of Electrical Equipment,After Mid-2,89.2,5.62,17.8,0,6.5,12.5,BC,1,Good
Information Technology,7,Data Mining & Business Intelligence,After Mid-1,73.6,4.17,19.9,1,3.5,,DD,1,At Risk
Information Technology,8,Internet of Things,After Mid-2,77.9,6.76,19.0,0,6.7,13.0,BB,1,Very Good
Civil Engineering,3,Mechanics of Solids,After Mid-2,89.6,9.0,30.6,0,8.9,19.6,AA,1,Excellent
Electronics & Communication,6,Digital Signal Processing,After Mid-1,74.1,6.35,19.9,0,5.8,,BC,1,Good
Electronics & Communication,8,Radar & Navigational Aids,After Mid-1,79.9,8.02,23.8,0,7.1,,AB,1,Excellent
Computer Engineering,1,Environmental Sciences,Before Mid-1,85.7,7.47,23.9,0,,,AB,1,Excellent
Civil Engineering,2,Programming for Problem Solving,After Mid-2,84.6,6.42,16.7,0,7.1,10.0,BC,1,Good
Civil Engineering,1,Basic Civil Engineering,After Mid-2,92.4,7.24,20.1,0,6.5,11.5,BB,1,Very Good
Mechanical Engineering,6,Operations Research,Before Mid-1,85.0,7.29,19.1,0,,,AB,1,Excellent
Information Technology,5,Computer Networks,Before Mid-1,87.3,8.29,21.7,0,,,AB,1,Excellent
Civil Engineering,2,Mathematics-2,Before Mid-1,76.8,6.27,21.9,1,,,CC,1,Average
Mechanical Engineering,2,Workshop Practices,After Mid-1,100.0,8.54,28.9,0,9.5,,AA,1,Excellent
Computer Engineering,7,Project-1,After Mid-1,91.2,6.71,21.2,0,6.6,,BB,1,Very Good
Mechanical Engineering,4,Fluid Mechanics & Hydraulic Machines,After Mid-1,85.8,7.1,21.6,0,5.5,,BC,1,Good
Mechanical Engineering,7,Power Plant Engineering,After Mid-1,75.6,4.11,12.4,1,4.5,,DD,1,At Risk
Mechanical Engineering,2,Environmental Sciences,After Mid-1,87.3,6.95,21.3,1,5.9,,BB,1,Very Good
Computer Engineering,2,Basic Electronics,After Mid-1,94.0,6.42,15.0,0,6.4,,BC,1,Good
Electrical Engineering,1,Physics,After Mid-1,90.9,6.97,21.0,0,6.4,,BB,1,Very Good
Mechanical Engineering,8,Project-2,Before Mid-1,74.0,6.5,17.8,0,,,BC,1,Good
Electronics & Communication,3,Signals & Systems,After Mid-1,90.7,7.09,20.5,0,6.2,,BB,1,Very Good
Electronics & Communication,8,Project-2,After Mid-1,76.5,6.67,19.9,1,6.3,,BC,1,Good
Civil Engineering,6,Environmental Engineering,After Mid-1,68.4,7.5,22.4,0,6.5,,BB,1,Very Good
Information Technology,6,Data Warehousing & Mining,After Mid-2,71.4,7.04,21.6,0,6.0,13.5,BB,1,Very Good
Computer Engineering,2,English,After Mid-2,81.2,7.16,24.5,1,7.6,16.5,BB,1,Very Good
Civil Engineering,2,Mathematics-2,Before Mid-1,93.6,8.59,29.0,0,,,AA,1,Excellent
Electrical Engineering,7,High Voltage Engineering,After Mid-1,82.5,5.44,15.3,0,4.3,,CC,1,Average
Mechanical Engineering,1,Basic Mechanical Engineering,After Mid-2,81.2,7.26,17.7,3,5.9,11.1,CC,1,Average
Electrical Engineering,6,Electrical Switchgear & Protection,After Mid-1,70.1,4.0,11.3,3,1.9,,FF,0,At Risk
Electronics & Communication,1,Basic Electrical Engineering,After Mid-1,83.5,7.71,19.7,2,8.1,,BB,1,Very Good
Computer Engineering,7,Compiler Design,After Mid-2,95.3,6.93,21.5,0,6.9,12.7,BB,1,Very Good
Computer Engineering,3,Data Structures,After Mid-2,88.7,8.15,24.5,0,8.4,17.6,AB,1,Excellent
Computer Engineering,1,Engineering Graphics & Design,After Mid-2,86.5,8.26,23.8,0,8.7,16.8,AB,1,Excellent
Civil Engineering,8,Earthquake Engineering,Before Mid-1,89.0,7.86,23.0,0,,,BB,1,Very Good
Electrical Engineering,3,Analog Electronics,After Mid-1,76.0,8.35,25.8,0,7.6,,AB,1,Excellent
Mechanical Engineering,7,Project-1,After Mid-2,73.9,8.4,22.0,0,7.3,14.1,BB,1,Very Good
Computer Engineering,2,Programming for Problem Solving,After Mid-1,71.4,4.17,21.2,3,3.4,,FF,0,At Risk
Mechanical Engineering,2,Mathematics-2,Before Mid-1,96.6,8.37,14.4,0,,,AB,1,Excellent
Civil Engineering,4,Advanced Surveying,After Mid-2,84.7,8.46,25.5,0,8.8,16.1,AB,1,Excellent
Electronics & Communication,3,Signals & Systems,After Mid-2,99.0,10.0,31.6,0,9.9,19.1,AA,1,Excellent
Computer Engineering,3,Effective Technical Communication,Before Mid-1,93.4,7.05,20.1,0,,,AB,1,Excellent
Electronics & Communication,8,Project-2,Before Mid-1,62.6,4.96,17.7,2,,,DD,1,At Risk
Civil Engineering,3,Building Construction & Materials,After Mid-2,70.6,6.64,17.5,1,6.3,12.2,BC,1,Good
Mechanical Engineering,7,Computer Aided Manufacturing (CAM),Before Mid-1,86.7,9.08,24.1,0,,,AB,1,Excellent
Mechanical Engineering,5,Internal Combustion Engines,Before Mid-1,87.2,7.15,23.1,0,,,BB,1,Very Good
Electronics & Communication,3,Digital Electronics,After Mid-1,90.2,8.39,26.4,0,7.6,,AB,1,Excellent
Information Technology,4,Operating System Concepts,After Mid-2,83.8,7.08,22.1,1,6.8,13.6,BC,1,Good
Electronics & Communication,4,Analog Communication,Before Mid-1,69.4,6.15,22.6,1,,,CC,1,Average
Electronics & Communication,1,Mathematics-1,After Mid-2,81.5,5.62,14.5,0,6.5,11.2,BC,1,Good
Electronics & Communication,5,Digital Communication,After Mid-2,72.1,7.48,22.8,0,5.1,9.8,BC,1,Good
Computer Engineering,5,Cyber Security,After Mid-1,88.9,6.99,26.7,0,6.8,,AB,1,Excellent
Electronics & Communication,7,Project-1,After Mid-1,83.1,8.2,24.3,0,7.2,,BB,1,Very Good
Civil Engineering,7,Project-1,After Mid-1,78.0,7.39,24.8,0,7.8,,AB,1,Excellent
Information Technology,7,Data Mining & Business Intelligence,Before Mid-1,74.0,8.78,25.7,0,,,AB,1,Excellent
Electronics & Communication,4,Analog Communication,After Mid-2,83.4,7.02,18.7,1,9.1,16.0,BB,1,Very Good
Computer Engineering,7,Information & Network Security,After Mid-1,78.7,6.79,20.9,0,6.0,,BC,1,Good
Computer Engineering,7,Information & Network Security,After Mid-2,81.6,7.19,24.8,0,6.3,13.2,BB,1,Very Good
Information Technology,5,Python Programming,After Mid-1,85.9,7.63,21.4,0,7.9,,AB,1,Excellent
Computer Engineering,1,Physics,Before Mid-1,90.9,8.37,22.8,0,,,BB,1,Very Good
Electrical Engineering,5,Microprocessor & Microcontroller,After Mid-1,63.8,4.59,16.9,2,4.2,,FF,0,At Risk
Computer Engineering,1,Basic Electrical Engineering,Before Mid-1,84.1,6.57,28.3,0,,,BB,1,Very Good
Computer Engineering,2,Mathematics-2,After Mid-1,82.7,7.24,25.2,0,7.0,,BB,1,Very Good
Electronics & Communication,3,Network Theory,After Mid-2,97.4,8.41,29.8,0,5.6,9.0,BB,1,Very Good
Computer Engineering,4,Computer Organization & Architecture,After Mid-2,92.4,9.89,25.5,0,7.6,12.0,AB,1,Excellent
Electrical Engineering,1,Basic Electrical Engineering,After Mid-2,66.7,5.03,17.6,1,3.8,5.3,CD,1,Average
Civil Engineering,4,Structural Analysis-1,After Mid-1,78.3,7.29,23.3,1,5.8,,CC,1,Average
Computer Engineering,3,Effective Technical Communication,After Mid-2,83.5,7.01,21.7,0,7.3,15.1,AB,1,Excellent
Mechanical Engineering,8,Industrial Engineering,After Mid-1,100.0,9.27,21.2,0,7.8,,AA,1,Excellent
Electrical Engineering,8,Power Quality & Management,Before Mid-1,89.8,5.79,20.6,0,,,BC,1,Good
Electronics & Communication,3,Signals & Systems,After Mid-2,80.3,6.67,20.3,0,6.5,11.9,BC,1,Good
Electrical Engineering,5,Electrical Power System-1,Before Mid-1,92.8,7.67,23.4,0,,,AB,1,Excellent
Civil Engineering,2,Environmental Sciences,After Mid-1,83.6,7.06,22.2,0,7.3,,AB,1,Excellent
Electronics & Communication,8,Optical Communication,Before Mid-1,100.0,9.46,27.1,0,,,AA,1,Excellent
Mechanical Engineering,1,Physics,Before Mid-1,70.7,5.99,13.7,2,,,CD,1,Average
Computer Engineering,7,Project-1,After Mid-1,92.2,8.17,22.8,0,8.3,,AB,1,Excellent
Mechanical Engineering,1,Engineering Graphics & Design,After Mid-1,81.5,6.54,18.2,0,5.5,,BC,1,Good
Computer Engineering,5,Professional Ethics & Human Values,After Mid-2,78.6,6.84,17.8,0,7.7,17.3,BB,1,Very Good
Computer Engineering,5,Professional Ethics & Human Values,After Mid-1,73.4,5.88,15.8,0,5.2,,BC,1,Good
Electronics & Communication,8,Optical Communication,After Mid-1,86.9,8.9,24.6,0,7.2,,AA,1,Excellent
Information Technology,2,English,After Mid-2,76.3,5.46,14.9,0,4.5,8.7,BC,1,Good
Mechanical Engineering,2,Workshop Practices,After Mid-1,97.7,8.33,26.4,0,8.3,,AA,1,Excellent
Mechanical Engineering,2,Mathematics-2,After Mid-1,80.5,6.63,16.1,0,6.4,,BC,1,Good
Electronics & Communication,5,Integrated Circuits & Applications,After Mid-2,76.6,5.58,15.5,0,5.9,11.9,BC,1,Good
Civil Engineering,1,Physics,After Mid-2,84.5,4.93,13.5,0,4.3,7.3,CC,1,Average
Mechanical Engineering,5,Machine Design-1,Before Mid-1,92.7,8.95,25.1,1,,,BB,1,Very Good
Information Technology,2,Basic Electronics,After Mid-1,96.8,5.69,11.3,1,5.2,,CC,1,Average
Electrical Engineering,1,Environmental Sciences,After Mid-1,81.1,8.78,27.9,0,8.3,,AA,1,Excellent
Electronics & Communication,3,Signals & Systems,After Mid-1,94.2,9.47,25.2,0,8.5,,AA,1,Excellent
Computer Engineering,3,Digital Fundamentals,After Mid-1,80.4,7.37,28.2,0,6.1,,BB,1,Very Good
Information Technology,7,Project-1,Before Mid-1,86.1,10.0,28.2,0,,,AA,1,Excellent
Mechanical Engineering,8,Project-2,After Mid-1,91.4,9.11,26.4,0,10.0,,AA,1,Excellent
Information Technology,3,Data Structures,After Mid-2,87.2,6.62,24.4,0,5.2,12.7,BC,1,Good
Computer Engineering,6,Agile Software Development,After Mid-1,77.7,5.9,19.4,1,6.7,,BC,1,Good
Civil Engineering,7,Project-1,Before Mid-1,70.2,6.88,20.9,0,,,BB,1,Very Good
Mechanical Engineering,1,Engineering Graphics & Design,After Mid-2,89.7,8.32,24.6,0,8.6,15.4,AB,1,Excellent
Mechanical Engineering,8,Renewable Energy Engineering,After Mid-2,90.8,8.21,24.0,0,6.8,13.6,AB,1,Excellent
Mechanical Engineering,4,Applied Thermodynamics,After Mid-2,90.5,8.8,28.0,0,7.6,13.9,AB,1,Excellent
Information Technology,6,Mobile Computing,Before Mid-1,68.9,5.05,18.4,0,,,CC,1,Average
Information Technology,3,Digital Electronics,After Mid-2,100.0,7.67,20.7,0,8.4,14.7,AB,1,Excellent
Civil Engineering,5,Structural Analysis-2,After Mid-1,77.1,6.97,28.9,0,6.0,,BB,1,Very Good
Electrical Engineering,4,Digital Electronics,After Mid-2,76.7,4.83,15.7,3,5.7,9.9,DD,1,At Risk
Civil Engineering,3,Surveying,After Mid-2,76.3,7.21,19.8,1,7.2,10.9,BC,1,Good
Electrical Engineering,5,Electrical Power System-1,After Mid-1,100.0,7.21,18.6,0,5.7,,BC,1,Good
Electrical Engineering,7,Smart Grid Technology,After Mid-2,77.5,6.19,15.1,0,7.1,13.5,BB,1,Very Good
Civil Engineering,4,Structural Analysis-1,After Mid-1,86.8,9.42,28.5,0,8.2,,AA,1,Excellent
Civil Engineering,5,Hydrology & Water Resources Engg,After Mid-2,100.0,10.0,29.4,0,8.1,15.8,AA,1,Excellent
Computer Engineering,2,Mathematics-2,After Mid-2,77.7,6.16,15.5,1,4.7,8.9,CC,1,Average
Mechanical Engineering,6,Operations Research,Before Mid-1,61.9,6.47,19.3,0,,,BC,1,Good
Mechanical Engineering,5,Internal Combustion Engines,After Mid-1,84.1,6.0,19.6,2,3.8,,CD,1,Average
Computer Engineering,8,Big Data Analytics,Before Mid-1,91.2,7.65,29.2,0,,,AB,1,Excellent
Computer Engineering,3,Database Management Systems,After Mid-2,84.8,5.97,18.2,1,6.2,10.0,BC,1,Good
Civil Engineering,1,Mathematics-1,After Mid-2,71.7,6.6,20.5,1,7.6,17.1,BB,1,Very Good
Electronics & Communication,8,Project-2,Before Mid-1,80.7,6.11,15.9,2,,,FF,0,At Risk
Computer Engineering,8,Project-2,Before Mid-1,84.3,8.25,26.4,0,,,AA,1,Excellent
Information Technology,5,Python Programming,After Mid-1,80.4,6.56,22.1,0,7.8,,BB,1,Very Good
Civil Engineering,1,Mathematics-1,After Mid-2,75.3,5.66,22.7,1,4.8,8.6,CC,1,Average
Mechanical Engineering,3,Engineering Thermodynamics,Before Mid-1,91.4,7.47,27.9,0,,,BB,1,Very Good
Civil Engineering,2,Mathematics-2,After Mid-2,83.0,8.75,21.1,0,7.7,13.9,BB,1,Very Good
Computer Engineering,6,Agile Software Development,After Mid-2,85.3,6.75,27.8,0,6.4,13.4,BB,1,Very Good
Computer Engineering,5,Cyber Security,Before Mid-1,79.8,7.17,21.3,1,,,BB,1,Very Good
Information Technology,5,Formal Languages & Automata Theory,Before Mid-1,88.2,7.53,27.2,0,,,BB,1,Very Good
Electronics & Communication,6,VLSI Design,After Mid-1,82.1,5.56,20.6,1,3.6,,CD,1,Average
Mechanical Engineering,1,Physics,After Mid-2,95.2,8.06,25.2,0,6.9,14.3,AB,1,Excellent
Computer Engineering,1,Basic Electrical Engineering,Before Mid-1,88.2,8.25,28.5,0,,,AB,1,Excellent
Civil Engineering,7,Design of Reinforced Concrete Structures,Before Mid-1,80.9,5.79,14.1,1,,,CC,1,Average
Mechanical Engineering,1,Engineering Graphics & Design,After Mid-1,76.8,6.98,22.5,0,6.7,,BB,1,Very Good
Electrical Engineering,7,Smart Grid Technology,After Mid-1,82.5,7.11,19.4,0,7.6,,BB,1,Very Good
Electronics & Communication,3,Digital Electronics,After Mid-2,94.0,6.03,18.6,0,6.9,15.2,BB,1,Very Good
Computer Engineering,8,Artificial Intelligence,After Mid-1,85.4,8.1,31.4,0,8.0,,AB,1,Excellent
Mechanical Engineering,7,Computer Aided Manufacturing (CAM),After Mid-1,97.0,8.87,27.7,0,9.8,,AA,1,Excellent
Civil Engineering,8,Construction Project Management,Before Mid-1,94.2,7.94,31.2,0,,,AA,1,Excellent
Electrical Engineering,4,Electromagnetic Field Theory,After Mid-2,81.3,9.43,28.3,0,8.0,17.0,AB,1,Excellent
Information Technology,2,Mathematics-2,After Mid-2,86.4,6.89,24.5,0,6.4,14.9,BB,1,Very Good
Information Technology,4,Object Oriented Programming - Java,After Mid-1,72.2,8.37,22.8,0,9.0,,AB,1,Excellent
Civil Engineering,2,Environmental Sciences,After Mid-2,77.4,7.47,20.4,0,7.9,15.4,AB,1,Excellent
Computer Engineering,8,Artificial Intelligence,After Mid-2,90.6,8.77,22.7,0,8.2,17.2,AB,1,Excellent
Information Technology,8,Distributed Systems,Before Mid-1,89.2,6.29,20.0,0,,,BB,1,Very Good
Electrical Engineering,1,Environmental Sciences,Before Mid-1,82.2,7.38,21.1,0,,,AB,1,Excellent
Electrical Engineering,1,Basic Electrical Engineering,After Mid-1,84.3,6.22,19.0,1,5.2,,BC,1,Good
Computer Engineering,5,Cyber Security,Before Mid-1,79.4,6.45,20.2,0,,,AB,1,Excellent
Electronics & Communication,5,Digital Communication,After Mid-2,83.7,7.64,24.2,0,6.1,10.8,BB,1,Very Good
Computer Engineering,1,Physics,After Mid-2,96.2,8.16,24.6,0,8.4,16.1,AB,1,Excellent
Information Technology,3,Digital Electronics,Before Mid-1,80.2,8.24,25.6,0,,,AB,1,Excellent
Information Technology,4,Computer Networks,After Mid-1,82.5,5.79,23.1,0,6.0,,BC,1,Good
Computer Engineering,7,Project-1,After Mid-2,91.4,8.43,22.0,0,9.4,17.5,AA,1,Excellent
Civil Engineering,1,Mathematics-1,Before Mid-1,53.1,6.06,18.0,1,,,CC,1,Average
Mechanical Engineering,6,Computer Aided Design (CAD),After Mid-2,75.8,5.91,21.1,4,5.3,10.7,DD,1,At Risk
Electrical Engineering,4,Electromagnetic Field Theory,After Mid-1,76.8,4.76,12.3,6,3.2,,FF,0,At Risk
Electronics & Communication,7,Satellite Communication,Before Mid-1,90.3,7.37,26.3,0,,,BB,1,Very Good
Electrical Engineering,1,Mathematics-1,After Mid-1,85.0,7.01,23.7,0,5.1,,BB,1,Very Good
Mechanical Engineering,2,Mathematics-2,Before Mid-1,71.7,6.57,21.0,0,,,CC,1,Average
Electrical Engineering,6,Power Electronics-1,Before Mid-1,79.1,6.71,22.2,0,,,BC,1,Good
Electronics & Communication,4,Control Systems,Before Mid-1,77.1,9.91,20.0,0,,,AB,1,Excellent
Electrical Engineering,3,Electrical Circuit Analysis,After Mid-2,77.6,7.39,21.1,1,6.4,9.0,BC,1,Good
Electrical Engineering,8,Power Quality & Management,Before Mid-1,88.1,8.8,25.8,0,,,AA,1,Excellent
Mechanical Engineering,8,Industrial Engineering,After Mid-2,87.5,8.58,24.4,0,8.3,16.8,AB,1,Excellent
Information Technology,5,Python Programming,Before Mid-1,64.0,6.33,17.1,0,,,BB,1,Very Good
Information Technology,2,Mathematics-2,After Mid-2,89.0,7.65,23.7,1,6.6,14.1,BB,1,Very Good
Civil Engineering,4,Transportation Engineering,After Mid-1,93.2,9.63,28.8,0,9.5,,AA,1,Excellent
Electronics & Communication,5,Microcontroller & Applications,Before Mid-1,71.3,6.06,21.0,0,,,BC,1,Good
Mechanical Engineering,1,Engineering Graphics & Design,Before Mid-1,78.8,5.85,16.6,0,,,BC,1,Good
Electronics & Communication,7,Project-1,After Mid-1,76.6,8.0,23.0,0,5.9,,BB,1,Very Good
Mechanical Engineering,5,Machine Design-1,After Mid-2,85.3,8.32,23.3,0,7.9,15.9,AB,1,Excellent
Information Technology,2,English,Before Mid-1,77.5,6.52,22.2,0,,,BB,1,Very Good
Civil Engineering,6,Foundation Engineering,After Mid-1,77.9,6.39,18.3,1,4.0,,CC,1,Average
Information Technology,1,Mathematics-1,Before Mid-1,82.6,7.42,24.7,0,,,BB,1,Very Good
Computer Engineering,8,Big Data Analytics,After Mid-2,71.8,4.0,16.7,2,4.4,8.5,DD,1,At Risk
Electronics & Communication,4,Control Systems,After Mid-1,80.6,6.35,22.2,2,4.6,,CD,1,Average
Civil Engineering,5,Hydrology & Water Resources Engg,Before Mid-1,74.6,7.29,22.9,0,,,BB,1,Very Good
Electronics & Communication,5,Microcontroller & Applications,After Mid-1,82.8,7.69,20.2,0,7.9,,BB,1,Very Good
Electrical Engineering,6,Electrical Switchgear & Protection,After Mid-2,75.5,6.58,21.9,1,5.8,11.2,BC,1,Good
Computer Engineering,7,Cloud Computing,Before Mid-1,83.6,8.2,19.0,0,,,AB,1,Excellent
Information Technology,8,Distributed Systems,After Mid-1,92.3,8.18,22.5,0,7.0,,BB,1,Very Good
Electrical Engineering,7,Smart Grid Technology,Before Mid-1,73.9,7.08,23.4,0,,,BB,1,Very Good
Computer Engineering,2,Mathematics-2,After Mid-2,76.0,5.67,19.3,1,4.1,6.6,CD,1,Average
Information Technology,5,Software Engineering,After Mid-2,77.0,6.31,23.1,2,5.1,11.7,CC,1,Average
Mechanical Engineering,6,Design of Machine Elements,After Mid-1,88.8,8.74,23.4,0,8.7,,AB,1,Excellent
Electronics & Communication,2,Engineering Graphics & Design,Before Mid-1,67.1,6.38,21.7,0,,,BC,1,Good
Electronics & Communication,3,Signals & Systems,Before Mid-1,76.6,5.61,18.3,1,,,CC,1,Average
Mechanical Engineering,5,Internal Combustion Engines,After Mid-1,91.9,9.11,25.1,0,8.2,,AA,1,Excellent
Electronics & Communication,1,Basic Electrical Engineering,After Mid-2,81.0,6.98,20.6,0,7.1,16.5,AB,1,Excellent
Electronics & Communication,6,Antenna & Wave Propagation,Before Mid-1,77.9,8.0,28.8,0,,,BB,1,Very Good
Electrical Engineering,7,High Voltage Engineering,Before Mid-1,84.3,7.88,18.9,0,,,BB,1,Very Good
Computer Engineering,8,Project-2,After Mid-1,88.5,9.16,24.1,0,7.9,,AA,1,Excellent
Electronics & Communication,6,Digital Signal Processing,Before Mid-1,89.8,6.33,19.3,2,,,CC,1,Average
Electronics & Communication,1,Mathematics-1,After Mid-1,93.6,8.64,19.7,0,8.0,,AB,1,Excellent
Mechanical Engineering,5,Dynamics of Machinery,After Mid-1,71.4,4.03,13.5,0,2.7,,FF,0,At Risk
Mechanical Engineering,1,Physics,After Mid-2,86.7,6.89,22.6,0,7.5,16.3,BB,1,Very Good
Information Technology,7,Project-1,After Mid-1,65.2,4.0,11.9,2,3.2,,FF,0,At Risk
Electrical Engineering,8,Power Quality & Management,Before Mid-1,97.9,8.17,24.8,0,,,AB,1,Excellent
Information Technology,3,Data Structures,After Mid-2,56.7,4.68,17.1,1,2.6,4.9,FF,0,At Risk
Computer Engineering,8,Project-2,After Mid-2,91.8,7.01,27.0,0,6.0,11.1,BB,1,Very Good
Civil Engineering,4,Transportation Engineering,After Mid-2,93.2,8.56,26.2,0,6.1,12.1,AB,1,Excellent
Computer Engineering,6,Data Analysis & Visualization,After Mid-2,77.7,8.55,27.3,0,7.0,15.0,AB,1,Excellent
Civil Engineering,2,Environmental Sciences,After Mid-2,94.7,8.02,20.1,0,8.0,14.2,AB,1,Excellent
Civil Engineering,4,Structural Analysis-1,After Mid-1,90.0,7.3,22.8,0,7.5,,BB,1,Very Good
Electrical Engineering,6,Power Electronics-1,After Mid-1,82.6,5.84,14.2,0,5.9,,CC,1,Average
Electronics & Communication,7,Project-1,After Mid-2,88.5,8.05,19.7,0,7.8,17.3,AB,1,Excellent
Computer Engineering,7,Project-1,After Mid-2,100.0,9.92,24.9,0,10.0,16.1,AA,1,Excellent
Information Technology,5,Python Programming,After Mid-2,78.0,6.36,17.9,1,6.3,12.1,BC,1,Good
Electrical Engineering,5,Electrical Machines-2,After Mid-2,80.2,7.03,18.3,0,6.2,12.7,BC,1,Good
Information Technology,1,Environmental Sciences,Before Mid-1,83.4,6.86,25.2,0,,,AB,1,Excellent
Electrical Engineering,6,Testing & Maintenance of Electrical Equipment,After Mid-1,100.0,8.17,22.2,0,7.3,,AB,1,Excellent
Information Technology,1,Mathematics-1,Before Mid-1,71.5,5.39,17.2,1,,,CC,1,Average
Electronics & Communication,6,Digital Signal Processing,After Mid-2,81.5,7.38,25.4,0,7.2,15.4,AB,1,Excellent
Electrical Engineering,2,Mathematics-2,After Mid-1,73.8,5.8,22.9,3,4.2,,DD,1,At Risk
Electrical Engineering,6,Testing & Maintenance of Electrical Equipment,After Mid-1,78.5,6.33,21.2,1,7.1,,BC,1,Good
Mechanical Engineering,6,Operations Research,After Mid-2,93.8,6.88,20.6,2,4.7,8.3,CC,1,Average
Information Technology,5,Computer Networks,After Mid-1,89.0,8.45,23.9,0,7.7,,AB,1,Excellent
Information Technology,3,Effective Technical Communication,After Mid-1,77.0,5.9,19.4,0,5.7,,BC,1,Good
Information Technology,5,Software Engineering,After Mid-1,75.0,5.34,17.9,2,5.4,,CC,1,Average
Computer Engineering,8,Big Data Analytics,After Mid-2,95.7,8.85,27.2,2,8.4,16.9,AB,1,Excellent
Computer Engineering,3,Effective Technical Communication,After Mid-2,84.3,5.73,22.2,0,6.3,15.5,BB,1,Very Good
Electrical Engineering,5,Microprocessor & Microcontroller,After Mid-1,99.8,9.11,24.6,0,9.6,,AA,1,Excellent
Mechanical Engineering,8,Industrial Engineering,Before Mid-1,69.6,6.75,23.4,2,,,BC,1,Good
Information Technology,3,Digital Electronics,After Mid-2,92.9,8.64,23.7,0,7.9,14.5,AB,1,Excellent
Information Technology,6,Web Technology,Before Mid-1,74.7,6.42,19.3,0,,,BB,1,Very Good
Computer Engineering,3,Data Structures,After Mid-2,71.5,8.04,21.0,0,7.7,15.8,BB,1,Very Good
Mechanical Engineering,6,Design of Machine Elements,After Mid-2,87.1,7.1,23.6,0,7.6,15.1,BB,1,Very Good
Electrical Engineering,1,Basic Electrical Engineering,After Mid-2,90.3,7.18,23.4,0,6.1,14.3,BB,1,Very Good
Computer Engineering,5,Computer Networks,After Mid-1,85.9,6.07,20.9,6,4.3,,FF,0,At Risk
Information Technology,5,Python Programming,After Mid-1,92.9,7.27,15.0,0,9.3,,AB,1,Excellent
Mechanical Engineering,6,Computer Aided Design (CAD),After Mid-2,93.2,7.19,21.2,0,6.6,14.6,BB,1,Very Good
Electrical Engineering,8,E-Vehicle Technology,Before Mid-1,100.0,8.73,23.7,0,,,AA,1,Excellent
Information Technology,4,Database Management Systems,After Mid-1,80.4,8.08,26.0,0,8.8,,AB,1,Excellent
Computer Engineering,6,Agile Software Development,After Mid-1,74.7,7.1,20.9,0,5.7,,BB,1,Very Good
Information Technology,2,Programming for Problem Solving,Before Mid-1,100.0,8.31,23.0,0,,,AA,1,Excellent
Electronics & Communication,6,Antenna & Wave Propagation,Before Mid-1,56.9,4.07,20.2,1,,,FF,0,At Risk
Computer Engineering,8,Project-2,After Mid-1,91.4,7.59,20.9,0,7.8,,BB,1,Very Good
Civil Engineering,1,Engineering Graphics & Design,After Mid-1,84.8,7.37,22.1,0,7.2,,BB,1,Very Good
Electrical Engineering,2,Engineering Graphics & Design,Before Mid-1,89.9,7.89,21.5,0,,,AB,1,Excellent
Computer Engineering,4,Operating System,After Mid-1,85.5,6.51,19.8,0,6.1,,BC,1,Good
Mechanical Engineering,7,Computer Aided Manufacturing (CAM),Before Mid-1,75.6,6.41,19.3,1,,,BC,1,Good
Information Technology,1,Environmental Sciences,After Mid-2,78.2,6.44,23.6,2,5.5,13.3,BC,1,Good
Mechanical Engineering,4,Manufacturing Processes-2,After Mid-2,79.7,5.31,14.7,1,6.1,10.7,CC,1,Average
Electrical Engineering,1,Environmental Sciences,After Mid-2,83.6,5.91,14.5,1,5.3,9.1,BC,1,Good
Mechanical Engineering,4,Mechanical Measurement & Metrology,After Mid-1,80.2,8.19,29.4,0,6.9,,AB,1,Excellent
Computer Engineering,8,Internet of Things,After Mid-1,86.6,6.92,23.8,0,6.0,,BB,1,Very Good
Information Technology,7,Project-1,After Mid-2,73.1,5.06,16.9,1,5.4,9.2,CC,1,Average
Electrical Engineering,6,Power Electronics-1,After Mid-2,76.4,6.01,20.3,0,5.6,11.2,BC,1,Good
Computer Engineering,5,Professional Ethics & Human Values,After Mid-1,100.0,7.54,21.4,1,7.6,,AB,1,Excellent
Electronics & Communication,6,Digital Signal Processing,After Mid-1,76.5,5.84,18.5,0,5.9,,BC,1,Good
Electronics & Communication,6,Digital Signal Processing,After Mid-2,86.8,7.91,22.8,0,7.1,14.4,BB,1,Very Good
Mechanical Engineering,7,Refrigeration & Air Conditioning,After Mid-1,83.5,6.66,20.9,0,5.3,,BC,1,Good
Civil Engineering,3,Fluid Mechanics,Before Mid-1,82.4,9.05,28.4,0,,,AB,1,Excellent
Civil Engineering,4,Advanced Surveying,After Mid-1,80.0,7.66,20.7,1,7.7,,BB,1,Very Good
Information Technology,8,Project-2,Before Mid-1,81.4,7.77,22.6,1,,,BB,1,Very Good
Civil Engineering,5,Structural Analysis-2,After Mid-1,81.1,6.49,17.0,1,4.4,,CC,1,Average
Mechanical Engineering,2,Environmental Sciences,Before Mid-1,97.3,6.79,19.0,2,,,BC,1,Good
Information Technology,6,Web Technology,After Mid-1,81.2,7.12,18.4,0,6.8,,BB,1,Very Good
Electrical Engineering,3,Analog Electronics,After Mid-1,81.3,6.39,19.7,1,6.2,,BC,1,Good
Computer Engineering,7,Information & Network Security,After Mid-2,61.6,4.54,24.7,0,3.3,6.8,CD,1,Average
Computer Engineering,1,Basic Electrical Engineering,After Mid-2,78.4,6.49,28.3,0,5.5,12.8,BB,1,Very Good
Electronics & Communication,4,Microprocessor & Interfacing,After Mid-1,89.2,7.77,24.1,0,6.0,,BB,1,Very Good
Electrical Engineering,6,Testing & Maintenance of Electrical Equipment,Before Mid-1,82.5,6.26,23.9,2,,,CC,1,Average
Computer Engineering,5,Computer Networks,After Mid-1,84.7,6.51,16.0,0,7.0,,BB,1,Very Good
Mechanical Engineering,7,Project-1,Before Mid-1,94.3,7.62,18.9,0,,,BB,1,Very Good
Information Technology,7,Information Retrieval,Before Mid-1,96.7,7.73,26.8,0,,,AB,1,Excellent
Mechanical Engineering,8,Automobile Engineering,After Mid-2,99.1,7.42,19.1,0,7.5,14.6,AB,1,Excellent
Civil Engineering,8,Project-2,Before Mid-1,95.9,8.59,28.5,0,,,AA,1,Excellent
Civil Engineering,6,Environmental Engineering,After Mid-2,84.5,7.48,21.4,0,7.5,13.5,BB,1,Very Good
Computer Engineering,5,Cyber Security,After Mid-2,83.5,6.42,18.5,0,6.7,12.2,BB,1,Very Good
Civil Engineering,4,Concrete Technology,After Mid-1,76.7,7.57,21.4,0,9.2,,AB,1,Excellent
Computer Engineering,4,Computer Organization & Architecture,After Mid-1,88.2,8.08,21.6,0,7.7,,BB,1,Very Good
Electrical Engineering,8,Renewable Energy Sources,After Mid-2,85.8,7.34,29.5,0,7.3,13.0,AB,1,Excellent
Civil Engineering,6,Environmental Engineering,Before Mid-1,74.8,6.78,15.7,0,,,BB,1,Very Good
Civil Engineering,8,Bridge Engineering,After Mid-1,100.0,8.77,26.5,0,9.7,,AA,1,Excellent
Electrical Engineering,1,Physics,After Mid-2,77.0,6.29,22.5,4,5.7,11.1,CD,1,Average
Electronics & Communication,1,Mathematics-1,After Mid-1,89.0,8.71,21.9,1,8.5,,AB,1,Excellent
Computer Engineering,5,Cyber Security,Before Mid-1,73.8,5.72,13.9,4,,,FF,0,At Risk
Computer Engineering,3,Data Structures,After Mid-1,71.8,5.63,20.1,0,2.4,,CD,1,Average
Computer Engineering,1,Physics,Before Mid-1,92.2,8.55,27.9,0,,,AB,1,Excellent
Information Technology,2,English,After Mid-2,80.0,7.79,26.7,0,6.9,13.8,AB,1,Excellent
Electrical Engineering,1,Basic Electrical Engineering,After Mid-1,78.1,7.16,20.8,0,7.2,,BB,1,Very Good
Information Technology,4,Computer Networks,After Mid-2,70.1,5.43,13.3,0,5.2,9.8,BC,1,Good
Mechanical Engineering,1,Basic Mechanical Engineering,After Mid-2,100.0,8.4,24.6,0,9.3,18.0,AA,1,Excellent
Mechanical Engineering,3,Engineering Thermodynamics,Before Mid-1,92.3,8.81,25.5,0,,,AB,1,Excellent
Civil Engineering,4,Advanced Surveying,After Mid-1,96.4,8.83,27.0,0,9.1,,AA,1,Excellent
Computer Engineering,1,Basic Electrical Engineering,After Mid-2,96.9,8.32,22.6,0,6.9,14.6,AB,1,Excellent
Information Technology,4,Database Management Systems,After Mid-1,86.2,7.59,19.6,0,7.4,,BB,1,Very Good
Civil Engineering,4,Advanced Surveying,Before Mid-1,81.4,6.4,21.3,1,,,BB,1,Very Good
Information Technology,7,Mobile Application Development,After Mid-1,97.2,7.53,18.4,0,6.4,,BB,1,Very Good
Electronics & Communication,6,VLSI Design,Before Mid-1,87.7,7.08,17.8,0,,,BC,1,Good
Electronics & Communication,7,Microwave Engineering,After Mid-1,94.2,5.07,16.1,2,4.0,,DD,1,At Risk
Computer Engineering,8,Big Data Analytics,Before Mid-1,90.3,5.89,17.1,1,,,CC,1,Average
Information Technology,7,Data Mining & Business Intelligence,Before Mid-1,81.2,6.85,22.7,2,,,CD,1,Average
Computer Engineering,6,Theory of Computation,Before Mid-1,77.9,7.81,22.2,0,,,BB,1,Very Good
Computer Engineering,6,Agile Software Development,After Mid-1,98.8,8.0,21.1,0,8.7,,AA,1,Excellent
Electronics & Communication,2,Environmental Sciences,After Mid-2,77.0,6.95,21.3,0,7.6,16.7,AB,1,Excellent
Computer Engineering,3,Data Structures,After Mid-1,84.2,8.0,23.1,0,6.9,,BB,1,Very Good
Civil Engineering,8,Earthquake Engineering,After Mid-2,86.8,6.62,18.0,3,4.9,8.5,CD,1,Average
Information Technology,8,Distributed Systems,After Mid-1,87.8,6.22,12.6,1,5.8,,BC,1,Good
Information Technology,3,IT Infrastructure & Management,After Mid-2,68.6,5.13,26.6,0,5.0,12.5,BC,1,Good
Civil Engineering,6,Environmental Engineering,After Mid-2,76.8,7.3,21.8,0,5.6,10.9,BC,1,Good
Mechanical Engineering,5,Machine Design-1,After Mid-1,79.4,5.99,15.8,0,7.2,,BC,1,Good
Electrical Engineering,3,Analog Electronics,After Mid-1,77.4,7.47,23.3,0,8.2,,AB,1,Excellent
Computer Engineering,4,Object Oriented Programming - C++,After Mid-2,83.9,6.96,24.4,0,6.3,13.1,BB,1,Very Good
Electrical Engineering,4,Electrical Machines-1,After Mid-1,82.4,7.59,20.9,0,6.5,,BC,1,Good
Computer Engineering,7,Information & Network Security,After Mid-2,84.8,6.91,19.6,2,4.9,7.8,CC,1,Average
Electronics & Communication,6,VLSI Design,After Mid-1,88.6,6.14,23.9,0,5.3,,BC,1,Good
Information Technology,5,Computer Networks,Before Mid-1,73.4,5.31,16.7,0,,,CC,1,Average
Civil Engineering,2,Environmental Sciences,Before Mid-1,87.7,6.41,22.1,1,,,BB,1,Very Good
Computer Engineering,1,Engineering Graphics & Design,Before Mid-1,62.0,4.83,17.3,2,,,DD,1,At Risk
Mechanical Engineering,5,Machine Design-1,After Mid-2,83.4,6.28,18.5,1,5.3,12.1,CC,1,Average
Electrical Engineering,6,Electrical Switchgear & Protection,Before Mid-1,81.5,6.99,22.5,0,,,BB,1,Very Good
Electronics & Communication,2,Programming for Problem Solving,After Mid-1,75.6,7.32,11.9,0,6.5,,BB,1,Very Good
Mechanical Engineering,3,Engineering Thermodynamics,Before Mid-1,81.7,6.48,23.2,0,,,BB,1,Very Good
Mechanical Engineering,8,Project-2,After Mid-2,84.1,7.31,22.0,0,7.0,13.4,BB,1,Very Good
Civil Engineering,5,Hydrology & Water Resources Engg,After Mid-1,87.3,7.99,20.6,2,6.4,,BB,1,Very Good
Civil Engineering,6,Environmental Engineering,After Mid-2,88.6,6.13,20.1,0,6.8,14.5,BB,1,Very Good
Mechanical Engineering,7,Refrigeration & Air Conditioning,After Mid-2,92.0,8.01,25.3,0,7.8,15.9,AB,1,Excellent
Civil Engineering,6,Foundation Engineering,Before Mid-1,89.9,8.36,22.8,0,,,BB,1,Very Good
Information Technology,2,Programming for Problem Solving,Before Mid-1,79.7,6.21,12.2,2,,,BC,1,Good
Information Technology,4,Database Management Systems,Before Mid-1,76.1,7.87,23.7,0,,,AB,1,Excellent
Computer Engineering,3,Probability & Statistics,Before Mid-1,66.6,4.76,17.6,2,,,DD,1,At Risk
Mechanical Engineering,1,Basic Mechanical Engineering,After Mid-2,82.7,6.77,28.3,0,7.5,15.1,AB,1,Excellent
Computer Engineering,1,Environmental Sciences,After Mid-1,77.1,5.21,17.6,0,5.9,,BC,1,Good
Computer Engineering,1,Environmental Sciences,After Mid-2,73.1,6.7,22.1,0,6.9,13.8,BB,1,Very Good
Mechanical Engineering,4,Mechanical Measurement & Metrology,Before Mid-1,85.2,9.45,21.8,0,,,AA,1,Excellent
Electrical Engineering,1,Physics,After Mid-2,80.6,7.54,25.2,0,5.9,12.0,BB,1,Very Good
Electrical Engineering,8,E-Vehicle Technology,Before Mid-1,77.4,7.32,25.7,0,,,AB,1,Excellent
Mechanical Engineering,7,Project-1,After Mid-1,92.0,7.81,24.7,0,8.0,,AB,1,Excellent
Electrical Engineering,6,Testing & Maintenance of Electrical Equipment,Before Mid-1,78.3,4.91,17.5,1,,,CD,1,Average
Civil Engineering,6,Foundation Engineering,After Mid-1,96.6,9.06,25.7,0,8.2,,AB,1,Excellent
Electronics & Communication,1,Basic Electronics,After Mid-1,88.3,9.28,29.2,2,7.2,,AB,1,Excellent
Computer Engineering,5,Software Engineering,After Mid-1,81.9,6.85,18.7,0,7.3,,BB,1,Very Good
Information Technology,4,Object Oriented Programming - Java,After Mid-1,98.7,10.0,21.5,0,8.1,,AA,1,Excellent
Civil Engineering,8,Bridge Engineering,After Mid-1,87.7,6.93,22.3,0,6.5,,BB,1,Very Good
Mechanical Engineering,1,Engineering Graphics & Design,After Mid-2,77.1,4.62,23.3,1,5.2,12.5,BC,1,Good
Computer Engineering,2,English,Before Mid-1,87.9,8.6,29.9,0,,,AA,1,Excellent
Computer Engineering,5,Cyber Security,After Mid-2,89.4,7.01,21.9,0,6.8,14.6,BB,1,Very Good
Civil Engineering,5,Hydrology & Water Resources Engg,After Mid-1,74.3,6.46,22.0,0,6.2,,BB,1,Very Good
Computer Engineering,8,Artificial Intelligence,After Mid-1,76.3,7.68,14.4,1,6.4,,BC,1,Good
Civil Engineering,6,Environmental Engineering,After Mid-1,81.6,6.42,20.1,2,5.1,,CC,1,Average
Civil Engineering,3,Building Construction & Materials,After Mid-2,79.4,6.97,19.4,0,8.6,18.3,AB,1,Excellent
Electrical Engineering,8,Power Quality & Management,After Mid-1,99.8,8.44,17.4,0,9.3,,AA,1,Excellent
Electronics & Communication,7,Microwave Engineering,After Mid-2,82.3,7.4,25.6,0,5.8,11.1,BC,1,Good
Computer Engineering,7,Compiler Design,After Mid-1,74.5,6.83,22.4,0,6.8,,BC,1,Good
Electrical Engineering,5,Electrical Power System-1,After Mid-1,87.2,5.79,19.4,1,5.8,,CC,1,Average
Computer Engineering,6,Data Analysis & Visualization,After Mid-2,77.2,7.4,21.9,0,7.3,13.8,BB,1,Very Good
Electrical Engineering,7,Electric Drives,After Mid-2,75.3,9.2,24.1,0,8.8,17.1,AB,1,Excellent
Mechanical Engineering,2,Programming for Problem Solving,Before Mid-1,89.3,6.11,15.7,0,,,BC,1,Good
Electrical Engineering,3,Analog Electronics,Before Mid-1,85.8,5.24,14.9,0,,,BC,1,Good
Civil Engineering,1,Basic Civil Engineering,After Mid-1,91.5,7.12,23.0,0,7.8,,AB,1,Excellent
Computer Engineering,7,Information & Network Security,After Mid-1,86.7,7.49,26.2,0,5.5,,BB,1,Very Good
Information Technology,8,Big Data Analytics,Before Mid-1,92.3,8.27,23.3,0,,,AB,1,Excellent
Electronics & Communication,7,Microwave Engineering,After Mid-2,81.9,6.33,18.3,0,3.6,7.3,CC,1,Average
Electronics & Communication,1,Physics,After Mid-2,90.3,9.05,30.3,0,8.9,18.0,AA,1,Excellent
Electronics & Communication,7,Microwave Engineering,After Mid-2,90.7,7.3,18.5,1,6.7,14.0,BC,1,Good
Information Technology,7,Information Retrieval,Before Mid-1,81.3,7.18,21.7,0,,,AB,1,Excellent
Electrical Engineering,1,Basic Electrical Engineering,After Mid-1,70.4,8.31,23.2,0,9.1,,AB,1,Excellent
Computer Engineering,1,Physics,Before Mid-1,86.9,8.29,21.3,0,,,AB,1,Excellent
Mechanical Engineering,6,Design of Machine Elements,After Mid-1,81.5,5.79,15.2,0,4.9,,CC,1,Average
Mechanical Engineering,6,Operations Research,After Mid-2,81.2,5.8,19.3,0,5.2,9.5,BC,1,Good
Electronics & Communication,5,Microcontroller & Applications,After Mid-1,84.7,6.47,18.0,1,7.9,,BB,1,Very Good
Electronics & Communication,1,Basic Electronics,Before Mid-1,100.0,7.97,29.7,0,,,AA,1,Excellent
Civil Engineering,5,Hydrology & Water Resources Engg,After Mid-2,91.1,7.61,30.0,0,7.0,13.9,AB,1,Excellent
Computer Engineering,7,Information & Network Security,After Mid-1,86.5,8.31,27.7,0,9.7,,AB,1,Excellent
Computer Engineering,5,Professional Ethics & Human Values,Before Mid-1,77.1,5.31,21.8,1,,,CC,1,Average
Information Technology,5,Formal Languages & Automata Theory,After Mid-1,74.6,5.83,20.4,2,4.0,,CD,1,Average
Computer Engineering,8,Project-2,After Mid-2,80.5,4.71,14.0,4,3.4,4.8,FF,0,At Risk
Information Technology,6,Cyber Security & Laws,After Mid-1,92.7,8.09,19.3,0,8.4,,AB,1,Excellent
Information Technology,7,Data Mining & Business Intelligence,After Mid-2,94.6,8.29,25.5,0,8.7,18.2,AA,1,Excellent
Civil Engineering,3,Surveying,Before Mid-1,90.2,8.17,26.2,0,,,AB,1,Excellent
Computer Engineering,6,Data Analysis & Visualization,Before Mid-1,96.8,8.75,29.8,0,,,AA,1,Excellent
Electrical Engineering,1,Physics,After Mid-2,88.1,7.36,22.8,0,6.1,10.6,BC,1,Good
Electrical Engineering,8,Project-2,After Mid-2,100.0,7.48,24.2,0,6.7,15.0,AB,1,Excellent
Civil Engineering,7,Highway & Traffic Engineering,Before Mid-1,75.6,6.54,17.5,0,,,BC,1,Good
Mechanical Engineering,3,Kinematics of Machines,After Mid-1,70.9,5.51,15.6,1,5.8,,CC,1,Average
Mechanical Engineering,6,Computer Aided Design (CAD),Before Mid-1,71.8,4.68,18.1,0,,,CC,1,Average
Information Technology,1,Mathematics-1,After Mid-1,75.3,5.38,18.3,2,4.2,,CD,1,Average
Mechanical Engineering,6,Design of Machine Elements,After Mid-1,84.8,6.39,17.4,1,5.3,,CC,1,Average
Mechanical Engineering,6,Production Technology,After Mid-2,79.8,7.86,19.9,0,8.1,17.1,AB,1,Excellent
Mechanical Engineering,6,Design of Machine Elements,After Mid-1,79.2,6.19,16.5,0,4.8,,BC,1,Good
Civil Engineering,8,Construction Project Management,After Mid-2,65.9,6.19,22.7,0,4.8,9.1,BC,1,Good
Electrical Engineering,8,Renewable Energy Sources,Before Mid-1,74.6,6.88,18.5,0,,,BB,1,Very Good
Electronics & Communication,1,Basic Electronics,After Mid-1,83.5,7.34,26.0,0,7.5,,BB,1,Very Good
Electronics & Communication,3,Signals & Systems,Before Mid-1,85.6,7.28,16.4,0,,,AB,1,Excellent
Electrical Engineering,1,Mathematics-1,After Mid-1,99.0,7.9,20.7,0,6.5,,AB,1,Excellent
Electrical Engineering,5,Electrical Power System-1,After Mid-1,66.3,5.6,23.3,0,3.4,,CC,1,Average
Information Technology,1,Mathematics-1,After Mid-2,61.5,5.1,19.0,2,4.6,7.0,DD,1,At Risk
Civil Engineering,7,Irrigation Engineering,After Mid-2,80.7,8.26,24.8,0,8.5,17.1,AB,1,Excellent
Electrical Engineering,5,Electrical Power System-1,After Mid-2,76.2,6.86,20.0,0,4.4,8.5,BC,1,Good
Mechanical Engineering,5,Internal Combustion Engines,After Mid-1,85.9,7.3,25.6,2,6.0,,BC,1,Good
Electronics & Communication,8,Project-2,After Mid-1,79.6,5.62,16.8,4,4.0,,FF,0,At Risk
Civil Engineering,6,Foundation Engineering,Before Mid-1,93.6,7.33,26.5,0,,,BB,1,Very Good
Computer Engineering,7,Machine Learning,After Mid-2,84.3,5.75,19.6,0,4.5,10.2,BC,1,Good
Computer Engineering,2,Workshop/Manufacturing Practices,After Mid-2,94.6,10.0,28.1,0,10.0,19.7,AA,1,Excellent
Information Technology,6,Data Warehousing & Mining,After Mid-1,87.8,6.85,18.0,0,8.0,,BB,1,Very Good
Electrical Engineering,6,Power Electronics-1,Before Mid-1,76.1,5.59,18.9,1,,,CC,1,Average
Computer Engineering,5,Professional Ethics & Human Values,After Mid-1,74.7,5.5,20.3,0,5.4,,BC,1,Good
Civil Engineering,8,Bridge Engineering,Before Mid-1,87.6,8.61,16.3,0,,,AB,1,Excellent
Civil Engineering,4,Transportation Engineering,After Mid-2,83.1,5.12,15.8,1,4.7,9.1,CC,1,Average
Civil Engineering,1,Engineering Graphics & Design,After Mid-1,87.3,7.31,16.4,0,7.9,,BB,1,Very Good
Civil Engineering,2,Workshop Practices,After Mid-1,80.9,6.28,21.6,0,6.1,,BB,1,Very Good
Mechanical Engineering,5,Heat Transfer,After Mid-2,71.5,5.37,13.8,3,4.8,8.1,FF,0,At Risk
Electronics & Communication,2,Mathematics-2,Before Mid-1,79.6,5.69,17.3,1,,,CC,1,Average
Computer Engineering,7,Information & Network Security,After Mid-2,83.3,6.57,28.4,1,4.7,11.8,BC,1,Good
Electrical Engineering,1,Physics,After Mid-2,86.1,7.64,27.7,1,7.1,15.8,BB,1,Very Good
Computer Engineering,5,Software Engineering,Before Mid-1,77.9,5.08,21.7,2,,,CC,1,Average
Civil Engineering,8,Project-2,Before Mid-1,85.7,7.81,23.4,0,,,AB,1,Excellent
Computer Engineering,5,Analysis & Design of Algorithms,Before Mid-1,91.9,6.9,16.7,0,,,BB,1,Very Good
Computer Engineering,7,Compiler Design,After Mid-2,84.0,5.47,23.6,2,4.4,6.5,DD,1,At Risk
Information Technology,7,Information Retrieval,Before Mid-1,77.5,6.83,28.4,0,,,AB,1,Excellent
Information Technology,2,Mathematics-2,After Mid-1,66.7,4.0,24.8,2,4.3,,DD,1,At Risk
Mechanical Engineering,4,Mechanical Measurement & Metrology,After Mid-1,74.3,7.14,26.0,0,6.7,,BB,1,Very Good
Computer Engineering,3,Digital Fundamentals,After Mid-1,97.2,9.04,26.0,1,10.0,,AA,1,Excellent
Electrical Engineering,7,Electric Drives,After Mid-1,85.3,7.77,19.2,0,6.8,,BB,1,Very Good
Civil Engineering,1,Mathematics-1,After Mid-1,82.2,8.22,17.0,0,7.3,,BB,1,Very Good
Information Technology,8,Big Data Analytics,After Mid-1,86.9,5.04,10.3,0,3.4,,CD,1,Average
Electronics & Communication,6,VLSI Design,Before Mid-1,84.1,6.8,24.0,0,,,BB,1,Very Good
Mechanical Engineering,6,Production Technology,After Mid-1,96.5,5.88,23.0,0,5.9,,BC,1,Good
Computer Engineering,6,Advanced Java Programming,After Mid-2,90.2,8.28,28.4,0,9.0,18.0,AA,1,Excellent
Electronics & Communication,1,Basic Electrical Engineering,After Mid-1,82.6,6.95,23.8,0,8.0,,AB,1,Excellent
Mechanical Engineering,8,Project-2,After Mid-2,96.9,7.43,22.9,0,7.0,11.9,AB,1,Excellent
Electrical Engineering,8,Project-2,After Mid-2,91.7,8.8,27.9,0,8.1,14.6,AB,1,Excellent
Electronics & Communication,7,Microwave Engineering,Before Mid-1,77.7,6.13,21.7,0,,,BC,1,Good
Computer Engineering,3,Data Structures,After Mid-2,69.0,4.95,17.6,2,2.4,1.5,FF,0,At Risk
Computer Engineering,2,Basic Electronics,After Mid-1,89.4,8.87,23.5,0,8.2,,AB,1,Excellent
Electronics & Communication,5,Digital Communication,After Mid-2,64.9,4.99,15.6,4,2.5,1.3,FF,0,At Risk
Information Technology,6,Web Technology,After Mid-1,91.5,8.94,24.6,0,9.5,,AA,1,Excellent
Civil Engineering,6,Design of Steel Structures,After Mid-1,82.7,6.08,21.4,0,5.2,,BC,1,Good
Mechanical Engineering,3,Engineering Thermodynamics,After Mid-1,76.1,6.35,22.4,3,6.2,,CC,1,Average
Computer Engineering,6,Data Analysis & Visualization,After Mid-2,98.1,9.26,22.7,0,8.3,16.2,AA,1,Excellent
Electrical Engineering,7,High Voltage Engineering,Before Mid-1,79.0,6.91,17.3,0,,,BC,1,Good
Mechanical Engineering,8,Automobile Engineering,Before Mid-1,72.1,5.95,17.5,0,,,CC,1,Average
Electrical Engineering,1,Mathematics-1,Before Mid-1,90.7,8.45,25.3,0,,,AB,1,Excellent
Civil Engineering,7,Design of Reinforced Concrete Structures,After Mid-1,83.4,8.74,24.7,0,8.2,,AB,1,Excellent
Computer Engineering,1,Mathematics-1,After Mid-1,80.8,8.7,22.8,0,9.5,,AA,1,Excellent
Computer Engineering,1,Physics,After Mid-2,92.9,7.11,20.7,0,6.5,12.8,BB,1,Very Good
Electronics & Communication,2,Mathematics-2,After Mid-2,86.9,7.01,25.8,0,6.8,13.9,BB,1,Very Good
Mechanical Engineering,7,Refrigeration & Air Conditioning,After Mid-1,77.3,6.56,19.6,0,7.6,,BB,1,Very Good
Electrical Engineering,4,Digital Electronics,After Mid-1,83.0,6.05,17.7,1,7.1,,BC,1,Good
Computer Engineering,3,Effective Technical Communication,After Mid-1,85.2,5.97,22.0,0,6.7,,BB,1,Very Good
Information Technology,4,Object Oriented Programming - Java,Before Mid-1,97.8,9.54,31.0,0,,,AA,1,Excellent
Electrical Engineering,2,Programming for Problem Solving,After Mid-2,94.4,8.89,27.8,0,8.7,16.7,AA,1,Excellent
Civil Engineering,2,Mathematics-2,Before Mid-1,78.9,7.42,19.1,0,,,BB,1,Very Good
Information Technology,6,Data Warehousing & Mining,After Mid-2,81.6,8.67,28.2,0,9.3,20.0,AA,1,Excellent
Mechanical Engineering,3,Material Science & Metallurgy,After Mid-1,87.3,8.16,26.7,0,5.8,,AB,1,Excellent
Computer Engineering,6,Advanced Java Programming,After Mid-2,81.4,5.44,19.6,1,4.5,9.5,CC,1,Average
Civil Engineering,3,Building Construction & Materials,After Mid-1,87.9,5.2,21.1,1,5.9,,BC,1,Good
Computer Engineering,8,Artificial Intelligence,After Mid-2,90.7,8.63,19.3,0,8.6,17.6,AB,1,Excellent
Mechanical Engineering,5,Dynamics of Machinery,Before Mid-1,97.3,8.95,28.2,0,,,AA,1,Excellent
Civil Engineering,4,Transportation Engineering,After Mid-1,76.8,6.36,20.5,1,5.3,,CC,1,Average
Computer Engineering,6,Data Analysis & Visualization,After Mid-2,86.1,5.77,18.7,0,6.4,14.1,BB,1,Very Good
Computer Engineering,4,Computer Organization & Architecture,After Mid-2,78.4,7.3,24.3,0,7.5,15.9,BB,1,Very Good
Information Technology,5,Python Programming,After Mid-1,97.4,7.69,28.5,0,9.2,,AA,1,Excellent
Computer Engineering,5,Computer Networks,After Mid-2,96.2,6.44,22.7,0,5.5,11.0,BB,1,Very Good
Electronics & Communication,5,Microcontroller & Applications,After Mid-2,79.7,7.06,17.4,0,7.8,16.7,BB,1,Very Good
Civil Engineering,1,Physics,After Mid-2,87.5,9.22,23.3,1,8.0,15.7,AB,1,Excellent
Computer Engineering,7,Machine Learning,After Mid-2,85.6,7.64,20.6,0,6.3,10.7,BB,1,Very Good
Electronics & Communication,5,Microcontroller & Applications,Before Mid-1,89.4,8.0,27.4,0,,,AB,1,Excellent
Electronics & Communication,2,Mathematics-2,After Mid-1,94.6,6.09,20.0,0,6.1,,BC,1,Good
Civil Engineering,4,Advanced Surveying,Before Mid-1,80.6,6.4,22.0,0,,,BC,1,Good
Civil Engineering,1,Basic Civil Engineering,After Mid-2,71.8,6.3,20.2,0,5.0,9.8,BC,1,Good
Civil Engineering,8,Earthquake Engineering,After Mid-1,68.1,5.6,22.6,0,4.5,,CC,1,Average
Civil Engineering,3,Fluid Mechanics,After Mid-2,85.8,9.45,20.6,0,9.3,17.4,AA,1,Excellent
Information Technology,5,Software Engineering,Before Mid-1,76.1,4.45,13.6,2,,,DD,1,At Risk
Information Technology,2,Programming for Problem Solving,After Mid-1,83.1,6.3,26.4,0,6.9,,BB,1,Very Good
Civil Engineering,7,Highway & Traffic Engineering,After Mid-2,82.3,7.87,25.6,0,6.6,13.9,AB,1,Excellent
Electronics & Communication,3,Digital Electronics,Before Mid-1,85.7,8.37,17.9,1,,,BB,1,Very Good
Computer Engineering,8,Big Data Analytics,After Mid-2,100.0,8.47,23.6,0,7.4,14.7,AB,1,Excellent
Electrical Engineering,1,Environmental Sciences,Before Mid-1,83.6,8.83,24.7,0,,,AA,1,Excellent
Mechanical Engineering,7,Refrigeration & Air Conditioning,After Mid-2,79.6,6.64,17.9,0,6.5,15.5,BB,1,Very Good
Information Technology,2,Mathematics-2,Before Mid-1,69.7,4.6,14.1,2,,,FF,0,At Risk
Computer Engineering,1,Engineering Graphics & Design,Before Mid-1,85.6,5.81,20.9,0,,,BC,1,Good
Civil Engineering,2,Environmental Sciences,After Mid-1,96.6,9.26,29.6,0,10.0,,AA,1,Excellent
Information Technology,8,Project-2,After Mid-2,87.8,8.85,27.1,0,8.6,18.2,AA,1,Excellent
Computer Engineering,2,Workshop/Manufacturing Practices,After Mid-1,79.3,6.71,19.9,0,6.5,,BB,1,Very Good
Mechanical Engineering,8,Project-2,Before Mid-1,85.5,7.67,24.0,0,,,BB,1,Very Good
Information Technology,2,Programming for Problem Solving,After Mid-1,69.6,6.29,22.9,0,4.7,,BC,1,Good
Electronics & Communication,6,Digital Signal Processing,Before Mid-1,83.9,7.98,29.4,0,,,BB,1,Very Good
Information Technology,4,Object Oriented Programming - Java,After Mid-1,96.3,7.74,20.0,2,5.8,,BC,1,Good
Computer Engineering,8,Artificial Intelligence,After Mid-2,83.1,6.81,18.1,0,6.1,11.9,BC,1,Good
Computer Engineering,7,Machine Learning,After Mid-2,85.1,8.94,26.6,0,8.1,16.3,AB,1,Excellent
Electrical Engineering,6,Electrical Switchgear & Protection,After Mid-2,86.9,7.88,21.2,1,6.3,13.5,BB,1,Very Good
Computer Engineering,8,Project-2,Before Mid-1,80.1,5.73,17.1,2,,,CC,1,Average
Computer Engineering,6,Agile Software Development,After Mid-1,72.0,5.22,16.3,0,6.1,,BC,1,Good
Information Technology,6,Mobile Computing,Before Mid-1,77.7,6.51,21.7,2,,,BC,1,Good
Computer Engineering,5,Professional Ethics & Human Values,After Mid-2,81.9,6.27,19.5,2,6.1,11.9,BC,1,Good
Computer Engineering,3,Digital Fundamentals,After Mid-2,66.9,7.17,27.3,0,6.3,13.5,BB,1,Very Good
Electrical Engineering,8,E-Vehicle Technology,Before Mid-1,79.1,8.09,25.1,0,,,BB,1,Very Good
Civil Engineering,3,Building Construction & Materials,After Mid-1,83.2,7.54,24.1,1,7.7,,AB,1,Excellent
Electrical Engineering,7,Electric Drives,Before Mid-1,73.8,5.9,24.4,1,,,CC,1,Average
Information Technology,4,Computer Networks,After Mid-2,94.4,6.79,19.5,1,6.5,9.8,BC,1,Good
Computer Engineering,8,Project-2,After Mid-1,91.2,9.04,26.1,0,9.3,,AA,1,Excellent
Computer Engineering,7,Project-1,Before Mid-1,86.1,9.01,28.2,0,,,AA,1,Excellent
Electronics & Communication,1,Mathematics-1,Before Mid-1,98.3,7.42,20.0,0,,,AB,1,Excellent
Mechanical Engineering,2,Environmental Sciences,After Mid-2,77.0,6.49,20.5,1,8.2,14.9,BB,1,Very Good
Civil Engineering,1,Engineering Graphics & Design,After Mid-1,79.3,5.41,17.0,0,4.9,,BC,1,Good
Electronics & Communication,1,Basic Electrical Engineering,Before Mid-1,79.4,6.48,17.4,1,,,BC,1,Good
Mechanical Engineering,1,Physics,After Mid-1,86.8,6.97,20.2,0,7.0,,BB,1,Very Good
Mechanical Engineering,3,Manufacturing Processes-1,Before Mid-1,71.4,5.87,19.2,1,,,CC,1,Average
Electrical Engineering,2,Engineering Graphics & Design,Before Mid-1,79.5,6.7,20.4,0,,,BB,1,Very Good
Civil Engineering,7,Project-1,After Mid-2,97.0,9.61,22.1,0,9.3,17.6,AA,1,Excellent
Mechanical Engineering,2,Programming for Problem Solving,After Mid-1,95.6,8.05,21.6,0,8.9,,AB,1,Excellent
Information Technology,1,Basic Electrical Engineering,Before Mid-1,82.0,8.37,20.7,0,,,AA,1,Excellent
Mechanical Engineering,4,Mechanical Measurement & Metrology,After Mid-2,81.8,6.86,15.0,0,6.9,14.3,BB,1,Very Good
Electronics & Communication,2,Environmental Sciences,After Mid-2,88.0,8.71,28.5,0,8.5,16.5,AA,1,Excellent
Electronics & Communication,8,Wireless Communication,After Mid-2,84.8,8.3,28.4,0,6.1,12.1,BB,1,Very Good
Electronics & Communication,2,Engineering Graphics & Design,Before Mid-1,72.4,9.6,26.0,0,,,AA,1,Excellent
Electrical Engineering,8,Renewable Energy Sources,After Mid-2,74.0,5.45,15.7,1,5.1,9.4,CC,1,Average
Computer Engineering,1,Basic Electrical Engineering,After Mid-2,87.9,7.73,23.4,0,6.4,12.5,BB,1,Very Good
Electrical Engineering,7,Project-1,After Mid-1,73.9,5.56,16.6,5,5.0,,FF,0,At Risk
Civil Engineering,1,Engineering Graphics & Design,Before Mid-1,66.6,5.42,18.9,0,,,BC,1,Good
Electronics & Communication,1,Basic Electrical Engineering,After Mid-2,88.1,7.78,23.0,0,7.4,14.8,AB,1,Excellent
Civil Engineering,7,Project-1,Before Mid-1,90.1,7.22,25.7,1,,,BB,1,Very Good
Computer Engineering,5,Computer Networks,Before Mid-1,87.6,7.56,17.9,0,,,BB,1,Very Good
Computer Engineering,3,Probability & Statistics,After Mid-1,75.8,4.12,13.4,2,2.9,,FF,0,At Risk
Mechanical Engineering,8,Project-2,Before Mid-1,82.3,8.16,25.9,0,,,AB,1,Excellent
Electrical Engineering,7,Smart Grid Technology,After Mid-1,81.4,7.75,23.6,0,7.0,,BB,1,Very Good
Civil Engineering,5,Soil Mechanics & Geotechnical Engg,Before Mid-1,96.8,9.18,27.0,0,,,AA,1,Excellent
Information Technology,8,Distributed Systems,After Mid-1,89.0,8.12,13.7,0,6.8,,BB,1,Very Good
Mechanical Engineering,3,Kinematics of Machines,After Mid-2,94.6,8.1,17.6,0,6.7,13.1,BB,1,Very Good
Civil Engineering,1,Mathematics-1,After Mid-2,81.6,4.83,13.1,4,4.4,8.6,FF,0,At Risk
Electrical Engineering,1,Physics,After Mid-2,76.6,6.96,14.4,3,4.5,8.0,DD,1,At Risk
Information Technology,8,Project-2,After Mid-2,94.3,8.01,20.0,1,8.6,17.6,AB,1,Excellent
Mechanical Engineering,1,Basic Mechanical Engineering,After Mid-1,79.9,6.82,23.1,0,7.3,,BB,1,Very Good
Civil Engineering,3,Fluid Mechanics,After Mid-1,88.6,7.8,16.8,0,6.8,,BB,1,Very Good
Computer Engineering,5,Professional Ethics & Human Values,After Mid-2,74.7,6.55,20.5,0,6.9,14.7,BB,1,Very Good
Mechanical Engineering,4,Mechanical Measurement & Metrology,After Mid-2,78.5,7.04,20.2,0,6.5,12.1,BB,1,Very Good
Civil Engineering,3,Surveying,After Mid-2,84.2,5.62,13.6,0,4.0,7.5,CC,1,Average
Computer Engineering,4,Operating System,After Mid-2,85.6,7.53,17.3,2,6.0,7.3,CC,1,Average
Mechanical Engineering,5,Heat Transfer,After Mid-1,87.5,8.43,30.0,0,4.8,,BB,1,Very Good
Mechanical Engineering,3,Manufacturing Processes-1,Before Mid-1,87.4,7.53,26.0,1,,,BB,1,Very Good
Electronics & Communication,1,Physics,After Mid-2,87.7,7.25,16.7,1,7.1,9.9,BC,1,Good
Mechanical Engineering,6,Operations Research,Before Mid-1,77.0,7.17,20.4,0,,,BB,1,Very Good
Electronics & Communication,3,Network Theory,Before Mid-1,82.6,6.07,20.6,1,,,CC,1,Average
Computer Engineering,4,Discrete Mathematics,After Mid-1,88.7,5.52,14.0,0,4.9,,CC,1,Average
Information Technology,2,Mathematics-2,Before Mid-1,98.3,8.0,19.6,0,,,BB,1,Very Good
Mechanical Engineering,2,Programming for Problem Solving,After Mid-2,77.8,6.98,14.4,0,7.0,11.6,BB,1,Very Good
Electronics & Communication,2,Programming for Problem Solving,After Mid-1,95.1,7.45,15.7,0,6.4,,BB,1,Very Good
Computer Engineering,4,Principles of Economics & Management,Before Mid-1,85.7,8.25,24.3,0,,,AB,1,Excellent
Electrical Engineering,1,Basic Electrical Engineering,After Mid-2,67.8,6.33,20.9,0,5.4,12.2,BC,1,Good
Civil Engineering,6,Environmental Engineering,After Mid-1,87.9,9.13,23.2,0,8.5,,AA,1,Excellent
Computer Engineering,4,Operating System,After Mid-1,93.9,8.34,28.8,0,9.2,,AA,1,Excellent
Electronics & Communication,8,Optical Communication,After Mid-1,77.6,6.66,19.3,0,7.4,,BB,1,Very Good
Civil Engineering,1,Engineering Graphics & Design,Before Mid-1,84.9,8.25,26.7,0,,,AB,1,Excellent
Information Technology,5,Python Programming,After Mid-1,95.8,6.63,17.0,0,6.9,,BB,1,Very Good
Electrical Engineering,8,Renewable Energy Sources,Before Mid-1,85.7,7.12,21.1,0,,,BB,1,Very Good
Electronics & Communication,6,Digital Signal Processing,Before Mid-1,71.2,6.94,18.8,0,,,BC,1,Good
Mechanical Engineering,6,Computer Aided Design (CAD),After Mid-2,72.4,6.57,21.4,0,7.9,14.1,BB,1,Very Good
Mechanical Engineering,1,Engineering Graphics & Design,Before Mid-1,85.7,6.9,20.8,1,,,BC,1,Good
Civil Engineering,7,Highway & Traffic Engineering,Before Mid-1,75.2,5.99,15.7,1,,,CC,1,Average
Computer Engineering,2,Programming for Problem Solving,After Mid-1,100.0,7.54,22.6,0,6.9,,AB,1,Excellent
Civil Engineering,4,Advanced Surveying,After Mid-1,88.3,6.66,24.4,0,5.9,,BB,1,Very Good
Electronics & Communication,4,Microprocessor & Interfacing,After Mid-1,68.9,6.96,24.7,3,6.2,,CC,1,Average
Mechanical Engineering,3,Material Science & Metallurgy,After Mid-2,77.2,5.15,19.4,0,4.6,9.4,CC,1,Average
Information Technology,6,Web Technology,Before Mid-1,95.8,8.19,27.4,0,,,AA,1,Excellent
Electrical Engineering,1,Environmental Sciences,Before Mid-1,86.3,5.9,19.6,1,,,BC,1,Good
Mechanical Engineering,2,Workshop Practices,After Mid-1,74.9,6.33,11.5,2,5.8,,CC,1,Average
Civil Engineering,8,Construction Project Management,After Mid-2,84.8,6.46,18.7,1,5.8,11.6,BC,1,Good
Civil Engineering,3,Mechanics of Solids,After Mid-1,83.4,7.87,27.3,0,6.7,,BB,1,Very Good
Electronics & Communication,6,VLSI Design,Before Mid-1,62.8,4.18,19.9,0,,,DD,1,At Risk
Electrical Engineering,7,Project-1,After Mid-1,82.5,8.45,28.4,0,8.2,,AB,1,Excellent
Electrical Engineering,3,Electrical Measurements & Instrumentation,After Mid-2,86.9,6.17,17.9,2,5.4,11.2,CC,1,Average
Information Technology,3,Digital Electronics,After Mid-2,86.1,6.36,20.9,0,6.1,11.5,BC,1,Good
Electrical Engineering,2,Programming for Problem Solving,Before Mid-1,89.6,6.99,25.7,0,,,BB,1,Very Good
Civil Engineering,8,Earthquake Engineering,After Mid-1,76.9,7.17,16.5,1,5.7,,CC,1,Average
Electrical Engineering,2,Basic Electronics,Before Mid-1,85.1,6.53,20.3,0,,,BC,1,Good
Mechanical Engineering,5,Heat Transfer,After Mid-2,71.5,7.18,18.6,0,6.6,9.4,BC,1,Good
Information Technology,6,Mobile Computing,Before Mid-1,79.0,8.8,35.0,0,,,AA,1,Excellent
Computer Engineering,1,Engineering Graphics & Design,Before Mid-1,100.0,8.4,23.9,0,,,AA,1,Excellent
Mechanical Engineering,3,Manufacturing Processes-1,After Mid-1,81.8,7.85,27.5,0,8.4,,AA,1,Excellent
Information Technology,1,Engineering Graphics & Design,After Mid-2,85.3,8.84,17.6,0,9.3,15.9,AB,1,Excellent
Mechanical Engineering,6,Computer Aided Design (CAD),After Mid-2,78.9,6.79,19.3,0,6.5,15.8,BB,1,Very Good
Civil Engineering,8,Construction Project Management,After Mid-2,93.6,9.09,26.0,0,8.4,18.8,AA,1,Excellent
Mechanical Engineering,7,Computer Aided Manufacturing (CAM),After Mid-2,75.9,7.66,30.5,0,7.3,16.8,AB,1,Excellent
Mechanical Engineering,8,Renewable Energy Engineering,Before Mid-1,84.9,7.39,28.0,1,,,BB,1,Very Good
Computer Engineering,1,Engineering Graphics & Design,After Mid-1,88.5,7.84,22.1,1,6.3,,BB,1,Very Good
Information Technology,3,IT Infrastructure & Management,After Mid-2,82.7,6.69,21.1,4,6.5,12.4,CC,1,Average
Electrical Engineering,5,Electrical Power System-1,After Mid-1,85.6,7.71,26.5,0,7.3,,AB,1,Excellent
Civil Engineering,4,Advanced Surveying,After Mid-1,73.5,5.29,19.1,0,4.9,,BC,1,Good
Computer Engineering,4,Object Oriented Programming - C++,After Mid-1,75.3,6.27,14.6,0,5.9,,BC,1,Good
Electronics & Communication,4,Analog Communication,After Mid-1,80.1,6.18,16.2,0,7.4,,BC,1,Good
Electrical Engineering,4,Digital Electronics,Before Mid-1,91.9,8.42,22.4,0,,,AB,1,Excellent
Information Technology,1,Mathematics-1,After Mid-2,90.1,8.3,23.7,0,7.6,14.8,AB,1,Excellent
Mechanical Engineering,7,Power Plant Engineering,After Mid-2,90.6,7.3,27.6,0,7.1,14.0,AB,1,Excellent
Computer Engineering,2,Mathematics-2,After Mid-1,82.4,5.87,14.5,0,7.7,,BC,1,Good
Electronics & Communication,5,Integrated Circuits & Applications,Before Mid-1,94.1,8.15,24.4,0,,,AA,1,Excellent
Information Technology,7,Mobile Application Development,Before Mid-1,91.7,8.47,18.4,2,,,AB,1,Excellent
Computer Engineering,5,Professional Ethics & Human Values,After Mid-2,82.7,8.47,22.1,1,9.0,15.4,AB,1,Excellent
Electrical Engineering,2,Engineering Graphics & Design,Before Mid-1,73.2,6.44,12.8,1,,,CC,1,Average
Electrical Engineering,7,High Voltage Engineering,After Mid-1,71.5,4.69,15.2,2,4.3,,FF,0,At Risk
Information Technology,6,Cyber Security & Laws,Before Mid-1,77.5,6.46,31.3,1,,,AB,1,Excellent
Mechanical Engineering,8,Renewable Energy Engineering,After Mid-2,92.1,8.61,19.2,0,8.3,17.1,AA,1,Excellent
Mechanical Engineering,6,Design of Machine Elements,After Mid-1,93.2,8.15,24.7,0,6.7,,BB,1,Very Good
Civil Engineering,7,Project-1,After Mid-2,83.1,8.55,33.2,0,8.1,18.8,AA,1,Excellent
Electronics & Communication,3,Network Theory,Before Mid-1,89.4,10.0,26.1,0,,,AB,1,Excellent
Electronics & Communication,3,Network Theory,Before Mid-1,77.3,5.64,24.0,1,,,BC,1,Good
Electronics & Communication,4,Control Systems,After Mid-2,98.5,7.92,23.0,0,7.4,14.6,BB,1,Very Good
Mechanical Engineering,6,Operations Research,After Mid-1,74.6,6.41,22.4,0,5.6,,BC,1,Good
Civil Engineering,8,Earthquake Engineering,After Mid-1,90.7,7.87,27.4,0,9.0,,AB,1,Excellent
Information Technology,1,Basic Electrical Engineering,After Mid-1,71.0,7.94,19.6,0,7.1,,BB,1,Very Good
Computer Engineering,2,Programming for Problem Solving,After Mid-2,82.5,7.88,21.1,0,9.8,20.0,AB,1,Excellent
Civil Engineering,5,Structural Analysis-2,After Mid-1,78.4,8.13,25.3,0,6.1,,BB,1,Very Good
Civil Engineering,5,Soil Mechanics & Geotechnical Engg,Before Mid-1,65.5,6.48,25.9,2,,,CC,1,Average
Electronics & Communication,8,Optical Communication,Before Mid-1,86.0,9.52,29.0,0,,,AA,1,Excellent
Computer Engineering,5,Software Engineering,After Mid-2,82.3,5.65,21.8,2,5.9,10.6,CC,1,Average
Information Technology,2,English,After Mid-2,85.2,6.87,25.9,0,6.7,15.2,AB,1,Excellent
Computer Engineering,8,Internet of Things,After Mid-2,89.1,7.35,22.9,1,4.7,10.9,BC,1,Good
Civil Engineering,5,Soil Mechanics & Geotechnical Engg,Before Mid-1,77.8,6.03,19.9,0,,,BC,1,Good
Computer Engineering,5,Professional Ethics & Human Values,Before Mid-1,73.9,9.49,17.5,0,,,AA,1,Excellent
Electrical Engineering,1,Basic Electrical Engineering,After Mid-1,100.0,6.06,24.6,0,6.0,,BB,1,Very Good
Electronics & Communication,8,Optical Communication,After Mid-2,78.7,6.48,20.2,0,6.8,14.4,BB,1,Very Good
Mechanical Engineering,5,Internal Combustion Engines,Before Mid-1,87.5,6.96,23.3,0,,,BB,1,Very Good
Computer Engineering,6,Agile Software Development,Before Mid-1,75.9,5.13,17.5,2,,,CC,1,Average
Computer Engineering,8,Artificial Intelligence,After Mid-1,73.8,7.02,17.8,0,5.9,,BC,1,Good
Mechanical Engineering,8,Renewable Energy Engineering,After Mid-1,79.3,6.94,20.6,0,7.5,,BB,1,Very Good
Computer Engineering,4,Operating System,Before Mid-1,85.5,7.3,21.5,0,,,BB,1,Very Good
Computer Engineering,5,Professional Ethics & Human Values,After Mid-1,82.9,8.8,20.8,0,7.7,,AB,1,Excellent
Computer Engineering,4,Discrete Mathematics,Before Mid-1,80.8,6.01,13.5,0,,,CC,1,Average
Computer Engineering,3,Probability & Statistics,After Mid-1,90.6,7.01,16.2,0,5.7,,BC,1,Good
Information Technology,1,Basic Electrical Engineering,After Mid-1,84.5,5.45,16.8,2,5.2,,CD,1,Average
Electrical Engineering,4,Digital Electronics,After Mid-1,79.8,5.77,20.7,1,6.2,,BC,1,Good
Electrical Engineering,8,Project-2,After Mid-1,83.0,7.63,28.0,0,6.7,,AB,1,Excellent
Mechanical Engineering,1,Physics,After Mid-1,90.1,7.98,19.7,0,8.1,,BB,1,Very Good
Mechanical Engineering,7,Computer Aided Manufacturing (CAM),After Mid-2,83.1,5.45,18.3,2,4.7,9.6,CC,1,Average
Civil Engineering,1,Mathematics-1,Before Mid-1,90.7,7.34,25.1,0,,,AB,1,Excellent
Information Technology,5,Computer Networks,Before Mid-1,84.4,6.69,14.9,0,,,BC,1,Good
Mechanical Engineering,7,Power Plant Engineering,Before Mid-1,71.2,5.8,19.9,0,,,BC,1,Good
Mechanical Engineering,2,Programming for Problem Solving,After Mid-1,87.0,8.38,21.2,0,7.2,,AB,1,Excellent
Computer Engineering,7,Project-1,Before Mid-1,78.4,7.48,20.7,0,,,BB,1,Very Good
Electronics & Communication,2,Environmental Sciences,After Mid-1,88.6,7.92,24.1,1,8.8,,AB,1,Excellent
Civil Engineering,8,Project-2,Before Mid-1,67.9,5.71,17.0,3,,,DD,1,At Risk
Information Technology,8,Internet of Things,After Mid-1,74.1,6.16,24.9,0,5.8,,BC,1,Good
Electronics & Communication,7,Project-1,After Mid-1,84.7,5.76,20.1,2,7.1,,BC,1,Good
Information Technology,4,Object Oriented Programming - Java,After Mid-2,81.5,5.69,17.5,0,6.2,12.3,BC,1,Good
Mechanical Engineering,8,Renewable Energy Engineering,Before Mid-1,90.1,7.67,22.7,1,,,BB,1,Very Good
Electronics & Communication,8,Radar & Navigational Aids,After Mid-1,81.1,6.85,26.9,1,6.7,,BB,1,Very Good
Electronics & Communication,1,Mathematics-1,After Mid-1,92.2,8.27,26.2,0,7.9,,AB,1,Excellent
Civil Engineering,6,Foundation Engineering,After Mid-2,83.0,7.86,23.5,0,5.9,13.4,BB,1,Very Good
Information Technology,1,Engineering Graphics & Design,After Mid-1,92.6,8.18,21.3,0,8.2,,AA,1,Excellent
Electrical Engineering,1,Environmental Sciences,After Mid-2,93.0,9.32,23.3,0,9.4,18.2,AA,1,Excellent
Mechanical Engineering,6,Computer Aided Design (CAD),Before Mid-1,78.8,6.83,23.0,0,,,BB,1,Very Good
Information Technology,6,Data Warehousing & Mining,Before Mid-1,99.1,8.56,26.2,0,,,AB,1,Excellent
Civil Engineering,4,Transportation Engineering,Before Mid-1,83.9,6.65,12.9,0,,,BB,1,Very Good
Information Technology,3,Digital Electronics,Before Mid-1,83.3,6.88,20.6,0,,,BB,1,Very Good
Electrical Engineering,5,Microprocessor & Microcontroller,After Mid-1,80.4,6.25,23.4,4,5.4,,CD,1,Average
Computer Engineering,4,Computer Organization & Architecture,Before Mid-1,84.5,8.7,28.8,2,,,BB,1,Very Good
Mechanical Engineering,6,Design of Machine Elements,After Mid-1,76.4,4.5,17.3,3,3.9,,FF,0,At Risk
Mechanical Engineering,5,Internal Combustion Engines,After Mid-2,94.8,9.47,25.7,0,8.2,18.6,AA,1,Excellent
Electrical Engineering,4,Electrical Machines-1,After Mid-2,79.9,7.32,23.9,0,6.2,10.4,BC,1,Good
Computer Engineering,1,Physics,Before Mid-1,80.2,7.53,19.7,0,,,BC,1,Good
Information Technology,2,Basic Electronics,After Mid-2,86.3,8.92,20.5,0,8.3,15.1,AB,1,Excellent
Electrical Engineering,6,Electrical Switchgear & Protection,After Mid-1,79.4,4.55,21.7,2,3.8,,DD,1,At Risk
Electronics & Communication,8,Wireless Communication,After Mid-1,79.3,6.15,26.2,1,6.1,,BC,1,Good
Electronics & Communication,7,Microwave Engineering,After Mid-1,86.5,7.86,25.9,0,7.7,,BB,1,Very Good
Computer Engineering,8,Big Data Analytics,After Mid-2,80.6,7.07,22.6,0,5.2,10.7,BC,1,Good
Electronics & Communication,5,Digital Communication,Before Mid-1,86.1,9.21,25.9,0,,,AB,1,Excellent
Electronics & Communication,5,Integrated Circuits & Applications,Before Mid-1,86.3,7.9,19.2,0,,,BB,1,Very Good
Computer Engineering,3,Database Management Systems,After Mid-2,82.6,7.22,24.2,0,7.8,15.3,AB,1,Excellent
Civil Engineering,3,Fluid Mechanics,After Mid-2,86.4,7.8,25.8,0,5.2,9.5,BB,1,Very Good
Civil Engineering,2,Mathematics-2,Before Mid-1,72.2,4.69,14.1,0,,,CD,1,Average
Electrical Engineering,3,Electrical Measurements & Instrumentation,After Mid-2,75.2,4.36,12.6,1,3.8,7.9,CD,1,Average
Information Technology,4,Object Oriented Programming - Java,Before Mid-1,86.5,6.29,29.9,2,,,BC,1,Good
Information Technology,5,Software Engineering,Before Mid-1,68.8,6.76,24.6,0,,,BB,1,Very Good
Electrical Engineering,7,Project-1,Before Mid-1,74.9,5.2,17.0,0,,,CC,1,Average
Mechanical Engineering,7,Refrigeration & Air Conditioning,After Mid-2,61.0,4.54,16.8,3,2.6,3.5,FF,0,At Risk
Computer Engineering,2,English,After Mid-1,81.6,7.82,28.9,0,9.0,,AA,1,Excellent
Information Technology,2,Programming for Problem Solving,Before Mid-1,84.0,5.47,15.6,0,,,BC,1,Good
Electronics & Communication,2,Environmental Sciences,After Mid-2,95.8,7.5,20.1,0,7.6,14.6,AB,1,Excellent
Mechanical Engineering,2,Environmental Sciences,After Mid-1,70.7,5.6,18.4,0,6.8,,BB,1,Very Good
Electronics & Communication,8,Optical Communication,Before Mid-1,74.7,7.45,19.2,0,,,AB,1,Excellent
Mechanical Engineering,1,Mathematics-1,After Mid-1,68.6,5.16,13.1,0,5.4,,CC,1,Average
Electronics & Communication,7,Project-1,Before Mid-1,93.3,7.57,21.2,0,,,BB,1,Very Good
Electronics & Communication,4,Analog Communication,After Mid-2,100.0,7.57,22.6,0,7.5,13.5,AB,1,Excellent
Mechanical Engineering,2,Programming for Problem Solving,Before Mid-1,70.8,7.17,20.5,0,,,BB,1,Very Good
Electronics & Communication,7,Microwave Engineering,Before Mid-1,84.0,7.42,22.5,0,,,BB,1,Very Good
Information Technology,5,Computer Networks,After Mid-1,100.0,8.63,22.8,0,9.6,,AA,1,Excellent
Mechanical Engineering,7,Project-1,After Mid-2,82.3,9.75,24.8,0,9.8,17.8,AA,1,Excellent
Mechanical Engineering,2,Environmental Sciences,Before Mid-1,84.9,7.55,24.6,0,,,AB,1,Excellent
Information Technology,2,Basic Electronics,After Mid-2,82.9,6.11,20.8,0,5.8,12.3,BC,1,Good
Electrical Engineering,2,Basic Electronics,After Mid-2,77.4,5.42,17.0,1,4.9,11.5,CC,1,Average
Electronics & Communication,6,VLSI Design,After Mid-1,63.7,5.63,15.9,1,4.4,,CD,1,Average
Electrical Engineering,8,Renewable Energy Sources,After Mid-1,74.0,4.16,17.7,2,3.7,,DD,1,At Risk
Civil Engineering,2,Workshop Practices,Before Mid-1,84.2,10.0,22.9,0,,,AA,1,Excellent
Mechanical Engineering,7,Refrigeration & Air Conditioning,After Mid-2,81.3,7.23,25.8,0,5.1,9.3,BC,1,Good
Electronics & Communication,8,Optical Communication,Before Mid-1,76.9,5.52,21.1,0,,,BC,1,Good
Information Technology,5,Software Engineering,Before Mid-1,86.3,7.82,23.0,0,,,BB,1,Very Good
Electrical Engineering,1,Basic Electrical Engineering,After Mid-2,90.1,9.48,26.4,0,6.9,11.3,AB,1,Excellent
Mechanical Engineering,6,Computer Aided Design (CAD),Before Mid-1,79.3,8.18,22.4,0,,,AB,1,Excellent
Electrical Engineering,8,E-Vehicle Technology,Before Mid-1,85.0,6.69,18.4,0,,,BC,1,Good
Electronics & Communication,5,Integrated Circuits & Applications,Before Mid-1,72.1,5.85,13.5,0,,,BC,1,Good
Electronics & Communication,5,Integrated Circuits & Applications,After Mid-1,97.3,7.9,27.0,0,7.7,,AB,1,Excellent
Electronics & Communication,4,Microprocessor & Interfacing,After Mid-1,74.1,7.99,26.3,1,7.6,,BB,1,Very Good
Electronics & Communication,8,Optical Communication,After Mid-2,99.7,7.95,24.8,0,9.5,19.6,AA,1,Excellent
Electronics & Communication,1,Basic Electrical Engineering,After Mid-1,80.8,7.58,23.4,0,6.9,,BB,1,Very Good
Computer Engineering,4,Object Oriented Programming - C++,After Mid-1,81.9,6.54,19.4,1,6.3,,BC,1,Good
Computer Engineering,4,Principles of Economics & Management,After Mid-2,72.7,6.46,23.2,2,7.1,15.0,BC,1,Good
Mechanical Engineering,3,Manufacturing Processes-1,Before Mid-1,64.9,7.16,18.8,0,,,BC,1,Good
Information Technology,2,Basic Electronics,After Mid-2,91.7,8.83,22.3,1,8.3,16.9,AB,1,Excellent
Civil Engineering,7,Design of Reinforced Concrete Structures,After Mid-1,95.1,10.0,25.8,0,8.8,,AA,1,Excellent
Computer Engineering,7,Information & Network Security,After Mid-1,77.4,7.64,26.2,0,6.3,,BB,1,Very Good
Information Technology,3,Effective Technical Communication,Before Mid-1,83.6,8.16,26.7,0,,,AB,1,Excellent
Information Technology,5,Python Programming,Before Mid-1,100.0,7.76,22.8,0,,,AA,1,Excellent
Information Technology,4,Database Management Systems,After Mid-1,87.9,6.41,22.1,0,6.3,,BB,1,Very Good
Computer Engineering,6,Data Analysis & Visualization,After Mid-2,96.1,7.98,23.6,0,7.6,15.3,AB,1,Excellent
Civil Engineering,2,Workshop Practices,After Mid-2,86.7,8.78,21.6,0,7.1,14.8,AB,1,Excellent
Electrical Engineering,3,Analog Electronics,Before Mid-1,68.7,4.95,20.2,0,,,CD,1,Average
Civil Engineering,2,Environmental Sciences,Before Mid-1,84.3,6.1,23.7,1,,,BC,1,Good
Electronics & Communication,1,Basic Electronics,After Mid-2,96.7,9.48,21.4,0,8.3,16.5,AA,1,Excellent
Electronics & Communication,6,Antenna & Wave Propagation,Before Mid-1,85.3,7.5,25.5,0,,,BB,1,Very Good
Information Technology,7,Mobile Application Development,After Mid-2,69.5,4.92,14.3,4,3.1,4.0,FF,0,At Risk
Computer Engineering,1,Mathematics-1,Before Mid-1,92.6,7.85,21.0,0,,,BB,1,Very Good
Electrical Engineering,4,Electrical Machines-1,Before Mid-1,75.0,9.58,29.2,0,,,AA,1,Excellent
Electronics & Communication,8,Project-2,After Mid-2,91.4,8.04,22.9,0,9.3,17.0,AB,1,Excellent
Computer Engineering,4,Principles of Economics & Management,After Mid-1,81.8,6.62,21.3,0,7.0,,AB,1,Excellent
Civil Engineering,4,Transportation Engineering,After Mid-1,89.1,8.65,26.6,0,9.6,,AA,1,Excellent
Civil Engineering,7,Design of Reinforced Concrete Structures,Before Mid-1,84.6,6.17,21.4,0,,,BB,1,Very Good
Information Technology,2,English,After Mid-1,78.0,5.33,24.1,1,5.3,,BC,1,Good
Mechanical Engineering,7,Computer Aided Manufacturing (CAM),After Mid-1,83.2,7.07,17.9,0,7.8,,BB,1,Very Good
Electronics & Communication,4,Control Systems,Before Mid-1,98.2,10.0,26.6,0,,,AA,1,Excellent
Electronics & Communication,6,VLSI Design,After Mid-1,78.8,7.5,26.7,0,7.0,,BB,1,Very Good
Information Technology,1,Basic Electrical Engineering,After Mid-1,85.3,7.27,17.6,0,6.9,,BB,1,Very Good
Civil Engineering,4,Concrete Technology,After Mid-2,84.6,8.03,24.4,0,6.6,12.7,BB,1,Very Good
Computer Engineering,2,Workshop/Manufacturing Practices,After Mid-1,84.5,7.52,25.4,1,5.9,,BB,1,Very Good
Computer Engineering,4,Operating System,After Mid-1,86.2,7.86,20.3,0,7.8,,BB,1,Very Good
Information Technology,6,Cyber Security & Laws,Before Mid-1,85.2,7.23,18.3,1,,,BB,1,Very Good
Mechanical Engineering,7,Refrigeration & Air Conditioning,After Mid-1,93.9,9.03,28.7,0,9.3,,AA,1,Excellent
Computer Engineering,5,Analysis & Design of Algorithms,After Mid-1,66.8,6.62,26.5,0,5.7,,BC,1,Good
Information Technology,5,Computer Networks,After Mid-1,80.4,6.19,20.7,0,5.5,,BC,1,Good
Electrical Engineering,8,Project-2,After Mid-1,71.0,5.3,20.5,0,4.6,,BC,1,Good
Mechanical Engineering,4,Mechanical Measurement & Metrology,Before Mid-1,86.1,5.86,22.1,1,,,BC,1,Good
Electrical Engineering,1,Physics,After Mid-1,93.2,7.96,21.7,0,6.6,,BB,1,Very Good
Electrical Engineering,8,Power Quality & Management,After Mid-1,88.4,7.7,16.9,0,7.9,,AB,1,Excellent
Mechanical Engineering,6,Production Technology,After Mid-2,80.5,6.61,19.5,0,4.9,11.8,BC,1,Good
Electronics & Communication,1,Basic Electronics,After Mid-2,93.8,9.78,28.6,0,8.4,16.9,AA,1,Excellent
Computer Engineering,6,Web Technology,After Mid-2,88.5,8.22,21.8,0,8.1,17.6,AB,1,Excellent
Computer Engineering,1,Basic Electrical Engineering,Before Mid-1,75.1,7.12,25.3,0,,,BB,1,Very Good
Mechanical Engineering,8,Industrial Engineering,After Mid-1,81.3,8.43,29.8,0,8.3,,AA,1,Excellent
Electronics & Communication,8,Optical Communication,After Mid-2,92.5,9.1,25.3,0,7.9,13.0,AA,1,Excellent
Electronics & Communication,6,VLSI Design,After Mid-1,77.4,8.33,25.6,0,6.4,,BB,1,Very Good
Computer Engineering,6,Advanced Java Programming,Before Mid-1,73.7,6.04,16.0,2,,,DD,1,At Risk
Civil Engineering,5,Hydrology & Water Resources Engg,After Mid-1,75.5,7.55,19.1,0,6.2,,BB,1,Very Good
Electrical Engineering,2,Programming for Problem Solving,After Mid-2,87.1,6.27,22.2,5,6.4,10.9,CD,1,Average
Computer Engineering,3,Data Structures,After Mid-2,79.8,4.85,15.5,0,2.9,4.9,DD,1,At Risk
Computer Engineering,7,Project-1,Before Mid-1,88.8,7.15,18.9,0,,,AB,1,Excellent
Civil Engineering,1,Engineering Graphics & Design,After Mid-2,90.2,7.81,27.7,0,6.9,12.4,BB,1,Very Good
Civil Engineering,1,Physics,After Mid-2,89.1,7.46,27.0,0,5.2,10.9,BB,1,Very Good
Computer Engineering,8,Big Data Analytics,After Mid-1,74.7,6.3,21.9,0,6.7,,BC,1,Good
Computer Engineering,4,Discrete Mathematics,After Mid-2,95.5,8.86,24.1,0,8.0,12.3,AB,1,Excellent
Computer Engineering,7,Information & Network Security,After Mid-1,86.2,5.84,15.3,0,5.7,,BC,1,Good
Computer Engineering,4,Discrete Mathematics,After Mid-1,90.4,7.25,16.2,0,7.6,,BB,1,Very Good
Computer Engineering,3,Database Management Systems,Before Mid-1,88.6,7.85,20.6,0,,,AB,1,Excellent
Information Technology,1,Environmental Sciences,After Mid-1,83.5,9.31,28.1,0,7.9,,AA,1,Excellent
Electronics & Communication,4,Microprocessor & Interfacing,After Mid-2,90.5,7.82,25.6,2,5.5,11.8,BC,1,Good
Computer Engineering,3,Data Structures,After Mid-2,88.9,7.03,23.1,0,7.7,16.1,BB,1,Very Good
Information Technology,5,Formal Languages & Automata Theory,After Mid-2,95.3,7.93,24.7,1,7.9,12.0,BB,1,Very Good
Mechanical Engineering,2,Workshop Practices,After Mid-2,82.1,8.28,22.3,0,8.3,17.2,AA,1,Excellent
Computer Engineering,2,Workshop/Manufacturing Practices,After Mid-2,93.9,10.0,25.6,0,8.9,15.9,AA,1,Excellent
Mechanical Engineering,8,Renewable Energy Engineering,After Mid-1,78.9,4.66,15.1,2,5.3,,CD,1,Average
Mechanical Engineering,5,Internal Combustion Engines,After Mid-2,80.7,10.0,27.3,0,10.0,17.4,AA,1,Excellent
Information Technology,3,Data Structures,Before Mid-1,84.1,7.65,15.6,1,,,CC,1,Average
Mechanical Engineering,8,Project-2,After Mid-1,85.2,8.38,24.6,0,7.3,,AB,1,Excellent
Electronics & Communication,3,Network Theory,After Mid-1,90.0,9.52,23.7,0,7.7,,AB,1,Excellent
Electronics & Communication,1,Basic Electrical Engineering,Before Mid-1,91.1,8.0,23.3,1,,,AB,1,Excellent
Civil Engineering,7,Design of Reinforced Concrete Structures,After Mid-2,78.9,6.85,17.9,0,7.4,12.5,BB,1,Very Good
Information Technology,5,Python Programming,After Mid-2,92.1,7.98,24.2,0,8.9,17.7,AA,1,Excellent
Electrical Engineering,5,Microprocessor & Microcontroller,After Mid-2,96.4,8.74,18.8,0,8.4,15.8,AA,1,Excellent
Information Technology,2,Physics,After Mid-2,79.9,6.42,21.2,3,5.0,12.7,CC,1,Average
Electrical Engineering,4,Electrical Machines-1,After Mid-2,94.5,7.97,26.0,0,7.5,13.4,AB,1,Excellent
Mechanical Engineering,3,Material Science & Metallurgy,After Mid-2,89.3,7.17,23.6,0,7.2,16.5,AB,1,Excellent
Electronics & Communication,7,Embedded Systems,After Mid-1,85.8,7.12,20.2,0,6.3,,BB,1,Very Good
Mechanical Engineering,4,Fluid Mechanics & Hydraulic Machines,After Mid-2,74.7,6.24,22.3,0,6.0,13.4,BC,1,Good
Electronics & Communication,7,Satellite Communication,After Mid-1,81.7,6.81,25.0,2,7.5,,BB,1,Very Good
Electrical Engineering,1,Mathematics-1,After Mid-2,83.4,7.61,24.9,0,8.0,16.5,AB,1,Excellent
Information Technology,1,Basic Electrical Engineering,Before Mid-1,90.8,8.09,21.9,0,,,BB,1,Very Good
Electronics & Communication,2,Engineering Graphics & Design,After Mid-1,81.0,7.64,17.9,0,6.8,,BB,1,Very Good
Mechanical Engineering,5,Internal Combustion Engines,After Mid-2,92.3,7.91,24.8,0,7.8,17.4,AB,1,Excellent
Mechanical Engineering,6,Design of Machine Elements,After Mid-1,85.6,7.67,22.6,0,7.3,,BB,1,Very Good
Electrical Engineering,3,Electrical Circuit Analysis,Before Mid-1,81.8,6.04,21.7,0,,,BC,1,Good
Electrical Engineering,5,Electrical Machines-2,Before Mid-1,88.6,8.6,32.4,0,,,AB,1,Excellent
Civil Engineering,2,Mathematics-2,After Mid-1,71.8,5.58,17.9,1,3.4,,CD,1,Average
Electronics & Communication,5,Integrated Circuits & Applications,After Mid-1,87.0,6.91,17.5,1,7.2,,BB,1,Very Good
Electronics & Communication,3,Digital Electronics,Before Mid-1,92.3,9.11,20.3,0,,,AB,1,Excellent
Electrical Engineering,5,Microprocessor & Microcontroller,After Mid-2,87.5,8.42,19.4,1,6.9,10.4,BB,1,Very Good
Mechanical Engineering,6,Computer Aided Design (CAD),After Mid-1,98.9,9.35,25.6,0,9.1,,AA,1,Excellent
Information Technology,8,Distributed Systems,After Mid-2,96.1,9.11,24.5,0,9.8,19.2,AA,1,Excellent
Electrical Engineering,8,Power Quality & Management,Before Mid-1,83.3,8.98,23.8,0,,,AA,1,Excellent
Electrical Engineering,1,Environmental Sciences,After Mid-1,79.9,5.7,13.4,0,7.0,,BB,1,Very Good
Electronics & Communication,8,Radar & Navigational Aids,After Mid-2,66.0,5.78,15.6,0,6.6,11.7,BC,1,Good
Electronics & Communication,5,Digital Communication,After Mid-2,82.7,6.02,20.8,2,3.2,6.6,DD,1,At Risk
Mechanical Engineering,6,Computer Aided Design (CAD),After Mid-1,97.7,6.62,23.6,0,8.0,,AB,1,Excellent
Electrical Engineering,7,Electric Drives,After Mid-2,84.8,7.56,24.3,0,6.9,11.4,BB,1,Very Good
Electrical Engineering,2,Engineering Graphics & Design,After Mid-2,75.2,6.95,24.4,1,6.0,9.1,BC,1,Good
Electrical Engineering,4,Electromagnetic Field Theory,After Mid-2,84.4,7.58,17.8,0,7.3,13.5,BB,1,Very Good
Civil Engineering,1,Engineering Graphics & Design,After Mid-2,85.1,5.15,17.8,1,4.9,9.3,CC,1,Average
Mechanical Engineering,2,Workshop Practices,After Mid-1,85.6,7.33,22.5,0,7.7,,AB,1,Excellent
Electrical Engineering,8,Project-2,After Mid-2,81.8,6.47,18.1,0,7.6,11.8,BB,1,Very Good
Information Technology,3,Effective Technical Communication,Before Mid-1,87.8,6.41,24.7,1,,,BB,1,Very Good
Civil Engineering,3,Building Construction & Materials,Before Mid-1,86.7,8.82,26.7,0,,,AA,1,Excellent
Information Technology,2,Physics,Before Mid-1,77.6,4.72,13.4,2,,,FF,0,At Risk
Information Technology,8,Big Data Analytics,After Mid-2,96.6,7.75,25.0,0,7.8,13.7,AB,1,Excellent
Mechanical Engineering,7,Project-1,After Mid-2,71.5,5.23,20.9,0,5.0,12.7,BC,1,Good
Computer Engineering,4,Principles of Economics & Management,After Mid-1,74.1,7.5,21.1,0,7.0,,AB,1,Excellent
Computer Engineering,1,Engineering Graphics & Design,Before Mid-1,88.9,7.4,25.0,1,,,BB,1,Very Good
Mechanical Engineering,8,Renewable Energy Engineering,After Mid-1,87.4,8.83,24.7,0,8.5,,AA,1,Excellent
Mechanical Engineering,8,Automobile Engineering,After Mid-1,90.6,6.95,20.1,0,6.7,,BB,1,Very Good
Computer Engineering,3,Data Structures,After Mid-1,92.2,10.0,25.1,0,7.9,,AA,1,Excellent
Computer Engineering,3,Database Management Systems,After Mid-1,68.6,6.17,20.2,0,5.4,,BC,1,Good
Electrical Engineering,1,Environmental Sciences,After Mid-1,66.2,4.82,19.3,2,5.8,,CC,1,Average
Mechanical Engineering,2,Workshop Practices,After Mid-1,80.1,6.38,26.0,0,6.7,,BB,1,Very Good
Electronics & Communication,1,Basic Electronics,After Mid-2,98.8,9.13,26.7,0,8.7,17.9,AA,1,Excellent
Civil Engineering,3,Surveying,After Mid-2,91.3,8.93,29.4,0,7.6,15.7,AA,1,Excellent
Computer Engineering,4,Object Oriented Programming - C++,Before Mid-1,96.8,8.78,24.5,0,,,AA,1,Excellent
Information Technology,6,Cyber Security & Laws,After Mid-1,100.0,10.0,32.7,0,10.0,,AA,1,Excellent
Computer Engineering,2,Workshop/Manufacturing Practices,After Mid-1,89.1,7.46,22.8,1,6.8,,BB,1,Very Good
Electrical Engineering,7,High Voltage Engineering,After Mid-2,100.0,9.68,25.7,0,8.9,18.2,AA,1,Excellent
Electrical Engineering,7,Electric Drives,Before Mid-1,72.1,5.14,20.4,1,,,CD,1,Average
Electronics & Communication,8,Wireless Communication,After Mid-1,81.0,6.28,19.4,1,4.7,,CC,1,Average
Electronics & Communication,8,Project-2,Before Mid-1,85.8,7.5,17.5,1,,,BB,1,Very Good
Information Technology,6,Web Technology,After Mid-2,87.8,7.11,18.7,0,5.4,8.0,BC,1,Good
Mechanical Engineering,8,Automobile Engineering,Before Mid-1,73.8,6.14,15.5,0,,,BB,1,Very Good
Computer Engineering,6,Agile Software Development,Before Mid-1,80.6,5.3,25.3,0,,,BB,1,Very Good
Mechanical Engineering,5,Machine Design-1,After Mid-2,90.9,8.05,21.2,0,6.1,11.9,BB,1,Very Good
Electronics & Communication,3,Digital Electronics,Before Mid-1,79.3,5.76,25.6,3,,,CC,1,Average
Electrical Engineering,2,Mathematics-2,After Mid-1,82.7,7.32,25.0,0,6.2,,BB,1,Very Good
Mechanical Engineering,6,Design of Machine Elements,After Mid-1,86.2,7.31,25.2,1,4.5,,CC,1,Average
Electronics & Communication,7,Project-1,After Mid-1,85.4,7.79,27.8,1,7.3,,AB,1,Excellent
Information Technology,2,English,After Mid-1,82.8,7.92,26.0,2,6.9,,BB,1,Very Good
Civil Engineering,2,Mathematics-2,After Mid-2,90.1,7.86,23.2,0,6.5,11.0,BB,1,Very Good
Information Technology,8,Project-2,Before Mid-1,78.1,5.72,25.9,1,,,BC,1,Good
Computer Engineering,3,Database Management Systems,After Mid-2,80.5,4.26,13.4,4,2.2,4.8,FF,0,At Risk
Civil Engineering,2,Environmental Sciences,After Mid-2,87.7,6.05,25.2,0,4.7,9.3,BC,1,Good
Electronics & Communication,3,Signals & Systems,After Mid-2,68.5,6.22,18.8,0,3.8,4.9,CC,1,Average
Civil Engineering,6,Environmental Engineering,After Mid-2,80.0,5.86,25.0,0,4.6,9.2,BC,1,Good
Computer Engineering,5,Computer Networks,Before Mid-1,86.4,7.63,20.2,0,,,AB,1,Excellent
Computer Engineering,4,Computer Organization & Architecture,Before Mid-1,78.3,7.19,18.1,0,,,BC,1,Good
Computer Engineering,1,Environmental Sciences,After Mid-2,77.0,7.84,21.4,1,8.2,13.9,BB,1,Very Good
Computer Engineering,1,Engineering Graphics & Design,After Mid-1,84.8,6.4,18.7,0,7.0,,BB,1,Very Good
Computer Engineering,5,Professional Ethics & Human Values,Before Mid-1,69.1,4.67,20.5,3,,,CD,1,Average
Electrical Engineering,4,Electrical Machines-1,After Mid-1,82.6,6.89,25.8,0,6.4,,BB,1,Very Good
Electrical Engineering,1,Basic Electrical Engineering,After Mid-2,88.9,8.34,21.0,0,7.6,14.0,AB,1,Excellent
Civil Engineering,5,Soil Mechanics & Geotechnical Engg,Before Mid-1,83.4,4.52,23.7,1,,,DD,1,At Risk
Civil Engineering,8,Project-2,After Mid-1,78.7,7.35,22.9,0,6.7,,BB,1,Very Good
Electronics & Communication,7,Satellite Communication,Before Mid-1,71.5,4.56,13.3,1,,,CD,1,Average
Electronics & Communication,2,Mathematics-2,After Mid-1,89.0,8.18,25.2,0,7.9,,AB,1,Excellent
Mechanical Engineering,4,Mechanical Measurement & Metrology,Before Mid-1,90.5,7.12,21.3,2,,,BC,1,Good
Computer Engineering,4,Principles of Economics & Management,After Mid-2,78.8,6.11,20.6,0,4.7,9.8,BC,1,Good
Information Technology,1,Mathematics-1,After Mid-2,85.1,8.86,25.5,0,9.4,18.7,AA,1,Excellent
Mechanical Engineering,3,Engineering Thermodynamics,After Mid-1,86.2,7.33,19.9,1,6.0,,BC,1,Good
Mechanical Engineering,1,Engineering Graphics & Design,After Mid-2,82.0,6.7,22.4,0,6.3,11.7,BB,1,Very Good
Computer Engineering,6,Theory of Computation,After Mid-1,75.8,4.0,16.1,2,2.4,,FF,0,At Risk
Civil Engineering,2,Workshop Practices,After Mid-1,76.6,5.39,18.4,1,5.5,,BC,1,Good
Electronics & Communication,1,Basic Electronics,Before Mid-1,85.4,6.63,15.2,0,,,BB,1,Very Good
Electronics & Communication,2,Engineering Graphics & Design,After Mid-1,88.8,8.63,22.4,0,7.2,,AB,1,Excellent
Computer Engineering,7,Project-1,After Mid-2,89.2,7.82,23.2,0,7.2,12.9,AB,1,Excellent
Information Technology,7,Data Mining & Business Intelligence,After Mid-2,88.1,7.93,20.6,0,7.5,14.4,BB,1,Very Good
Electrical Engineering,1,Physics,After Mid-2,66.2,7.01,21.5,0,5.9,14.3,BB,1,Very Good
Electrical Engineering,7,Smart Grid Technology,After Mid-2,92.1,7.36,27.6,0,7.9,17.0,AB,1,Excellent
Electronics & Communication,4,Analog Communication,After Mid-1,67.6,4.16,14.1,0,2.7,,DD,1,At Risk
Electronics & Communication,1,Basic Electronics,After Mid-1,69.4,5.86,17.2,5,5.6,,FF,0,At Risk
Electrical Engineering,7,Project-1,After Mid-2,99.8,8.56,22.9,0,9.1,18.2,AA,1,Excellent
Computer Engineering,1,Mathematics-1,After Mid-2,100.0,7.19,19.0,0,7.9,14.0,BB,1,Very Good
Electronics & Communication,2,Environmental Sciences,Before Mid-1,80.7,8.09,20.7,0,,,AB,1,Excellent
Civil Engineering,1,Physics,Before Mid-1,83.7,6.35,17.8,0,,,BC,1,Good
Civil Engineering,6,Design of Steel Structures,Before Mid-1,77.3,6.48,19.4,0,,,BC,1,Good
Mechanical Engineering,5,Internal Combustion Engines,Before Mid-1,89.3,7.89,24.0,0,,,AB,1,Excellent
Mechanical Engineering,3,Manufacturing Processes-1,After Mid-2,71.1,5.01,16.0,4,3.8,6.2,FF,0,At Risk
Civil Engineering,6,Foundation Engineering,After Mid-2,85.3,8.68,26.6,0,9.4,17.3,AB,1,Excellent
Computer Engineering,1,Engineering Graphics & Design,Before Mid-1,71.9,4.13,11.2,4,,,FF,0,At Risk
Information Technology,5,Formal Languages & Automata Theory,After Mid-2,76.9,6.34,18.7,1,4.7,7.0,CC,1,Average
Civil Engineering,3,Surveying,After Mid-2,98.4,9.85,28.4,0,8.7,17.8,AA,1,Excellent
Computer Engineering,4,Operating System,After Mid-2,77.4,5.85,20.1,1,5.3,10.7,CC,1,Average
Civil Engineering,6,Environmental Engineering,After Mid-2,79.6,6.78,21.8,0,7.0,14.9,BB,1,Very Good
Mechanical Engineering,8,Industrial Engineering,Before Mid-1,88.2,7.64,23.8,0,,,AA,1,Excellent
Electrical Engineering,1,Environmental Sciences,After Mid-1,88.7,8.83,23.4,0,8.1,,AB,1,Excellent
Mechanical Engineering,1,Mathematics-1,After Mid-2,75.9,6.52,20.6,1,6.4,14.0,BC,1,Good
Information Technology,3,Digital Electronics,After Mid-1,78.9,7.25,25.4,0,6.4,,BB,1,Very Good
Computer Engineering,4,Principles of Economics & Management,After Mid-2,81.4,6.99,21.5,1,7.8,15.4,BB,1,Very Good
Mechanical Engineering,3,Manufacturing Processes-1,After Mid-1,74.6,6.11,16.7,0,5.7,,BC,1,Good
Electrical Engineering,5,Electrical Machines-2,After Mid-2,85.7,8.59,26.4,0,6.4,12.2,BB,1,Very Good
Mechanical Engineering,1,Basic Mechanical Engineering,After Mid-2,85.6,6.31,18.3,4,5.1,7.0,CD,1,Average
Computer Engineering,8,Artificial Intelligence,After Mid-2,80.2,7.82,20.0,0,6.9,14.8,BB,1,Very Good
Electronics & Communication,7,Project-1,After Mid-2,72.5,4.83,12.9,1,3.6,5.4,DD,1,At Risk
Electrical Engineering,3,Electrical Measurements & Instrumentation,After Mid-1,89.5,5.85,12.5,1,6.0,,CC,1,Average
Computer Engineering,3,Digital Fundamentals,After Mid-1,72.5,4.29,11.8,1,5.4,,CD,1,Average
Civil Engineering,5,Structural Analysis-2,After Mid-2,79.6,8.02,25.3,0,7.4,15.2,AB,1,Excellent
Mechanical Engineering,1,Basic Mechanical Engineering,After Mid-2,87.5,8.14,20.6,0,7.0,13.3,AB,1,Excellent
Information Technology,4,Database Management Systems,After Mid-2,88.1,7.45,20.4,0,6.9,10.1,BB,1,Very Good
Computer Engineering,3,Probability & Statistics,After Mid-2,69.6,4.6,18.6,2,3.8,6.1,DD,1,At Risk
Electronics & Communication,2,Programming for Problem Solving,Before Mid-1,91.2,9.45,29.4,0,,,AA,1,Excellent
Civil Engineering,5,Hydrology & Water Resources Engg,After Mid-1,71.6,5.42,12.4,0,5.0,,CC,1,Average
Civil Engineering,4,Concrete Technology,Before Mid-1,74.5,6.69,26.0,0,,,BB,1,Very Good
Electronics & Communication,6,Digital Signal Processing,After Mid-1,83.9,6.67,19.1,0,4.8,,BC,1,Good
Computer Engineering,4,Object Oriented Programming - C++,After Mid-1,87.1,7.91,21.5,0,8.2,,AB,1,Excellent
Computer Engineering,1,Physics,Before Mid-1,85.3,8.78,22.6,0,,,AB,1,Excellent
Information Technology,3,Data Structures,After Mid-2,81.0,7.53,22.6,0,6.0,12.2,BB,1,Very Good
Electronics & Communication,4,Control Systems,Before Mid-1,83.2,7.65,25.6,0,,,AB,1,Excellent
Electronics & Communication,8,Wireless Communication,After Mid-2,75.3,8.97,30.8,0,7.4,14.7,AB,1,Excellent
Information Technology,7,Mobile Application Development,After Mid-2,71.7,7.04,24.8,0,6.2,14.2,BB,1,Very Good
Computer Engineering,6,Advanced Java Programming,After Mid-2,80.4,5.37,20.8,3,3.9,4.3,DD,1,At Risk
Mechanical Engineering,3,Manufacturing Processes-1,After Mid-1,94.7,8.09,21.9,0,5.8,,BB,1,Very Good
Computer Engineering,3,Probability & Statistics,After Mid-2,86.4,7.18,20.0,0,8.2,17.6,AB,1,Excellent
Mechanical Engineering,1,Basic Mechanical Engineering,After Mid-1,93.1,8.12,21.0,0,8.6,,AA,1,Excellent
Information Technology,2,Mathematics-2,After Mid-2,87.7,7.4,17.3,1,6.9,14.8,BB,1,Very Good
Information Technology,7,Data Mining & Business Intelligence,After Mid-2,72.9,6.81,24.4,0,5.5,12.7,BC,1,Good
Mechanical Engineering,8,Industrial Engineering,After Mid-2,80.6,7.3,22.5,0,6.7,10.5,BB,1,Very Good
Civil Engineering,8,Construction Project Management,After Mid-2,94.9,9.21,24.6,0,7.6,15.1,AB,1,Excellent
Civil Engineering,2,Workshop Practices,Before Mid-1,86.1,7.98,23.1,0,,,AB,1,Excellent
Computer Engineering,3,Probability & Statistics,After Mid-1,89.2,6.94,22.0,2,5.6,,BC,1,Good
Mechanical Engineering,8,Renewable Energy Engineering,After Mid-2,77.3,5.68,24.3,1,4.6,8.7,CC,1,Average
Information Technology,1,Basic Electrical Engineering,Before Mid-1,76.8,5.97,23.0,0,,,BC,1,Good
Information Technology,2,Basic Electronics,Before Mid-1,70.5,6.6,17.2,0,,,BC,1,Good
Electronics & Communication,4,Control Systems,After Mid-1,88.9,7.3,23.5,0,5.9,,BC,1,Good
Computer Engineering,1,Environmental Sciences,After Mid-1,94.0,6.42,21.4,1,7.2,,BB,1,Very Good
Computer Engineering,4,Principles of Economics & Management,Before Mid-1,75.7,6.52,19.0,0,,,BB,1,Very Good
Electronics & Communication,7,Microwave Engineering,Before Mid-1,82.1,5.78,17.6,0,,,CC,1,Average
Information Technology,2,Basic Electronics,Before Mid-1,73.7,6.9,23.1,0,,,BB,1,Very Good
Electrical Engineering,5,Electrical Machines-2,After Mid-2,97.3,10.0,27.7,0,10.0,17.6,AA,1,Excellent
Information Technology,5,Computer Networks,After Mid-2,79.8,6.99,23.0,1,6.4,14.1,BB,1,Very Good
Electronics & Communication,2,Engineering Graphics & Design,After Mid-1,80.1,6.17,20.1,0,7.8,,BB,1,Very Good
Computer Engineering,7,Information & Network Security,After Mid-2,88.1,7.56,25.1,0,6.7,11.6,BB,1,Very Good
Electronics & Communication,2,Engineering Graphics & Design,After Mid-1,89.4,8.77,29.6,0,7.5,,AA,1,Excellent
Electrical Engineering,6,Power Electronics-1,After Mid-1,97.2,7.97,19.5,1,7.6,,BB,1,Very Good
Mechanical Engineering,5,Heat Transfer,After Mid-1,80.7,6.48,19.3,1,4.7,,CC,1,Average
Electrical Engineering,1,Basic Electrical Engineering,After Mid-1,71.1,6.0,13.3,0,5.1,,CC,1,Average
Information Technology,8,Big Data Analytics,Before Mid-1,97.1,6.42,20.6,2,,,CC,1,Average
Information Technology,6,Web Technology,Before Mid-1,88.2,7.53,22.5,0,,,BB,1,Very Good
Computer Engineering,3,Digital Fundamentals,Before Mid-1,84.2,6.95,18.2,0,,,BC,1,Good
Civil Engineering,6,Foundation Engineering,After Mid-1,78.1,6.56,17.8,0,5.4,,BC,1,Good
Mechanical Engineering,5,Dynamics of Machinery,After Mid-1,82.3,8.02,29.1,0,5.4,,BB,1,Very Good
Civil Engineering,4,Advanced Surveying,Before Mid-1,88.0,6.65,21.3,2,,,BC,1,Good
Electronics & Communication,6,VLSI Design,After Mid-1,92.8,8.26,25.2,0,6.7,,BB,1,Very Good
Electrical Engineering,3,Electrical Measurements & Instrumentation,Before Mid-1,73.3,6.36,20.2,0,,,BC,1,Good
Electrical Engineering,1,Basic Electrical Engineering,After Mid-1,83.4,6.22,15.6,1,5.0,,BC,1,Good
Mechanical Engineering,1,Engineering Graphics & Design,After Mid-1,73.8,6.72,19.8,0,6.5,,BB,1,Very Good
Civil Engineering,3,Building Construction & Materials,Before Mid-1,83.5,9.36,21.9,0,,,AA,1,Excellent
Electrical Engineering,1,Physics,After Mid-2,84.6,7.4,25.3,1,7.4,13.0,BB,1,Very Good
Computer Engineering,4,Object Oriented Programming - C++,After Mid-1,87.6,8.46,21.2,0,7.0,,BB,1,Very Good
Electronics & Communication,4,Analog Communication,After Mid-2,78.2,6.13,20.1,0,5.6,11.3,BC,1,Good
Electronics & Communication,2,Mathematics-2,After Mid-2,87.7,9.14,29.6,0,9.0,18.3,AA,1,Excellent
Computer Engineering,3,Data Structures,Before Mid-1,75.7,5.34,20.1,0,,,CC,1,Average
Mechanical Engineering,1,Physics,Before Mid-1,82.1,6.98,27.4,0,,,BB,1,Very Good
Electrical Engineering,6,Testing & Maintenance of Electrical Equipment,After Mid-2,94.5,7.18,31.2,0,6.3,15.3,AB,1,Excellent
Mechanical Engineering,4,Manufacturing Processes-2,Before Mid-1,77.6,4.8,18.5,4,,,FF,0,At Risk
Electrical Engineering,8,Renewable Energy Sources,Before Mid-1,79.0,7.03,14.1,1,,,BC,1,Good
Information Technology,4,Operating System Concepts,After Mid-1,69.8,5.9,21.5,1,4.4,,CC,1,Average
Computer Engineering,1,Engineering Graphics & Design,After Mid-1,75.2,5.42,20.0,0,4.9,,BC,1,Good
Electrical Engineering,8,Power Quality & Management,After Mid-2,90.8,7.27,23.5,0,7.9,14.8,AB,1,Excellent
Computer Engineering,6,Data Analysis & Visualization,After Mid-1,80.1,5.8,21.4,0,6.7,,BB,1,Very Good
Civil Engineering,3,Building Construction & Materials,After Mid-2,76.0,6.48,22.5,0,7.0,15.7,BB,1,Very Good
Electrical Engineering,7,Electric Drives,After Mid-1,82.9,5.07,15.1,1,4.6,,CD,1,Average
Information Technology,1,Mathematics-1,Before Mid-1,79.2,8.11,23.6,0,,,AB,1,Excellent
Civil Engineering,7,Design of Reinforced Concrete Structures,Before Mid-1,73.2,7.2,20.3,0,,,BC,1,Good
Electrical Engineering,3,Electrical Circuit Analysis,After Mid-2,93.4,8.22,21.9,0,9.3,17.0,AB,1,Excellent
Civil Engineering,1,Physics,Before Mid-1,70.5,5.47,23.5,0,,,CC,1,Average
Computer Engineering,8,Internet of Things,After Mid-2,76.4,7.24,23.3,0,6.1,13.3,BB,1,Very Good
Computer Engineering,2,Mathematics-2,After Mid-1,87.9,5.62,14.1,2,4.8,,CD,1,Average
Computer Engineering,6,Theory of Computation,After Mid-1,82.7,5.98,21.4,0,5.5,,BC,1,Good
Computer Engineering,1,Engineering Graphics & Design,After Mid-1,77.7,7.74,13.9,0,7.4,,BB,1,Very Good
Electronics & Communication,7,Microwave Engineering,After Mid-1,81.2,7.21,23.3,0,6.1,,BB,1,Very Good
Electronics & Communication,6,Digital Signal Processing,After Mid-1,81.8,6.68,22.5,1,5.4,,BC,1,Good
Computer Engineering,2,English,After Mid-1,87.1,8.22,26.8,0,7.8,,AA,1,Excellent
Computer Engineering,7,Machine Learning,After Mid-1,81.5,8.68,27.9,1,7.0,,BB,1,Very Good
Computer Engineering,1,Environmental Sciences,After Mid-1,77.2,7.78,26.9,0,7.4,,AB,1,Excellent
Information Technology,3,Digital Electronics,After Mid-2,80.2,6.97,27.5,0,5.7,12.8,BB,1,Very Good
Computer Engineering,5,Professional Ethics & Human Values,Before Mid-1,96.3,9.05,30.8,0,,,AA,1,Excellent
Computer Engineering,5,Cyber Security,After Mid-1,82.5,7.8,24.6,1,8.0,,AB,1,Excellent
Mechanical Engineering,2,Programming for Problem Solving,After Mid-1,76.8,5.7,19.0,1,5.3,,CC,1,Average
Information Technology,7,Data Mining & Business Intelligence,After Mid-2,88.1,8.64,24.0,0,7.1,13.2,AB,1,Excellent
Computer Engineering,2,Basic Electronics,After Mid-2,85.6,6.84,18.7,0,5.3,10.4,BC,1,Good
Information Technology,4,Database Management Systems,After Mid-2,79.3,7.79,20.4,0,7.6,12.0,BB,1,Very Good
Civil Engineering,7,Highway & Traffic Engineering,Before Mid-1,79.6,4.38,14.5,4,,,FF,0,At Risk
Civil Engineering,3,Mechanics of Solids,After Mid-2,96.7,8.79,33.2,0,7.5,12.6,AB,1,Excellent
Computer Engineering,4,Computer Organization & Architecture,After Mid-2,84.5,8.19,26.9,0,7.8,18.0,AB,1,Excellent
Computer Engineering,4,Object Oriented Programming - C++,After Mid-1,81.0,7.09,20.0,0,7.4,,BB,1,Very Good
Civil Engineering,6,Design of Steel Structures,After Mid-2,86.6,7.63,18.9,0,6.2,11.5,BB,1,Very Good
Electronics & Communication,8,Wireless Communication,Before Mid-1,79.4,8.0,21.1,0,,,BB,1,Very Good
Mechanical Engineering,1,Physics,Before Mid-1,81.9,6.44,20.3,0,,,BC,1,Good
Computer Engineering,6,Data Analysis & Visualization,After Mid-1,86.8,8.77,30.4,0,7.1,,AB,1,Excellent
Electrical Engineering,1,Basic Electrical Engineering,After Mid-1,87.0,7.0,23.5,0,7.3,,BB,1,Very Good
Mechanical Engineering,6,Production Technology,After Mid-2,82.2,6.81,22.7,1,6.7,15.1,BB,1,Very Good
Computer Engineering,4,Operating System,After Mid-2,82.1,7.68,23.5,0,6.1,12.3,BB,1,Very Good
Civil Engineering,8,Construction Project Management,After Mid-1,92.2,8.16,20.8,0,7.9,,AB,1,Excellent
Civil Engineering,6,Design of Steel Structures,Before Mid-1,74.4,6.3,26.0,1,,,BC,1,Good
Civil Engineering,7,Project-1,After Mid-1,78.6,6.63,14.4,0,6.7,,BC,1,Good
Computer Engineering,2,Workshop/Manufacturing Practices,After Mid-2,79.9,6.12,18.1,1,7.0,15.9,BB,1,Very Good
Electronics & Communication,2,Environmental Sciences,After Mid-2,89.5,6.71,21.8,0,6.2,12.0,BB,1,Very Good
Electronics & Communication,6,VLSI Design,Before Mid-1,80.9,5.86,19.4,1,,,CC,1,Average
Civil Engineering,5,Soil Mechanics & Geotechnical Engg,After Mid-1,84.7,7.42,18.0,1,6.1,,BC,1,Good
Information Technology,4,Object Oriented Programming - Java,After Mid-1,92.8,7.5,16.8,0,6.4,,BB,1,Very Good
Electrical Engineering,3,Electrical Circuit Analysis,After Mid-1,89.8,7.35,18.8,0,6.9,,BB,1,Very Good
Electrical Engineering,7,Electric Drives,After Mid-1,84.1,5.4,22.3,3,2.5,,FF,0,At Risk
Electrical Engineering,4,Electrical Machines-1,Before Mid-1,82.3,6.94,17.6,0,,,BC,1,Good
Electronics & Communication,8,Wireless Communication,After Mid-2,83.9,6.88,23.6,0,5.7,10.3,BC,1,Good
Computer Engineering,7,Machine Learning,After Mid-2,82.5,6.9,22.3,0,6.4,16.1,BB,1,Very Good
Mechanical Engineering,3,Manufacturing Processes-1,After Mid-1,81.5,8.76,24.8,0,7.2,,AB,1,Excellent
Mechanical Engineering,5,Dynamics of Machinery,Before Mid-1,84.8,9.25,21.4,0,,,AB,1,Excellent
Computer Engineering,7,Compiler Design,Before Mid-1,67.2,7.02,17.7,0,,,BC,1,Good
Electronics & Communication,5,Digital Communication,After Mid-2,85.9,6.66,20.9,0,4.8,9.0,BC,1,Good
Computer Engineering,2,English,After Mid-1,83.5,9.12,27.1,0,10.0,,AA,1,Excellent
Information Technology,1,Environmental Sciences,After Mid-1,72.7,6.33,22.8,2,6.3,,BC,1,Good
Information Technology,7,Mobile Application Development,After Mid-2,90.1,7.84,24.0,4,7.2,14.4,BC,1,Good
Electrical Engineering,5,Electrical Power System-1,After Mid-2,79.6,7.23,28.3,0,6.3,10.9,BB,1,Very Good
Electrical Engineering,8,Power Quality & Management,Before Mid-1,85.2,7.47,21.1,0,,,AB,1,Excellent
Mechanical Engineering,8,Renewable Energy Engineering,Before Mid-1,79.1,6.67,24.3,0,,,BB,1,Very Good
Computer Engineering,4,Operating System,After Mid-2,94.2,7.21,23.4,0,5.4,7.1,BC,1,Good
Computer Engineering,1,Mathematics-1,Before Mid-1,84.7,8.39,28.4,0,,,AA,1,Excellent
Electrical Engineering,7,Smart Grid Technology,Before Mid-1,98.8,7.72,23.3,0,,,AB,1,Excellent
Mechanical Engineering,8,Automobile Engineering,After Mid-2,84.9,4.49,15.0,1,6.4,12.2,CC,1,Average
Electronics & Communication,6,VLSI Design,After Mid-2,93.6,8.74,25.3,0,8.8,16.4,AA,1,Excellent
Electronics & Communication,5,Integrated Circuits & Applications,Before Mid-1,69.1,5.71,18.6,2,,,CC,1,Average
Information Technology,3,IT Infrastructure & Management,After Mid-2,64.8,5.6,22.3,1,4.7,11.7,CC,1,Average
Civil Engineering,7,Design of Reinforced Concrete Structures,After Mid-1,90.0,6.79,16.3,1,7.4,,BC,1,Good
Electrical Engineering,1,Basic Electrical Engineering,Before Mid-1,97.1,9.1,29.9,0,,,AA,1,Excellent
Mechanical Engineering,1,Basic Mechanical Engineering,After Mid-1,93.4,7.94,25.7,0,7.6,,AB,1,Excellent
Computer Engineering,4,Computer Organization & Architecture,Before Mid-1,90.1,5.82,17.8,0,,,CC,1,Average
Information Technology,6,Mobile Computing,Before Mid-1,84.0,8.06,25.8,0,,,AB,1,Excellent
Electrical Engineering,5,Electrical Power System-1,After Mid-1,83.2,4.84,13.8,3,3.9,,FF,0,At Risk
Mechanical Engineering,1,Mathematics-1,After Mid-2,83.3,7.68,18.9,1,7.2,12.5,BB,1,Very Good
Civil Engineering,6,Design of Steel Structures,After Mid-1,81.1,6.25,19.6,0,5.1,,BC,1,Good
Mechanical Engineering,6,Production Technology,After Mid-2,85.9,6.84,19.0,1,7.6,14.7,BB,1,Very Good
Civil Engineering,3,Mechanics of Solids,Before Mid-1,84.4,7.15,22.1,0,,,BB,1,Very Good
Mechanical Engineering,7,Power Plant Engineering,After Mid-2,83.3,7.59,25.8,0,8.3,16.6,AB,1,Excellent
Mechanical Engineering,3,Manufacturing Processes-1,After Mid-1,87.1,7.25,24.8,0,7.1,,AB,1,Excellent
Information Technology,5,Python Programming,After Mid-2,85.3,8.85,34.7,0,8.7,19.5,AA,1,Excellent
Mechanical Engineering,2,Environmental Sciences,After Mid-1,76.8,7.06,20.8,0,5.6,,BB,1,Very Good
Electronics & Communication,4,Analog Communication,After Mid-1,87.5,7.48,22.3,0,7.7,,AB,1,Excellent
Electronics & Communication,5,Integrated Circuits & Applications,After Mid-2,80.5,7.79,20.5,1,7.1,12.4,BB,1,Very Good
Computer Engineering,3,Probability & Statistics,After Mid-1,91.1,8.1,26.7,0,9.7,,AA,1,Excellent
Electrical Engineering,2,Basic Electronics,After Mid-2,87.0,9.5,29.6,0,8.2,19.6,AA,1,Excellent
Computer Engineering,4,Discrete Mathematics,Before Mid-1,76.6,5.21,14.3,0,,,CD,1,Average
Electronics & Communication,2,Programming for Problem Solving,After Mid-1,72.2,7.03,23.4,0,6.5,,BB,1,Very Good
Computer Engineering,8,Project-2,Before Mid-1,85.7,7.41,16.2,0,,,BB,1,Very Good
Computer Engineering,2,English,Before Mid-1,95.8,8.24,22.0,0,,,AB,1,Excellent
Electronics & Communication,2,Mathematics-2,Before Mid-1,75.0,8.75,24.7,0,,,AB,1,Excellent
Information Technology,1,Mathematics-1,After Mid-2,77.9,7.0,24.6,0,7.3,13.1,BB,1,Very Good
Electronics & Communication,3,Signals & Systems,After Mid-1,87.9,8.62,31.7,1,8.4,,AB,1,Excellent
Electronics & Communication,7,Embedded Systems,After Mid-2,84.9,7.45,22.3,0,8.6,15.3,AB,1,Excellent
Computer Engineering,2,Mathematics-2,After Mid-2,97.3,9.21,27.8,0,10.0,16.5,AA,1,Excellent
Electronics & Communication,5,Microcontroller & Applications,Before Mid-1,67.5,5.12,18.1,0,,,BC,1,Good
Computer Engineering,3,Probability & Statistics,After Mid-2,85.5,5.92,19.0,1,5.8,12.5,BC,1,Good
Computer Engineering,2,Programming for Problem Solving,Before Mid-1,66.8,4.97,21.6,0,,,BC,1,Good
Civil Engineering,3,Fluid Mechanics,After Mid-1,91.7,7.02,18.1,0,5.9,,BC,1,Good
Information Technology,8,Project-2,Before Mid-1,73.9,7.0,25.3,0,,,BB,1,Very Good
Computer Engineering,1,Basic Electrical Engineering,Before Mid-1,88.7,5.98,25.5,1,,,BC,1,Good
Mechanical Engineering,7,Refrigeration & Air Conditioning,After Mid-2,72.9,5.11,14.7,1,2.7,3.7,FF,0,At Risk
Information Technology,4,Database Management Systems,After Mid-2,89.1,8.05,21.3,0,6.7,12.8,BB,1,Very Good
Electrical Engineering,4,Digital Electronics,Before Mid-1,97.4,7.92,27.6,1,,,AB,1,Excellent
Mechanical Engineering,3,Kinematics of Machines,After Mid-1,89.4,8.12,26.4,0,7.4,,AB,1,Excellent
Computer Engineering,7,Information & Network Security,After Mid-2,93.8,7.64,25.0,0,7.1,13.4,BB,1,Very Good
Information Technology,5,Python Programming,After Mid-1,85.9,6.91,22.9,0,7.7,,AB,1,Excellent
Computer Engineering,2,Programming for Problem Solving,After Mid-1,89.5,6.45,22.6,3,4.6,,CC,1,Average
Computer Engineering,6,Theory of Computation,After Mid-1,93.0,8.01,26.9,0,6.7,,BB,1,Very Good
Electrical Engineering,7,High Voltage Engineering,After Mid-2,72.3,6.42,17.8,0,5.5,8.4,BC,1,Good
Mechanical Engineering,3,Manufacturing Processes-1,After Mid-2,74.2,4.48,16.8,2,2.4,2.3,FF,0,At Risk
Civil Engineering,8,Project-2,After Mid-2,66.9,5.05,11.2,1,3.9,6.7,DD,1,At Risk
Mechanical Engineering,2,Mathematics-2,After Mid-2,91.7,8.19,20.5,0,8.8,14.4,AB,1,Excellent
Information Technology,6,Data Warehousing & Mining,After Mid-2,83.4,7.55,23.5,0,6.5,12.5,BB,1,Very Good
Computer Engineering,2,Basic Electronics,After Mid-1,85.2,7.03,24.0,0,7.5,,BB,1,Very Good
Mechanical Engineering,7,Computer Aided Manufacturing (CAM),After Mid-2,94.7,8.54,24.4,0,9.3,18.6,AA,1,Excellent
Electronics & Communication,3,Digital Electronics,After Mid-1,83.3,5.56,16.9,1,5.2,,CC,1,Average
Electronics & Communication,3,Network Theory,After Mid-1,87.3,7.1,17.2,0,7.2,,BB,1,Very Good
Computer Engineering,1,Environmental Sciences,After Mid-1,71.0,4.8,20.7,2,3.9,,CD,1,Average
Civil Engineering,7,Design of Reinforced Concrete Structures,Before Mid-1,85.2,7.94,22.1,0,,,BB,1,Very Good
Information Technology,6,Data Warehousing & Mining,After Mid-2,99.5,7.99,30.6,0,7.4,16.7,AA,1,Excellent
Computer Engineering,5,Cyber Security,After Mid-2,90.2,6.34,18.3,0,7.4,13.7,BB,1,Very Good
Electrical Engineering,5,Microprocessor & Microcontroller,After Mid-2,86.1,6.74,20.3,0,6.2,9.3,BC,1,Good
Electrical Engineering,3,Electrical Measurements & Instrumentation,After Mid-2,71.9,5.47,24.9,1,4.8,9.6,CC,1,Average
Electrical Engineering,2,Mathematics-2,Before Mid-1,78.7,6.59,22.1,0,,,BC,1,Good
Electronics & Communication,1,Physics,After Mid-2,93.5,9.3,24.0,0,8.4,18.0,AA,1,Excellent
Civil Engineering,3,Fluid Mechanics,After Mid-1,84.8,9.59,27.2,0,8.4,,AB,1,Excellent
Mechanical Engineering,2,Environmental Sciences,After Mid-1,68.0,6.61,23.3,0,6.2,,BB,1,Very Good
Information Technology,7,Data Mining & Business Intelligence,After Mid-1,83.3,5.73,20.2,0,4.8,,BC,1,Good
Electrical Engineering,3,Electrical Circuit Analysis,After Mid-1,94.8,7.73,21.0,0,7.6,,BB,1,Very Good
Civil Engineering,3,Mechanics of Solids,After Mid-1,83.8,7.1,22.4,1,6.5,,BC,1,Good
Computer Engineering,2,Mathematics-2,After Mid-2,87.4,7.62,21.7,0,6.5,11.2,BB,1,Very Good
Information Technology,7,Information Retrieval,After Mid-1,83.8,7.49,24.3,1,8.6,,BB,1,Very Good
Computer Engineering,3,Data Structures,After Mid-1,87.3,5.93,18.6,1,4.5,,CC,1,Average
Electronics & Communication,3,Signals & Systems,Before Mid-1,76.8,6.11,18.4,1,,,BC,1,Good
Civil Engineering,5,Hydrology & Water Resources Engg,After Mid-2,64.7,5.8,20.3,1,5.2,9.9,CC,1,Average
Electrical Engineering,3,Analog Electronics,After Mid-1,73.2,4.91,23.4,2,3.5,,DD,1,At Risk
Civil Engineering,5,Structural Analysis-2,After Mid-2,69.1,5.84,16.0,1,4.5,9.5,CD,1,Average
Information Technology,2,Basic Electronics,After Mid-2,92.6,8.44,28.8,0,7.1,16.5,AB,1,Excellent
Information Technology,6,Mobile Computing,Before Mid-1,86.0,8.26,21.2,0,,,AB,1,Excellent
Civil Engineering,5,Structural Analysis-2,Before Mid-1,80.1,6.83,21.9,0,,,BC,1,Good
Electronics & Communication,2,Mathematics-2,After Mid-1,76.1,5.02,12.0,1,6.4,,CC,1,Average
Civil Engineering,4,Transportation Engineering,After Mid-1,86.0,7.77,23.8,0,6.8,,AB,1,Excellent
Mechanical Engineering,1,Engineering Graphics & Design,After Mid-1,81.1,8.24,25.9,0,7.2,,AB,1,Excellent
Civil Engineering,4,Advanced Surveying,Before Mid-1,86.6,9.02,25.8,0,,,AA,1,Excellent
Electronics & Communication,8,Optical Communication,After Mid-2,75.3,4.96,17.0,3,3.7,5.5,FF,0,At Risk
Information Technology,7,Mobile Application Development,After Mid-1,74.2,5.68,18.0,6,3.5,,FF,0,At Risk
Civil Engineering,2,Mathematics-2,Before Mid-1,88.6,6.38,21.1,5,,,FF,0,At Risk
Information Technology,6,Data Warehousing & Mining,Before Mid-1,90.7,5.92,25.4,1,,,BC,1,Good
Electrical Engineering,1,Environmental Sciences,Before Mid-1,70.3,8.26,24.2,0,,,AB,1,Excellent
Mechanical Engineering,3,Engineering Thermodynamics,After Mid-2,85.9,4.97,14.2,1,3.6,7.4,CD,1,Average
Electrical Engineering,1,Physics,After Mid-2,80.2,6.13,20.5,2,4.7,7.6,CD,1,Average
Computer Engineering,8,Artificial Intelligence,After Mid-2,88.6,6.12,21.2,3,3.8,6.6,DD,1,At Risk
Mechanical Engineering,5,Machine Design-1,Before Mid-1,81.8,5.12,14.6,1,,,CC,1,Average
Civil Engineering,2,Programming for Problem Solving,Before Mid-1,93.4,6.91,18.1,0,,,BB,1,Very Good
Electrical Engineering,7,Smart Grid Technology,Before Mid-1,76.5,6.01,24.4,0,,,BC,1,Good
Computer Engineering,3,Database Management Systems,After Mid-2,76.2,5.87,19.7,1,4.8,8.2,CC,1,Average
Electronics & Communication,8,Project-2,After Mid-2,88.2,6.79,21.2,0,7.1,10.9,BB,1,Very Good
Computer Engineering,5,Professional Ethics & Human Values,After Mid-1,75.9,7.3,22.0,0,7.1,,BB,1,Very Good
Electrical Engineering,4,Electromagnetic Field Theory,Before Mid-1,88.5,8.59,29.7,0,,,AB,1,Excellent
Mechanical Engineering,7,Computer Aided Manufacturing (CAM),After Mid-1,77.7,6.6,21.4,1,4.4,,BC,1,Good
Computer Engineering,3,Database Management Systems,After Mid-2,85.7,7.79,19.9,0,7.3,15.8,BB,1,Very Good
Electrical Engineering,5,Microprocessor & Microcontroller,Before Mid-1,84.9,9.93,23.1,0,,,AA,1,Excellent
Mechanical Engineering,7,Computer Aided Manufacturing (CAM),After Mid-1,68.1,4.55,18.9,1,6.8,,CC,1,Average
Computer Engineering,7,Machine Learning,Before Mid-1,88.2,8.22,23.3,0,,,BB,1,Very Good
Civil Engineering,3,Fluid Mechanics,After Mid-1,85.0,8.31,16.9,0,6.3,,BB,1,Very Good
Information Technology,1,Engineering Graphics & Design,After Mid-1,92.8,8.78,26.5,0,8.0,,AB,1,Excellent
Computer Engineering,3,Effective Technical Communication,After Mid-1,69.2,5.64,18.7,0,4.5,,BC,1,Good
Civil Engineering,1,Engineering Graphics & Design,After Mid-1,90.2,6.89,19.9,0,5.7,,BB,1,Very Good
Mechanical Engineering,5,Heat Transfer,After Mid-1,91.9,8.54,27.3,0,8.4,,AB,1,Excellent
Mechanical Engineering,5,Internal Combustion Engines,Before Mid-1,83.6,6.61,20.3,0,,,BB,1,Very Good
Computer Engineering,7,Compiler Design,Before Mid-1,83.5,5.63,17.5,2,,,DD,1,At Risk
Electrical Engineering,1,Mathematics-1,Before Mid-1,97.0,9.59,22.5,0,,,AA,1,Excellent
Computer Engineering,4,Object Oriented Programming - C++,After Mid-2,75.3,5.88,17.7,1,5.6,10.7,CC,1,Average
Mechanical Engineering,4,Manufacturing Processes-2,After Mid-1,80.6,7.74,20.2,1,7.2,,BB,1,Very Good
Computer Engineering,1,Basic Electrical Engineering,After Mid-1,92.2,7.43,26.6,1,7.8,,BB,1,Very Good
Information Technology,2,Basic Electronics,After Mid-2,87.4,7.41,22.0,0,7.2,12.8,BB,1,Very Good
Civil Engineering,1,Mathematics-1,After Mid-2,84.1,6.84,24.2,1,5.2,11.9,BC,1,Good
Mechanical Engineering,3,Kinematics of Machines,After Mid-2,78.5,5.45,17.4,2,3.3,6.3,DD,1,At Risk
Information Technology,8,Big Data Analytics,Before Mid-1,96.8,7.3,21.6,0,,,AB,1,Excellent
Civil Engineering,6,Design of Steel Structures,After Mid-1,88.2,7.55,18.7,0,7.1,,BB,1,Very Good
Electronics & Communication,7,Satellite Communication,After Mid-2,100.0,8.23,27.8,0,6.7,11.6,AB,1,Excellent
Information Technology,5,Software Engineering,After Mid-1,86.8,6.88,19.1,1,6.8,,BB,1,Very Good
Information Technology,4,Operating System Concepts,After Mid-1,76.1,4.09,5.4,1,3.9,,FF,0,At Risk
Electronics & Communication,8,Radar & Navigational Aids,After Mid-2,77.9,8.36,22.0,0,7.6,14.3,AB,1,Excellent
Civil Engineering,8,Bridge Engineering,After Mid-1,76.1,5.85,18.8,0,5.9,,BC,1,Good
Computer Engineering,2,English,After Mid-1,76.7,4.7,19.1,3,3.3,,FF,0,At Risk
Information Technology,4,Database Management Systems,After Mid-2,82.5,8.68,28.8,0,9.5,19.9,AA,1,Excellent
Electronics & Communication,1,Physics,After Mid-2,86.4,6.62,24.6,0,5.6,12.7,BB,1,Very Good
Computer Engineering,6,Data Analysis & Visualization,Before Mid-1,84.0,7.34,29.7,2,,,BB,1,Very Good
Electrical Engineering,6,Electrical Switchgear & Protection,After Mid-1,82.2,7.0,27.3,1,5.7,,BC,1,Good
Civil Engineering,1,Engineering Graphics & Design,After Mid-1,95.6,9.95,33.1,0,9.5,,AA,1,Excellent
Electronics & Communication,3,Digital Electronics,After Mid-2,83.6,5.02,16.8,2,5.6,10.9,CC,1,Average
Mechanical Engineering,8,Project-2,After Mid-2,77.1,7.5,19.6,0,8.3,16.8,AB,1,Excellent
Mechanical Engineering,5,Machine Design-1,After Mid-2,84.7,8.24,26.7,0,7.1,12.8,BB,1,Very Good
Electronics & Communication,1,Basic Electronics,Before Mid-1,83.1,6.91,16.4,0,,,BC,1,Good
Electrical Engineering,5,Electrical Power System-1,After Mid-1,92.5,8.87,23.6,0,6.7,,AB,1,Excellent
Mechanical Engineering,5,Heat Transfer,After Mid-2,82.4,9.26,26.8,0,7.7,13.0,AB,1,Excellent
Mechanical Engineering,2,Environmental Sciences,Before Mid-1,78.5,6.95,22.9,1,,,BB,1,Very Good
Computer Engineering,1,Mathematics-1,Before Mid-1,75.7,6.46,19.4,0,,,BB,1,Very Good
Electrical Engineering,7,Smart Grid Technology,Before Mid-1,87.3,7.93,24.1,0,,,AB,1,Excellent
Mechanical Engineering,4,Manufacturing Processes-2,After Mid-1,94.4,7.36,16.4,0,6.8,,BB,1,Very Good
Information Technology,1,Environmental Sciences,After Mid-2,86.3,8.28,22.6,0,8.2,16.4,AA,1,Excellent
Electrical Engineering,6,Testing & Maintenance of Electrical Equipment,After Mid-2,70.5,5.58,22.6,1,3.1,8.8,CC,1,Average
Computer Engineering,4,Principles of Economics & Management,After Mid-1,97.0,9.77,21.3,0,8.6,,AA,1,Excellent
Computer Engineering,2,English,After Mid-2,82.8,7.65,18.6,0,9.0,18.8,AB,1,Excellent
Electronics & Communication,5,Digital Communication,After Mid-2,77.9,9.46,25.0,0,8.7,18.2,AA,1,Excellent
Computer Engineering,5,Analysis & Design of Algorithms,After Mid-2,88.7,7.57,19.1,0,6.0,9.0,BC,1,Good
Electrical Engineering,4,Electrical Machines-1,After Mid-2,86.4,7.2,24.2,0,4.8,10.4,BC,1,Good
Computer Engineering,4,Computer Organization & Architecture,After Mid-1,76.5,6.12,22.0,0,5.1,,BC,1,Good
Information Technology,7,Project-1,After Mid-1,93.3,9.2,27.1,1,8.0,,AA,1,Excellent
Civil Engineering,3,Surveying,Before Mid-1,79.6,8.35,24.6,0,,,AB,1,Excellent
Computer Engineering,3,Probability & Statistics,Before Mid-1,81.0,6.18,12.8,0,,,BC,1,Good
Mechanical Engineering,4,Fluid Mechanics & Hydraulic Machines,Before Mid-1,61.3,4.85,11.2,1,,,DD,1,At Risk
Civil Engineering,1,Basic Civil Engineering,After Mid-1,80.8,5.55,21.2,0,4.0,,BC,1,Good
Electrical Engineering,2,Basic Electronics,After Mid-1,75.5,6.63,23.3,0,5.9,,BB,1,Very Good
Electronics & Communication,7,Microwave Engineering,After Mid-2,100.0,9.89,26.8,0,9.0,17.2,AA,1,Excellent
Computer Engineering,7,Information & Network Security,After Mid-2,78.8,6.2,19.5,0,6.9,13.0,BC,1,Good
Information Technology,5,Computer Networks,Before Mid-1,71.5,5.69,20.5,0,,,BC,1,Good
Electronics & Communication,3,Signals & Systems,Before Mid-1,90.1,7.22,19.7,0,,,BB,1,Very Good
Civil Engineering,5,Hydrology & Water Resources Engg,After Mid-2,82.5,7.51,25.5,0,6.2,12.4,BB,1,Very Good
Information Technology,8,Big Data Analytics,Before Mid-1,86.8,8.24,27.4,0,,,BB,1,Very Good
Civil Engineering,6,Design of Steel Structures,After Mid-2,78.1,6.1,19.5,0,4.6,8.8,CC,1,Average
Electronics & Communication,6,VLSI Design,Before Mid-1,100.0,9.35,24.4,0,,,AA,1,Excellent
Mechanical Engineering,4,Fluid Mechanics & Hydraulic Machines,Before Mid-1,85.1,8.33,25.8,0,,,AB,1,Excellent
Information Technology,6,Mobile Computing,After Mid-1,81.5,6.96,17.4,0,5.4,,BC,1,Good
Mechanical Engineering,7,Project-1,Before Mid-1,82.3,7.4,23.7,0,,,BB,1,Very Good
Mechanical Engineering,1,Basic Mechanical Engineering,Before Mid-1,87.9,9.76,30.0,0,,,AA,1,Excellent
Information Technology,4,Computer Networks,After Mid-2,82.7,6.3,18.4,2,5.6,11.3,CC,1,Average
Information Technology,5,Python Programming,After Mid-2,81.2,6.69,24.9,0,7.0,13.8,BB,1,Very Good
Mechanical Engineering,6,Production Technology,After Mid-1,79.5,5.79,15.4,0,4.9,,BC,1,Good
Mechanical Engineering,8,Renewable Energy Engineering,Before Mid-1,74.0,5.87,19.4,2,,,CD,1,Average
Information Technology,5,Computer Networks,After Mid-1,82.6,6.13,16.2,0,8.2,,BB,1,Very Good
Computer Engineering,1,Basic Electrical Engineering,After Mid-2,74.3,6.26,23.9,0,6.6,15.3,BB,1,Very Good
Mechanical Engineering,1,Mathematics-1,After Mid-1,65.7,5.16,23.6,0,3.7,,CC,1,Average
Civil Engineering,1,Basic Civil Engineering,Before Mid-1,90.1,10.0,26.9,0,,,AA,1,Excellent
Mechanical Engineering,2,Environmental Sciences,After Mid-2,93.0,8.48,22.8,0,8.3,17.6,AA,1,Excellent
Electronics & Communication,8,Wireless Communication,After Mid-1,82.1,7.79,26.4,0,7.5,,BB,1,Very Good
Computer Engineering,5,Cyber Security,After Mid-1,89.0,8.14,25.3,0,9.3,,AA,1,Excellent
Computer Engineering,2,Basic Electronics,Before Mid-1,76.0,4.97,21.3,0,,,CC,1,Average
Mechanical Engineering,3,Kinematics of Machines,After Mid-1,90.1,8.68,24.8,0,8.5,,AB,1,Excellent
Electrical Engineering,3,Electrical Circuit Analysis,After Mid-2,79.2,8.72,21.8,0,8.1,15.2,BB,1,Very Good
Electrical Engineering,7,Electric Drives,After Mid-1,72.4,7.77,20.2,0,5.1,,BC,1,Good
Computer Engineering,8,Artificial Intelligence,After Mid-1,89.0,7.47,18.8,0,5.4,,BC,1,Good
Electrical Engineering,5,Electrical Machines-2,After Mid-1,80.3,8.67,19.1,0,7.4,,BB,1,Very Good
Mechanical Engineering,7,Computer Aided Manufacturing (CAM),After Mid-1,86.1,8.38,29.5,0,9.3,,AA,1,Excellent
Electronics & Communication,2,Engineering Graphics & Design,After Mid-2,91.8,8.71,22.5,0,8.0,14.7,AB,1,Excellent
Mechanical Engineering,1,Engineering Graphics & Design,After Mid-2,80.3,6.7,19.3,0,3.8,6.7,BC,1,Good
Electrical Engineering,5,Electrical Power System-1,After Mid-1,69.1,5.57,19.6,0,5.0,,CC,1,Average
Computer Engineering,1,Mathematics-1,After Mid-1,74.3,7.31,26.4,0,5.0,,BB,1,Very Good
Mechanical Engineering,3,Material Science & Metallurgy,Before Mid-1,78.9,6.32,18.0,0,,,BB,1,Very Good
Information Technology,7,Mobile Application Development,After Mid-1,83.4,9.04,28.3,1,7.0,,BB,1,Very Good
Civil Engineering,2,Workshop Practices,Before Mid-1,73.2,7.0,20.1,0,,,BB,1,Very Good
Electrical Engineering,8,Power Quality & Management,After Mid-1,79.4,6.88,24.2,0,5.6,,BB,1,Very Good
Civil Engineering,7,Irrigation Engineering,After Mid-2,85.7,7.37,22.6,0,6.8,14.1,AB,1,Excellent
Civil Engineering,4,Structural Analysis-1,Before Mid-1,70.1,6.35,27.2,0,,,BC,1,Good
Information Technology,8,Distributed Systems,After Mid-2,91.5,8.28,21.0,0,5.7,10.3,BB,1,Very Good
Electronics & Communication,5,Integrated Circuits & Applications,After Mid-2,96.9,6.63,23.7,0,7.0,14.3,AB,1,Excellent
Mechanical Engineering,1,Mathematics-1,After Mid-1,83.2,7.9,28.3,0,7.8,,AB,1,Excellent
Electrical Engineering,5,Electrical Power System-1,Before Mid-1,70.2,4.0,15.4,2,,,FF,0,At Risk
Electrical Engineering,8,Project-2,After Mid-2,76.0,8.07,17.0,0,8.8,16.8,AB,1,Excellent
Computer Engineering,3,Probability & Statistics,After Mid-1,80.7,7.16,19.9,0,4.6,,BC,1,Good
Information Technology,2,Programming for Problem Solving,After Mid-2,91.7,8.64,29.6,0,8.3,15.7,AA,1,Excellent
Information Technology,7,Information Retrieval,After Mid-1,76.2,6.85,20.6,0,5.9,,BC,1,Good
Civil Engineering,3,Mechanics of Solids,After Mid-1,83.7,7.9,19.5,0,7.3,,BB,1,Very Good
Electrical Engineering,3,Electrical Measurements & Instrumentation,Before Mid-1,84.4,6.2,18.5,2,,,CC,1,Average
Civil Engineering,5,Structural Analysis-2,After Mid-1,88.1,6.37,23.7,1,5.9,,BC,1,Good
Mechanical Engineering,1,Engineering Graphics & Design,After Mid-1,89.9,6.75,18.3,0,6.3,,BB,1,Very Good
Mechanical Engineering,3,Kinematics of Machines,After Mid-2,94.1,7.97,21.7,0,8.6,15.7,AB,1,Excellent
Civil Engineering,3,Surveying,After Mid-2,93.1,10.0,30.9,0,10.0,20.0,AA,1,Excellent
Mechanical Engineering,2,Environmental Sciences,After Mid-1,85.4,6.86,21.4,0,6.9,,BB,1,Very Good
Electronics & Communication,6,Antenna & Wave Propagation,After Mid-2,93.0,7.33,24.9,0,8.6,16.1,AB,1,Excellent
Computer Engineering,5,Computer Networks,After Mid-1,92.8,8.09,22.8,0,7.5,,AB,1,Excellent
Mechanical Engineering,2,Mathematics-2,After Mid-2,82.0,8.17,25.1,0,7.7,15.7,AB,1,Excellent
Electronics & Communication,5,Digital Communication,After Mid-1,92.0,6.96,11.6,0,6.5,,BC,1,Good
Electrical Engineering,2,Basic Electronics,After Mid-1,74.4,5.34,17.9,0,4.6,,CC,1,Average
Electrical Engineering,2,Basic Electronics,After Mid-2,99.2,9.2,29.8,0,10.0,20.0,AA,1,Excellent
Computer Engineering,6,Theory of Computation,After Mid-1,74.3,7.41,24.7,0,7.5,,BB,1,Very Good
Civil Engineering,4,Structural Analysis-1,After Mid-2,73.2,4.56,13.5,2,3.8,5.8,FF,0,At Risk
Computer Engineering,4,Discrete Mathematics,After Mid-1,67.2,6.2,18.4,3,5.6,,CD,1,Average
Mechanical Engineering,4,Mechanical Measurement & Metrology,After Mid-1,75.7,5.0,14.4,2,3.1,,FF,0,At Risk
Civil Engineering,7,Design of Reinforced Concrete Structures,After Mid-1,76.6,6.37,25.5,1,5.2,,CC,1,Average
Mechanical Engineering,6,Design of Machine Elements,After Mid-1,80.5,6.62,28.5,1,6.3,,BC,1,Good
Civil Engineering,8,Project-2,Before Mid-1,81.8,7.6,18.6,2,,,BC,1,Good
Electronics & Communication,3,Signals & Systems,Before Mid-1,75.2,6.53,19.4,0,,,BC,1,Good
Information Technology,7,Mobile Application Development,After Mid-1,84.0,7.15,22.9,0,5.9,,BB,1,Very Good
Electrical Engineering,1,Basic Electrical Engineering,Before Mid-1,88.2,7.21,26.7,0,,,BB,1,Very Good
Computer Engineering,2,English,After Mid-1,89.6,6.3,13.6,0,8.0,,BB,1,Very Good
Computer Engineering,5,Analysis & Design of Algorithms,Before Mid-1,70.5,4.92,16.5,2,,,FF,0,At Risk
Computer Engineering,8,Big Data Analytics,Before Mid-1,79.1,8.55,29.3,0,,,AA,1,Excellent
Mechanical Engineering,5,Heat Transfer,After Mid-1,83.0,7.48,21.4,0,7.0,,BB,1,Very Good
Mechanical Engineering,2,Mathematics-2,After Mid-1,80.6,8.69,27.4,0,7.0,,AB,1,Excellent
Information Technology,2,Programming for Problem Solving,After Mid-2,80.4,6.36,14.5,0,7.1,10.2,BC,1,Good
Computer Engineering,1,Environmental Sciences,After Mid-2,78.6,7.2,22.6,0,7.2,14.6,BB,1,Very Good
Information Technology,4,Database Management Systems,After Mid-2,82.4,7.84,29.7,0,7.6,16.0,AB,1,Excellent
Information Technology,5,Computer Networks,Before Mid-1,79.8,5.92,20.8,1,,,BC,1,Good
Mechanical Engineering,2,Programming for Problem Solving,After Mid-2,80.1,5.41,18.7,1,5.8,10.0,CC,1,Average
Information Technology,7,Data Mining & Business Intelligence,After Mid-1,92.0,7.44,22.6,0,7.0,,BB,1,Very Good
Computer Engineering,3,Data Structures,After Mid-2,81.4,8.25,23.6,0,5.8,11.9,BB,1,Very Good
Civil Engineering,1,Engineering Graphics & Design,After Mid-1,97.5,8.7,24.2,0,8.6,,AA,1,Excellent
Mechanical Engineering,7,Project-1,After Mid-1,75.3,5.06,12.7,0,5.4,,CC,1,Average
Computer Engineering,6,Data Analysis & Visualization,Before Mid-1,85.7,7.62,19.8,0,,,BB,1,Very Good
Civil Engineering,2,Environmental Sciences,After Mid-1,93.8,8.11,26.2,0,8.6,,AA,1,Excellent
Mechanical Engineering,1,Basic Mechanical Engineering,Before Mid-1,95.5,8.68,24.5,0,,,AA,1,Excellent
Electronics & Communication,4,Analog Communication,After Mid-1,75.3,7.17,26.2,0,6.7,,BB,1,Very Good
Mechanical Engineering,4,Manufacturing Processes-2,Before Mid-1,100.0,7.67,14.9,0,,,BB,1,Very Good
Computer Engineering,8,Big Data Analytics,After Mid-2,78.0,6.11,18.9,1,5.2,10.6,CC,1,Average
Information Technology,6,Mobile Computing,After Mid-1,79.5,7.48,26.0,0,8.3,,AB,1,Excellent
Computer Engineering,2,Programming for Problem Solving,Before Mid-1,83.6,7.0,23.4,2,,,BC,1,Good
Information Technology,4,Database Management Systems,Before Mid-1,84.0,7.4,19.8,0,,,AB,1,Excellent
Electronics & Communication,2,Mathematics-2,After Mid-2,73.2,5.28,16.1,1,4.4,8.7,CD,1,Average
Information Technology,3,IT Infrastructure & Management,Before Mid-1,77.2,5.79,15.4,0,,,BC,1,Good
Electronics & Communication,4,Analog Communication,After Mid-2,81.7,5.09,17.7,1,7.0,15.2,BC,1,Good
Civil Engineering,8,Project-2,After Mid-1,100.0,9.79,27.3,0,9.1,,AA,1,Excellent
Electronics & Communication,1,Basic Electronics,After Mid-2,100.0,9.07,30.5,0,8.3,16.4,AA,1,Excellent
Civil Engineering,2,Programming for Problem Solving,Before Mid-1,78.0,7.78,25.8,3,,,CC,1,Average
Electronics & Communication,8,Wireless Communication,After Mid-1,89.1,7.58,28.8,0,6.5,,BB,1,Very Good
Electrical Engineering,2,Basic Electronics,After Mid-2,80.6,7.09,21.0,2,6.3,12.4,BC,1,Good
Mechanical Engineering,5,Internal Combustion Engines,Before Mid-1,67.4,6.38,17.0,0,,,BC,1,Good
Electrical Engineering,8,Renewable Energy Sources,After Mid-1,77.1,7.99,24.9,0,6.5,,AB,1,Excellent
Mechanical Engineering,1,Physics,After Mid-1,78.7,8.0,24.8,0,7.3,,AB,1,Excellent
Computer Engineering,8,Internet of Things,Before Mid-1,87.8,7.55,27.5,1,,,BB,1,Very Good
Mechanical Engineering,4,Fluid Mechanics & Hydraulic Machines,After Mid-2,97.1,7.81,22.5,0,7.4,15.2,AB,1,Excellent
Information Technology,1,Basic Electrical Engineering,After Mid-1,87.2,6.35,18.6,1,6.5,,BC,1,Good
Electronics & Communication,5,Integrated Circuits & Applications,After Mid-1,75.1,4.45,18.8,2,4.5,,DD,1,At Risk
Electronics & Communication,8,Radar & Navigational Aids,After Mid-1,80.7,6.88,20.3,0,7.8,,BB,1,Very Good
Information Technology,2,Basic Electronics,After Mid-1,87.1,6.73,26.0,0,7.8,,BB,1,Very Good
Information Technology,1,Engineering Graphics & Design,After Mid-2,67.1,4.74,14.9,2,5.0,9.1,DD,1,At Risk
Electronics & Communication,8,Radar & Navigational Aids,After Mid-2,84.2,8.93,28.5,0,7.9,16.2,AA,1,Excellent
Civil Engineering,4,Advanced Surveying,After Mid-1,87.6,6.67,20.0,0,6.0,,BB,1,Very Good
Civil Engineering,1,Physics,After Mid-1,93.6,9.22,28.7,1,6.7,,BB,1,Very Good
Information Technology,2,Basic Electronics,After Mid-1,80.7,7.25,28.4,0,5.9,,BB,1,Very Good
Electronics & Communication,1,Basic Electrical Engineering,Before Mid-1,90.1,6.24,20.3,1,,,BC,1,Good
Information Technology,2,Basic Electronics,After Mid-1,100.0,9.97,25.3,0,9.6,,AA,1,Excellent
Electronics & Communication,8,Wireless Communication,After Mid-2,86.2,5.13,14.9,4,2.2,0.0,FF,0,At Risk
Computer Engineering,6,Web Technology,After Mid-2,100.0,8.71,25.4,0,7.7,18.0,AA,1,Excellent
Electronics & Communication,1,Physics,Before Mid-1,81.6,6.06,14.5,0,,,BC,1,Good
Electrical Engineering,1,Basic Electrical Engineering,After Mid-2,72.3,7.63,22.2,0,7.4,16.1,AB,1,Excellent
Civil Engineering,3,Fluid Mechanics,After Mid-2,81.4,6.47,15.3,0,6.1,10.0,BC,1,Good
Civil Engineering,3,Mechanics of Solids,After Mid-2,100.0,9.13,24.0,2,7.1,12.6,BB,1,Very Good
Computer Engineering,7,Cloud Computing,After Mid-2,85.7,7.55,23.2,1,8.0,17.2,BB,1,Very Good
Electrical Engineering,7,Project-1,After Mid-2,81.8,7.66,26.0,0,7.3,14.3,AB,1,Excellent
Mechanical Engineering,6,Operations Research,Before Mid-1,87.0,5.9,17.0,2,,,CC,1,Average
Electronics & Communication,3,Signals & Systems,After Mid-1,76.1,6.94,25.3,2,5.6,,BC,1,Good
Civil Engineering,6,Environmental Engineering,Before Mid-1,96.3,8.41,29.7,0,,,AA,1,Excellent
Computer Engineering,1,Engineering Graphics & Design,Before Mid-1,75.7,7.57,25.1,0,,,BB,1,Very Good
Computer Engineering,5,Analysis & Design of Algorithms,After Mid-1,76.8,7.74,27.6,0,7.7,,AB,1,Excellent
Mechanical Engineering,5,Heat Transfer,After Mid-2,67.1,5.39,20.5,1,3.4,7.4,CD,1,Average
Mechanical Engineering,5,Machine Design-1,After Mid-1,81.8,6.01,18.0,0,4.7,,CC,1,Average
Computer Engineering,2,Workshop/Manufacturing Practices,After Mid-1,80.2,5.96,20.2,3,5.3,,CC,1,Average
Electronics & Communication,5,Digital Communication,Before Mid-1,77.4,6.8,21.1,0,,,BB,1,Very Good
Mechanical Engineering,6,Computer Aided Design (CAD),Before Mid-1,78.5,5.89,18.9,2,,,CD,1,Average
Electrical Engineering,1,Basic Electrical Engineering,After Mid-1,85.3,5.13,13.6,1,3.9,,CD,1,Average
Civil Engineering,5,Structural Analysis-2,After Mid-1,77.0,5.98,20.4,3,3.6,,FF,0,At Risk
Information Technology,2,Basic Electronics,After Mid-2,88.3,7.95,23.9,0,7.7,17.5,AB,1,Excellent
Information Technology,7,Project-1,After Mid-2,82.3,8.35,22.1,0,7.9,14.8,AB,1,Excellent
Information Technology,2,Physics,After Mid-1,89.2,8.7,25.8,0,7.1,,AB,1,Excellent
Electronics & Communication,7,Microwave Engineering,Before Mid-1,66.7,6.06,21.4,0,,,CC,1,Average
Electrical Engineering,4,Electromagnetic Field Theory,After Mid-1,93.1,7.56,22.5,0,6.2,,BC,1,Good
Electrical Engineering,5,Electrical Power System-1,After Mid-2,86.2,5.89,16.9,0,5.4,10.8,BC,1,Good
Civil Engineering,4,Transportation Engineering,After Mid-2,86.7,5.66,16.0,6,2.7,0.0,FF,0,At Risk
Information Technology,2,English,After Mid-2,73.3,8.05,20.8,1,7.8,11.8,BB,1,Very Good
Mechanical Engineering,6,Computer Aided Design (CAD),Before Mid-1,78.1,7.01,24.5,0,,,BB,1,Very Good
Electrical Engineering,6,Electrical Switchgear & Protection,Before Mid-1,77.7,4.26,15.7,1,,,FF,0,At Risk
Information Technology,8,Project-2,After Mid-2,86.3,6.76,17.2,0,5.3,8.7,BC,1,Good
Information Technology,1,Environmental Sciences,Before Mid-1,81.4,4.93,14.4,1,,,CC,1,Average
Computer Engineering,2,Basic Electronics,After Mid-1,80.4,7.87,24.5,0,7.2,,AB,1,Excellent
Electronics & Communication,6,Digital Signal Processing,After Mid-1,81.4,5.5,16.2,1,5.3,,CC,1,Average
Electronics & Communication,6,VLSI Design,Before Mid-1,67.8,6.79,29.9,0,,,BB,1,Very Good
Information Technology,5,Python Programming,After Mid-2,83.9,5.84,16.3,2,5.9,7.6,CC,1,Average
Electronics & Communication,1,Basic Electronics,After Mid-2,73.6,5.17,13.5,3,1.8,3.5,FF,0,At Risk
Electronics & Communication,7,Microwave Engineering,After Mid-1,88.5,8.53,25.3,0,8.1,,AB,1,Excellent
Electrical Engineering,7,Smart Grid Technology,After Mid-1,83.4,7.55,19.3,0,6.4,,BB,1,Very Good
Civil Engineering,4,Structural Analysis-1,Before Mid-1,77.3,7.78,26.4,0,,,BB,1,Very Good
Mechanical Engineering,2,Programming for Problem Solving,After Mid-2,83.2,8.56,25.5,1,6.2,10.4,BB,1,Very Good
Civil Engineering,7,Highway & Traffic Engineering,Before Mid-1,78.3,6.28,18.4,0,,,BC,1,Good
Electronics & Communication,2,Programming for Problem Solving,Before Mid-1,86.0,6.96,16.2,0,,,BB,1,Very Good
Information Technology,7,Mobile Application Development,Before Mid-1,81.5,8.25,32.0,0,,,AB,1,Excellent
Electronics & Communication,7,Satellite Communication,After Mid-1,92.7,6.37,25.1,0,6.3,,BB,1,Very Good
Information Technology,7,Mobile Application Development,Before Mid-1,73.4,6.27,17.1,1,,,BC,1,Good
Electrical Engineering,3,Electrical Measurements & Instrumentation,Before Mid-1,81.5,8.36,24.0,0,,,AA,1,Excellent
Computer Engineering,4,Discrete Mathematics,After Mid-1,97.4,9.07,25.6,1,7.9,,AB,1,Excellent
Computer Engineering,5,Computer Networks,After Mid-1,85.3,5.17,19.2,0,6.0,,BC,1,Good
Civil Engineering,2,Environmental Sciences,After Mid-1,79.0,8.42,25.1,0,8.2,,AB,1,Excellent
Mechanical Engineering,1,Mathematics-1,After Mid-2,76.0,7.33,23.4,0,6.6,14.1,BB,1,Very Good
Electrical Engineering,8,Power Quality & Management,Before Mid-1,88.6,8.53,28.3,0,,,AB,1,Excellent
Computer Engineering,4,Object Oriented Programming - C++,Before Mid-1,91.4,6.38,31.3,2,,,BC,1,Good
Civil Engineering,3,Surveying,Before Mid-1,89.8,6.92,20.9,0,,,BC,1,Good
Electronics & Communication,1,Mathematics-1,After Mid-2,82.9,7.09,28.2,0,6.2,14.6,BB,1,Very Good
Civil Engineering,2,Mathematics-2,Before Mid-1,93.9,8.21,18.8,0,,,BB,1,Very Good
Civil Engineering,1,Engineering Graphics & Design,Before Mid-1,65.6,5.65,20.7,4,,,FF,0,At Risk
Computer Engineering,7,Cloud Computing,Before Mid-1,68.3,6.57,15.9,0,,,BB,1,Very Good
Computer Engineering,4,Discrete Mathematics,After Mid-2,89.2,6.64,29.0,0,5.5,12.7,BB,1,Very Good
Computer Engineering,5,Analysis & Design of Algorithms,After Mid-2,85.9,7.26,20.8,0,7.4,15.5,BB,1,Very Good
Computer Engineering,1,Basic Electrical Engineering,After Mid-1,89.7,7.0,19.8,1,8.3,,AB,1,Excellent
Information Technology,4,Database Management Systems,After Mid-2,94.7,8.53,18.8,0,9.1,15.2,AB,1,Excellent
Civil Engineering,3,Mechanics of Solids,Before Mid-1,100.0,8.74,21.1,0,,,AA,1,Excellent
Civil Engineering,3,Surveying,After Mid-2,71.4,6.21,16.8,0,4.5,7.8,CC,1,Average
Computer Engineering,8,Project-2,Before Mid-1,78.4,7.23,29.6,0,,,AB,1,Excellent
Information Technology,4,Computer Networks,After Mid-1,86.1,7.39,18.3,0,7.3,,BB,1,Very Good
Civil Engineering,6,Environmental Engineering,After Mid-1,79.7,5.65,14.3,1,4.6,,CC,1,Average
Computer Engineering,2,Basic Electronics,Before Mid-1,82.3,8.77,26.1,0,,,AA,1,Excellent
Information Technology,3,Digital Electronics,Before Mid-1,83.1,8.35,27.4,0,,,AB,1,Excellent
Electrical Engineering,2,Programming for Problem Solving,After Mid-2,93.8,7.71,25.9,0,7.1,14.6,AB,1,Excellent
Electrical Engineering,2,Mathematics-2,Before Mid-1,90.0,6.22,18.7,0,,,BC,1,Good
Electrical Engineering,3,Electrical Circuit Analysis,After Mid-2,79.0,6.75,23.0,0,6.9,13.9,BB,1,Very Good
Civil Engineering,4,Structural Analysis-1,After Mid-2,84.9,8.43,22.1,0,8.5,15.2,AB,1,Excellent
Computer Engineering,4,Object Oriented Programming - C++,After Mid-2,100.0,9.3,19.6,0,9.1,18.9,AA,1,Excellent
Mechanical Engineering,8,Automobile Engineering,After Mid-1,100.0,9.47,31.1,0,10.0,,AA,1,Excellent
Civil Engineering,5,Soil Mechanics & Geotechnical Engg,Before Mid-1,85.0,7.56,22.9,0,,,BB,1,Very Good
Electrical Engineering,2,Mathematics-2,Before Mid-1,100.0,10.0,32.2,0,,,AA,1,Excellent
Civil Engineering,4,Structural Analysis-1,Before Mid-1,85.9,7.14,25.6,0,,,BB,1,Very Good
Information Technology,4,Database Management Systems,After Mid-1,88.6,6.46,26.3,0,7.8,,AB,1,Excellent
Information Technology,6,Mobile Computing,After Mid-2,68.4,6.44,16.6,1,6.4,11.1,BC,1,Good
Electrical Engineering,8,Renewable Energy Sources,After Mid-2,74.6,5.09,22.1,2,4.4,7.9,CD,1,Average
Electronics & Communication,8,Project-2,After Mid-1,94.1,7.56,23.9,1,7.2,,BB,1,Very Good
Computer Engineering,3,Digital Fundamentals,Before Mid-1,80.3,4.0,13.1,2,,,FF,0,At Risk
Electronics & Communication,4,Microprocessor & Interfacing,Before Mid-1,100.0,8.64,21.7,2,,,BB,1,Very Good
Mechanical Engineering,4,Manufacturing Processes-2,Before Mid-1,79.7,7.15,18.4,0,,,BB,1,Very Good
Civil Engineering,6,Foundation Engineering,After Mid-1,78.8,7.14,18.5,3,5.8,,CC,1,Average
Computer Engineering,1,Physics,After Mid-2,84.5,7.6,22.4,2,7.0,13.4,BC,1,Good
Computer Engineering,1,Basic Electrical Engineering,After Mid-2,72.3,6.75,20.6,0,7.1,11.1,BB,1,Very Good
Civil Engineering,8,Project-2,Before Mid-1,84.3,7.58,30.9,0,,,AB,1,Excellent
Computer Engineering,3,Probability & Statistics,After Mid-1,99.7,7.45,21.7,0,6.9,,BB,1,Very Good
Computer Engineering,4,Operating System,After Mid-2,77.4,8.36,23.9,0,8.7,17.2,AB,1,Excellent
Civil Engineering,3,Building Construction & Materials,After Mid-2,71.7,6.71,21.4,0,6.6,14.7,BB,1,Very Good
Information Technology,7,Project-1,After Mid-1,87.2,6.33,23.3,0,6.5,,BB,1,Very Good
Electronics & Communication,7,Project-1,After Mid-2,92.8,6.6,20.0,0,7.4,15.8,BB,1,Very Good
Civil Engineering,6,Foundation Engineering,Before Mid-1,83.9,8.34,22.7,0,,,AB,1,Excellent
Electrical Engineering,1,Physics,After Mid-2,82.8,5.99,23.0,1,5.5,8.7,CC,1,Average
Civil Engineering,4,Transportation Engineering,After Mid-2,89.1,8.35,21.6,0,6.9,17.4,AB,1,Excellent
Civil Engineering,2,Environmental Sciences,After Mid-1,96.7,8.14,29.9,0,9.1,,AA,1,Excellent
Information Technology,1,Engineering Graphics & Design,After Mid-1,85.9,8.71,27.7,0,9.4,,AA,1,Excellent
Electrical Engineering,6,Testing & Maintenance of Electrical Equipment,After Mid-1,78.9,5.29,14.9,1,4.1,,CD,1,Average
Computer Engineering,5,Cyber Security,After Mid-2,86.1,6.58,17.0,1,5.9,12.4,BB,1,Very Good
Electronics & Communication,5,Microcontroller & Applications,After Mid-1,62.3,6.9,23.1,0,6.8,,BB,1,Very Good
Electronics & Communication,2,Programming for Problem Solving,Before Mid-1,83.0,6.18,21.4,1,,,BC,1,Good
Computer Engineering,4,Operating System,After Mid-1,82.8,6.39,17.3,0,5.2,,BC,1,Good
Computer Engineering,6,Theory of Computation,After Mid-2,91.3,8.29,26.6,1,7.3,13.0,BB,1,Very Good
Computer Engineering,5,Cyber Security,Before Mid-1,85.5,7.53,25.4,0,,,AB,1,Excellent
Civil Engineering,7,Project-1,After Mid-1,81.5,8.68,28.3,0,9.1,,AA,1,Excellent
Electronics & Communication,1,Mathematics-1,After Mid-2,78.6,6.05,18.3,2,3.3,6.3,CD,1,Average
Electronics & Communication,1,Basic Electronics,After Mid-2,90.8,7.4,25.9,0,7.2,14.1,BB,1,Very Good
Electronics & Communication,1,Basic Electronics,After Mid-2,70.8,6.0,16.8,0,4.0,7.8,CC,1,Average
Computer Engineering,1,Environmental Sciences,Before Mid-1,92.2,8.46,18.9,0,,,AB,1,Excellent
Mechanical Engineering,7,Power Plant Engineering,After Mid-1,76.7,4.98,15.8,2,5.3,,CD,1,Average
Electronics & Communication,8,Project-2,Before Mid-1,86.7,9.25,21.8,0,,,AB,1,Excellent
Computer Engineering,5,Analysis & Design of Algorithms,After Mid-2,85.9,10.0,27.9,0,8.0,16.6,AA,1,Excellent
Information Technology,2,English,After Mid-2,80.9,8.14,26.4,0,7.7,17.0,AB,1,Excellent
Mechanical Engineering,5,Machine Design-1,After Mid-2,76.5,5.37,19.7,0,5.8,10.1,CC,1,Average
Electronics & Communication,4,Microprocessor & Interfacing,After Mid-1,82.8,9.65,26.7,0,8.8,,AA,1,Excellent
Electrical Engineering,7,Project-1,After Mid-2,77.9,7.04,18.3,1,6.5,13.1,BC,1,Good
Electrical Engineering,7,Electric Drives,After Mid-1,78.3,8.87,27.6,0,8.9,,AB,1,Excellent
Electronics & Communication,1,Basic Electrical Engineering,After Mid-1,76.7,6.69,21.8,0,8.1,,BB,1,Very Good
Information Technology,4,Object Oriented Programming - Java,After Mid-2,80.3,8.0,26.7,0,7.2,10.9,AB,1,Excellent
Electrical Engineering,3,Electrical Circuit Analysis,After Mid-2,67.1,5.39,18.1,3,2.8,6.7,FF,0,At Risk
Electrical Engineering,1,Physics,After Mid-1,84.9,5.97,19.5,0,5.7,,BC,1,Good
Information Technology,7,Project-1,After Mid-1,77.4,5.21,21.0,2,3.5,,CD,1,Average
Electronics & Communication,8,Optical Communication,Before Mid-1,83.6,7.71,25.4,0,,,AB,1,Excellent
Civil Engineering,4,Transportation Engineering,After Mid-2,80.0,6.65,18.1,2,5.4,8.4,CC,1,Average
Electronics & Communication,4,Control Systems,Before Mid-1,86.9,9.33,34.5,0,,,AA,1,Excellent
Civil Engineering,5,Structural Analysis-2,After Mid-1,78.1,7.21,23.5,1,6.2,,BC,1,Good
Civil Engineering,8,Construction Project Management,After Mid-2,80.2,7.18,20.2,0,6.1,15.4,BB,1,Very Good
Electrical Engineering,1,Environmental Sciences,After Mid-1,73.4,5.7,14.8,0,6.8,,BB,1,Very Good
Electronics & Communication,1,Basic Electrical Engineering,After Mid-1,81.7,6.08,22.5,0,8.5,,BB,1,Very Good
Civil Engineering,1,Engineering Graphics & Design,Before Mid-1,92.3,7.19,22.5,0,,,BB,1,Very Good
Information Technology,1,Environmental Sciences,After Mid-2,67.4,5.01,12.8,2,4.6,6.6,CD,1,Average
Electronics & Communication,7,Embedded Systems,After Mid-1,78.6,5.16,13.3,2,3.6,,FF,0,At Risk
Mechanical Engineering,6,Design of Machine Elements,After Mid-1,86.1,7.59,21.7,0,6.9,,BB,1,Very Good
Information Technology,2,Physics,After Mid-1,75.4,6.35,26.4,0,6.0,,BC,1,Good
Electronics & Communication,7,Project-1,Before Mid-1,69.1,7.07,22.3,0,,,BB,1,Very Good
Computer Engineering,1,Engineering Graphics & Design,After Mid-1,65.8,5.01,22.2,0,3.4,,CC,1,Average
Mechanical Engineering,1,Mathematics-1,After Mid-1,71.9,5.28,15.6,0,6.2,,BC,1,Good
Civil Engineering,8,Construction Project Management,After Mid-2,92.9,6.69,20.1,0,8.0,17.9,AB,1,Excellent
Computer Engineering,6,Web Technology,After Mid-1,75.8,6.51,20.9,1,6.5,,BC,1,Good
Electronics & Communication,6,Digital Signal Processing,After Mid-2,79.8,7.42,20.7,0,6.4,11.7,BB,1,Very Good
Civil Engineering,4,Structural Analysis-1,After Mid-1,74.0,6.24,20.7,3,4.0,,DD,1,At Risk
Electronics & Communication,4,Control Systems,After Mid-1,80.9,6.98,17.0,0,7.4,,BB,1,Very Good
Civil Engineering,8,Construction Project Management,After Mid-1,69.9,6.03,24.3,1,6.7,,BC,1,Good
Electrical Engineering,1,Basic Electrical Engineering,After Mid-2,78.3,7.53,25.4,0,6.8,13.6,BB,1,Very Good
Electronics & Communication,4,Microprocessor & Interfacing,After Mid-2,92.9,7.85,23.1,2,7.0,12.7,BC,1,Good
Civil Engineering,2,Mathematics-2,After Mid-2,93.2,6.42,24.5,0,6.0,12.6,BC,1,Good
Civil Engineering,7,Irrigation Engineering,Before Mid-1,78.4,7.54,21.8,0,,,AB,1,Excellent
Civil Engineering,4,Advanced Surveying,After Mid-1,86.6,9.35,32.4,0,9.2,,AA,1,Excellent
Electrical Engineering,8,Project-2,Before Mid-1,83.7,6.27,18.8,0,,,BB,1,Very Good
Mechanical Engineering,4,Mechanical Measurement & Metrology,After Mid-2,92.8,6.56,24.0,0,7.2,13.2,BB,1,Very Good
Information Technology,8,Internet of Things,Before Mid-1,70.5,4.47,15.3,1,,,CD,1,Average
Electronics & Communication,6,Digital Signal Processing,After Mid-1,91.9,8.29,26.7,0,7.2,,AB,1,Excellent
Mechanical Engineering,6,Production Technology,After Mid-1,92.3,7.46,22.6,0,7.6,,BB,1,Very Good
Electrical Engineering,2,Basic Electronics,After Mid-1,75.6,5.45,22.4,1,5.0,,CC,1,Average
Information Technology,4,Database Management Systems,After Mid-1,81.6,8.6,23.8,0,6.5,,BB,1,Very Good
Electrical Engineering,1,Environmental Sciences,Before Mid-1,84.9,8.58,19.0,0,,,AA,1,Excellent
Computer Engineering,1,Mathematics-1,After Mid-2,80.2,7.76,23.4,0,6.8,13.1,BB,1,Very Good
Information Technology,6,Data Warehousing & Mining,Before Mid-1,82.1,8.01,22.0,0,,,BB,1,Very Good
Civil Engineering,4,Transportation Engineering,After Mid-1,92.3,7.36,20.9,0,5.9,,BB,1,Very Good
Electrical Engineering,3,Electrical Circuit Analysis,After Mid-1,92.5,6.52,24.9,0,5.7,,BB,1,Very Good
Electrical Engineering,4,Electrical Machines-1,After Mid-1,90.4,7.81,23.4,1,5.8,,BB,1,Very Good
Computer Engineering,4,Computer Organization & Architecture,Before Mid-1,74.7,5.15,15.9,1,,,CC,1,Average
Mechanical Engineering,8,Project-2,Before Mid-1,89.1,7.85,22.5,0,,,AB,1,Excellent
Mechanical Engineering,5,Machine Design-1,After Mid-1,87.4,7.99,24.9,2,6.3,,BC,1,Good
Computer Engineering,5,Cyber Security,Before Mid-1,84.3,6.34,15.4,0,,,BB,1,Very Good
Electronics & Communication,8,Radar & Navigational Aids,After Mid-2,81.5,7.5,23.0,0,7.8,16.0,AB,1,Excellent
Computer Engineering,1,Basic Electrical Engineering,Before Mid-1,77.3,5.07,14.5,1,,,CD,1,Average
Mechanical Engineering,2,Mathematics-2,Before Mid-1,85.1,7.23,22.4,0,,,BB,1,Very Good
Computer Engineering,4,Discrete Mathematics,After Mid-2,73.1,5.37,21.7,0,5.1,10.4,CC,1,Average
Electrical Engineering,4,Digital Electronics,After Mid-2,87.5,7.87,23.4,0,10.0,20.0,AA,1,Excellent
Electrical Engineering,7,Smart Grid Technology,Before Mid-1,94.3,8.6,27.3,1,,,AB,1,Excellent
Computer Engineering,7,Project-1,After Mid-2,79.0,6.25,28.6,1,4.5,10.7,BC,1,Good
Mechanical Engineering,7,Computer Aided Manufacturing (CAM),Before Mid-1,92.6,8.96,29.9,0,,,AA,1,Excellent
Information Technology,7,Project-1,After Mid-1,100.0,7.03,21.1,0,6.6,,BB,1,Very Good
Electronics & Communication,7,Embedded Systems,After Mid-1,74.9,5.85,17.9,3,5.0,,CD,1,Average
Civil Engineering,7,Irrigation Engineering,After Mid-1,85.2,6.11,17.9,0,6.4,,BC,1,Good
Information Technology,1,Mathematics-1,After Mid-1,87.7,7.68,14.1,0,8.3,,BB,1,Very Good
Information Technology,5,Formal Languages & Automata Theory,Before Mid-1,95.2,7.78,14.7,0,,,AB,1,Excellent
Information Technology,1,Environmental Sciences,Before Mid-1,92.6,6.42,17.5,0,,,BB,1,Very Good
Electronics & Communication,7,Microwave Engineering,After Mid-2,89.2,8.21,20.9,0,9.1,20.0,AB,1,Excellent
Computer Engineering,4,Computer Organization & Architecture,Before Mid-1,83.6,8.75,21.9,0,,,AB,1,Excellent
Mechanical Engineering,7,Computer Aided Manufacturing (CAM),After Mid-2,82.2,5.39,24.3,1,7.0,15.3,BC,1,Good
Information Technology,8,Project-2,Before Mid-1,77.5,5.21,13.3,0,,,BC,1,Good
Mechanical Engineering,7,Project-1,After Mid-2,95.2,8.18,30.0,1,9.0,19.0,AA,1,Excellent
Electrical Engineering,1,Physics,After Mid-1,100.0,6.67,19.1,0,5.2,,BC,1,Good
Information Technology,2,Basic Electronics,Before Mid-1,81.2,6.69,17.8,0,,,BB,1,Very Good
Electrical Engineering,5,Electrical Power System-1,After Mid-1,85.5,7.74,24.4,0,7.1,,BB,1,Very Good
Electrical Engineering,7,Project-1,After Mid-1,75.6,5.07,16.3,1,5.8,,CC,1,Average
Mechanical Engineering,8,Industrial Engineering,After Mid-1,94.1,8.94,27.0,0,10.0,,AA,1,Excellent
Computer Engineering,8,Big Data Analytics,After Mid-1,93.7,6.67,24.3,1,6.9,,BB,1,Very Good
Information Technology,2,Mathematics-2,After Mid-2,83.5,7.36,24.7,1,5.5,9.5,BC,1,Good
Computer Engineering,8,Internet of Things,Before Mid-1,75.9,5.71,15.7,1,,,CC,1,Average
Mechanical Engineering,2,Programming for Problem Solving,After Mid-1,81.7,7.17,20.7,0,7.9,,BB,1,Very Good
Electronics & Communication,1,Basic Electrical Engineering,After Mid-1,97.9,10.0,34.0,0,9.3,,AA,1,Excellent
Information Technology,3,Digital Electronics,After Mid-1,91.3,8.9,25.4,0,7.9,,AB,1,Excellent
Civil Engineering,7,Irrigation Engineering,After Mid-2,100.0,8.44,28.4,0,9.8,17.9,AA,1,Excellent
Computer Engineering,2,Mathematics-2,Before Mid-1,72.0,6.53,26.2,0,,,BC,1,Good
Information Technology,2,Programming for Problem Solving,After Mid-2,69.8,6.38,18.9,1,6.5,10.5,BC,1,Good
Information Technology,3,Digital Electronics,After Mid-2,87.9,6.9,23.3,0,7.3,14.7,BB,1,Very Good
Civil Engineering,7,Highway & Traffic Engineering,After Mid-1,81.4,5.0,12.6,1,5.6,,CC,1,Average
Mechanical Engineering,3,Material Science & Metallurgy,After Mid-2,81.2,6.75,18.2,0,5.6,11.8,BC,1,Good
Computer Engineering,4,Object Oriented Programming - C++,After Mid-2,82.9,6.8,23.9,1,6.5,12.8,BB,1,Very Good
Information Technology,4,Object Oriented Programming - Java,Before Mid-1,83.1,7.14,27.7,0,,,BB,1,Very Good
Mechanical Engineering,5,Machine Design-1,After Mid-2,89.5,10.0,24.9,0,9.1,17.3,AA,1,Excellent
Mechanical Engineering,3,Material Science & Metallurgy,After Mid-2,81.3,8.05,17.0,0,6.5,11.3,BB,1,Very Good
Civil Engineering,1,Mathematics-1,Before Mid-1,80.5,6.98,25.1,1,,,BC,1,Good
Mechanical Engineering,3,Engineering Thermodynamics,Before Mid-1,73.3,5.88,21.4,1,,,CC,1,Average
Electrical Engineering,2,Engineering Graphics & Design,After Mid-1,83.9,8.97,23.9,0,8.0,,AB,1,Excellent
Civil Engineering,4,Structural Analysis-1,Before Mid-1,71.8,5.89,23.7,2,,,DD,1,At Risk
Mechanical Engineering,6,Operations Research,After Mid-1,89.7,9.1,28.8,0,7.6,,AA,1,Excellent
Civil Engineering,4,Advanced Surveying,Before Mid-1,76.6,5.65,25.6,0,,,BC,1,Good
Electronics & Communication,2,Programming for Problem Solving,After Mid-2,81.2,8.25,21.6,0,8.3,14.2,AB,1,Excellent
Electronics & Communication,5,Digital Communication,Before Mid-1,83.7,7.6,22.0,0,,,BB,1,Very Good
Civil Engineering,7,Project-1,After Mid-2,90.0,7.02,20.9,0,6.6,13.8,BB,1,Very Good
Electrical Engineering,7,Electric Drives,After Mid-2,73.2,4.94,18.2,1,3.6,3.6,DD,1,At Risk
Computer Engineering,3,Effective Technical Communication,After Mid-1,70.0,6.4,16.2,1,4.1,,CC,1,Average
Computer Engineering,6,Web Technology,Before Mid-1,75.6,8.25,23.5,0,,,AB,1,Excellent
Information Technology,4,Database Management Systems,Before Mid-1,73.8,6.85,16.9,0,,,BB,1,Very Good
Computer Engineering,3,Probability & Statistics,After Mid-1,82.4,6.91,20.4,0,7.0,,BB,1,Very Good
Computer Engineering,1,Environmental Sciences,After Mid-2,95.6,7.96,20.0,0,10.0,19.2,AA,1,Excellent
Computer Engineering,5,Cyber Security,After Mid-2,69.6,6.24,20.8,0,6.4,12.2,BC,1,Good
Electrical Engineering,5,Microprocessor & Microcontroller,After Mid-2,75.8,5.0,16.1,0,4.5,9.7,CC,1,Average
Electronics & Communication,4,Analog Communication,After Mid-2,91.8,7.84,20.5,0,6.5,13.7,BB,1,Very Good
Mechanical Engineering,1,Engineering Graphics & Design,Before Mid-1,82.3,7.52,21.5,1,,,BB,1,Very Good
Civil Engineering,8,Earthquake Engineering,Before Mid-1,83.3,9.07,30.5,0,,,AB,1,Excellent
Civil Engineering,3,Building Construction & Materials,Before Mid-1,61.1,4.54,16.2,0,,,CD,1,Average
Computer Engineering,2,Programming for Problem Solving,After Mid-2,87.1,5.88,18.5,2,5.7,10.0,CC,1,Average
Computer Engineering,2,Workshop/Manufacturing Practices,After Mid-2,81.8,6.76,21.9,2,5.1,10.2,BC,1,Good
Electronics & Communication,7,Microwave Engineering,After Mid-2,75.7,5.65,14.6,5,3.9,3.6,FF,0,At Risk
Electronics & Communication,4,Control Systems,After Mid-2,88.4,8.62,32.9,0,7.5,15.8,AA,1,Excellent
Information Technology,6,Cyber Security & Laws,Before Mid-1,72.3,4.31,18.0,3,,,DD,1,At Risk
Information Technology,6,Web Technology,Before Mid-1,76.3,5.47,16.1,1,,,CC,1,Average
Electronics & Communication,7,Project-1,Before Mid-1,76.2,7.87,27.5,0,,,AB,1,Excellent
Electronics & Communication,5,Digital Communication,Before Mid-1,91.1,6.77,23.7,0,,,BC,1,Good
Computer Engineering,6,Data Analysis & Visualization,After Mid-2,74.0,6.42,25.6,0,6.2,14.5,BB,1,Very Good
Electrical Engineering,5,Electrical Power System-1,After Mid-1,99.7,9.61,28.7,0,10.0,,AA,1,Excellent
Information Technology,3,Digital Electronics,Before Mid-1,90.9,8.79,17.6,0,,,AB,1,Excellent
Computer Engineering,1,Basic Electrical Engineering,After Mid-1,86.1,8.23,24.7,0,8.4,,AB,1,Excellent
Mechanical Engineering,3,Manufacturing Processes-1,After Mid-2,78.1,6.21,21.0,2,6.8,13.2,BC,1,Good
Computer Engineering,7,Compiler Design,Before Mid-1,84.6,6.69,26.1,0,,,CC,1,Average
Mechanical Engineering,2,Environmental Sciences,Before Mid-1,87.3,7.31,22.6,0,,,AB,1,Excellent
Electrical Engineering,7,Electric Drives,Before Mid-1,58.2,4.47,14.3,2,,,FF,0,At Risk
Civil Engineering,7,Design of Reinforced Concrete Structures,Before Mid-1,84.7,5.99,24.9,2,,,DD,1,At Risk
Electrical Engineering,3,Analog Electronics,After Mid-1,90.0,8.53,24.2,0,6.9,,AB,1,Excellent
Electrical Engineering,8,Power Quality & Management,Before Mid-1,91.1,7.22,24.4,0,,,AB,1,Excellent
Computer Engineering,2,Programming for Problem Solving,After Mid-2,78.8,7.82,21.0,0,6.5,13.2,BB,1,Very Good
Computer Engineering,3,Probability & Statistics,After Mid-2,71.6,6.99,21.5,0,8.1,16.0,AB,1,Excellent
Computer Engineering,1,Basic Electrical Engineering,After Mid-1,90.9,7.85,30.9,0,7.3,,AB,1,Excellent
Civil Engineering,8,Construction Project Management,Before Mid-1,93.6,7.72,19.1,0,,,BB,1,Very Good
Computer Engineering,4,Operating System,After Mid-1,87.5,6.31,19.8,1,6.0,,BC,1,Good
Computer Engineering,7,Project-1,After Mid-2,69.5,5.9,23.7,2,4.0,7.9,CD,1,Average
Information Technology,5,Software Engineering,Before Mid-1,98.0,8.2,25.9,0,,,AB,1,Excellent
Mechanical Engineering,3,Kinematics of Machines,After Mid-1,97.4,9.51,31.2,0,8.6,,AA,1,Excellent
Civil Engineering,4,Concrete Technology,After Mid-1,84.4,6.38,21.1,2,6.0,,BC,1,Good
Mechanical Engineering,1,Engineering Graphics & Design,Before Mid-1,75.5,6.5,16.6,0,,,BC,1,Good
Mechanical Engineering,4,Fluid Mechanics & Hydraulic Machines,After Mid-2,86.0,5.73,16.2,0,5.0,8.2,CC,1,Average
Electronics & Communication,2,Programming for Problem Solving,Before Mid-1,87.2,5.02,13.7,0,,,CC,1,Average
Mechanical Engineering,7,Computer Aided Manufacturing (CAM),After Mid-1,82.2,7.44,20.6,1,5.3,,BC,1,Good
Electrical Engineering,7,Electric Drives,After Mid-1,93.8,6.13,27.1,0,4.5,,BC,1,Good
Computer Engineering,7,Information & Network Security,After Mid-1,82.0,8.51,21.8,0,9.0,,AB,1,Excellent
Electronics & Communication,1,Mathematics-1,After Mid-1,74.9,7.52,24.9,0,7.5,,AB,1,Excellent
Electronics & Communication,4,Control Systems,Before Mid-1,80.1,6.84,26.1,0,,,BC,1,Good
Electronics & Communication,6,VLSI Design,Before Mid-1,93.9,7.77,18.1,0,,,AB,1,Excellent
Computer Engineering,7,Information & Network Security,After Mid-1,72.3,6.01,16.9,0,4.6,,CC,1,Average
Civil Engineering,8,Earthquake Engineering,Before Mid-1,86.2,7.39,14.8,1,,,BC,1,Good
Information Technology,6,Data Warehousing & Mining,After Mid-1,92.0,8.44,25.3,0,9.9,,AA,1,Excellent
Information Technology,2,English,After Mid-2,84.5,8.1,26.7,0,8.1,17.5,AA,1,Excellent
Electrical Engineering,4,Digital Electronics,Before Mid-1,90.3,8.34,24.5,0,,,AB,1,Excellent
Information Technology,8,Big Data Analytics,After Mid-2,73.2,7.62,27.4,0,6.8,14.3,BB,1,Very Good
Civil Engineering,4,Concrete Technology,After Mid-2,77.8,8.52,25.8,0,8.3,18.6,AB,1,Excellent
Electronics & Communication,4,Microprocessor & Interfacing,Before Mid-1,79.6,5.89,20.2,1,,,CD,1,Average
Electrical Engineering,2,Programming for Problem Solving,Before Mid-1,91.2,7.46,20.9,0,,,AB,1,Excellent
Civil Engineering,2,Workshop Practices,After Mid-2,83.0,6.83,19.0,0,9.1,17.2,AB,1,Excellent
Computer Engineering,3,Data Structures,After Mid-1,88.0,8.12,22.4,0,8.5,,AB,1,Excellent
Electrical Engineering,2,Basic Electronics,After Mid-2,89.2,7.52,22.1,0,7.1,14.1,BB,1,Very Good
Mechanical Engineering,4,Manufacturing Processes-2,After Mid-2,91.4,9.17,29.8,0,9.8,19.6,AA,1,Excellent
Computer Engineering,3,Probability & Statistics,After Mid-2,87.7,7.22,23.2,0,7.4,11.9,BB,1,Very Good
Electronics & Communication,7,Microwave Engineering,After Mid-2,85.1,7.18,21.7,1,6.6,11.9,BC,1,Good
Electrical Engineering,5,Electrical Machines-2,After Mid-2,90.6,6.4,22.4,2,5.1,9.4,CC,1,Average
Computer Engineering,3,Data Structures,After Mid-2,74.7,5.9,17.6,0,7.2,12.8,BC,1,Good
Mechanical Engineering,2,Workshop Practices,After Mid-1,88.6,9.23,30.5,0,9.5,,AA,1,Excellent
Mechanical Engineering,3,Material Science & Metallurgy,Before Mid-1,80.5,7.95,21.7,0,,,AB,1,Excellent
Computer Engineering,4,Discrete Mathematics,Before Mid-1,83.6,7.42,23.4,0,,,AB,1,Excellent
Computer Engineering,5,Professional Ethics & Human Values,After Mid-2,74.0,5.79,20.2,4,4.5,8.7,DD,1,At Risk
Electrical Engineering,1,Physics,After Mid-1,65.3,7.43,23.2,0,6.5,,BC,1,Good
Electrical Engineering,6,Power Electronics-1,Before Mid-1,80.3,7.27,26.3,4,,,DD,1,At Risk
Computer Engineering,3,Database Management Systems,After Mid-2,97.6,7.61,25.4,1,6.5,13.4,BB,1,Very Good
Electronics & Communication,1,Basic Electrical Engineering,Before Mid-1,83.6,6.48,24.6,0,,,BC,1,Good
Electrical Engineering,1,Physics,After Mid-2,92.2,6.22,16.9,1,5.2,8.6,CC,1,Average
Electronics & Communication,6,VLSI Design,After Mid-1,91.5,7.55,24.0,0,9.2,,AB,1,Excellent
Computer Engineering,6,Data Analysis & Visualization,After Mid-2,64.1,5.78,21.8,0,5.6,12.3,BC,1,Good
Mechanical Engineering,5,Internal Combustion Engines,After Mid-1,74.7,6.32,22.4,2,5.1,,CC,1,Average
Information Technology,7,Information Retrieval,Before Mid-1,78.9,7.11,19.8,0,,,BC,1,Good
Electrical Engineering,5,Electrical Power System-1,After Mid-1,80.9,7.03,18.7,0,5.5,,BB,1,Very Good
Computer Engineering,6,Theory of Computation,Before Mid-1,84.9,6.37,13.4,0,,,CC,1,Average
Computer Engineering,1,Basic Electrical Engineering,After Mid-1,72.4,5.03,20.0,1,4.9,,CC,1,Average
Computer Engineering,4,Principles of Economics & Management,After Mid-1,79.1,9.43,27.1,0,8.7,,AA,1,Excellent
Mechanical Engineering,4,Applied Thermodynamics,Before Mid-1,94.1,7.29,20.8,1,,,BB,1,Very Good
Computer Engineering,2,Basic Electronics,Before Mid-1,83.1,7.86,19.3,0,,,AB,1,Excellent
Computer Engineering,3,Probability & Statistics,After Mid-2,77.1,8.67,23.6,0,9.5,17.4,AA,1,Excellent
Electronics & Communication,6,VLSI Design,After Mid-2,88.9,9.64,30.2,0,7.3,15.1,AB,1,Excellent
Civil Engineering,3,Fluid Mechanics,After Mid-1,76.5,7.15,22.9,0,5.4,,BB,1,Very Good
Mechanical Engineering,1,Physics,Before Mid-1,78.9,5.43,17.6,2,,,CD,1,Average
Electronics & Communication,6,VLSI Design,After Mid-1,89.7,6.99,19.8,0,5.7,,BB,1,Very Good
Computer Engineering,2,Workshop/Manufacturing Practices,After Mid-2,71.6,5.71,10.2,0,5.9,10.0,BC,1,Good
Civil Engineering,6,Design of Steel Structures,After Mid-2,83.8,7.3,19.7,0,7.4,15.5,BB,1,Very Good
Information Technology,2,Basic Electronics,After Mid-1,73.3,6.45,22.4,0,4.3,,BC,1,Good
Electronics & Communication,2,Engineering Graphics & Design,Before Mid-1,93.0,6.95,13.6,0,,,BB,1,Very Good
Civil Engineering,3,Surveying,After Mid-1,69.0,4.56,16.4,4,3.9,,FF,0,At Risk
Electronics & Communication,3,Digital Electronics,Before Mid-1,71.5,4.16,18.4,4,,,FF,0,At Risk
Electrical Engineering,6,Power Electronics-1,After Mid-1,80.1,6.74,16.8,0,6.5,,BC,1,Good
Civil Engineering,3,Building Construction & Materials,Before Mid-1,89.9,8.22,24.0,0,,,AA,1,Excellent
Mechanical Engineering,1,Basic Mechanical Engineering,After Mid-1,91.0,8.45,25.0,0,9.3,,AA,1,Excellent
Computer Engineering,8,Project-2,After Mid-1,69.7,5.96,16.7,0,5.7,,BC,1,Good
Information Technology,6,Cyber Security & Laws,After Mid-2,87.9,7.56,25.3,0,8.2,18.0,AA,1,Excellent
Computer Engineering,1,Environmental Sciences,After Mid-2,85.2,5.22,19.1,2,4.4,8.1,CC,1,Average
Electronics & Communication,6,VLSI Design,Before Mid-1,78.6,7.25,17.9,0,,,BB,1,Very Good
Mechanical Engineering,2,Mathematics-2,After Mid-2,94.7,8.23,22.2,0,7.4,13.0,AB,1,Excellent
Civil Engineering,4,Transportation Engineering,After Mid-1,74.4,5.41,15.8,2,3.4,,DD,1,At Risk
Electrical Engineering,6,Power Electronics-1,After Mid-2,70.7,6.7,13.6,0,5.4,9.5,BC,1,Good
Civil Engineering,1,Basic Civil Engineering,Before Mid-1,77.0,5.63,13.0,0,,,CC,1,Average
Civil Engineering,4,Structural Analysis-1,After Mid-1,75.1,5.53,20.9,1,3.7,,DD,1,At Risk
Civil Engineering,2,Programming for Problem Solving,After Mid-2,80.1,7.76,25.7,2,5.8,8.7,BC,1,Good
Civil Engineering,3,Surveying,Before Mid-1,94.3,7.08,25.5,0,,,AB,1,Excellent
Civil Engineering,7,Irrigation Engineering,After Mid-1,68.9,5.34,17.1,2,5.4,,CD,1,Average
Information Technology,8,Big Data Analytics,After Mid-1,89.7,7.46,19.0,0,5.4,,BC,1,Good
Electronics & Communication,4,Analog Communication,Before Mid-1,71.3,4.46,17.3,3,,,FF,0,At Risk
Electrical Engineering,1,Environmental Sciences,After Mid-2,81.5,5.42,13.7,0,6.7,14.4,BB,1,Very Good
Electronics & Communication,1,Physics,Before Mid-1,73.4,4.82,13.7,3,,,FF,0,At Risk
Civil Engineering,8,Earthquake Engineering,After Mid-2,69.7,4.0,13.3,2,3.3,5.2,FF,0,At Risk
Computer Engineering,6,Advanced Java Programming,After Mid-2,84.4,7.07,21.7,3,6.2,8.3,CC,1,Average
Information Technology,8,Project-2,Before Mid-1,66.8,6.29,20.0,0,,,BC,1,Good
Mechanical Engineering,3,Material Science & Metallurgy,After Mid-1,82.8,8.29,23.9,0,9.2,,AA,1,Excellent
Computer Engineering,4,Computer Organization & Architecture,After Mid-2,90.8,9.43,21.8,0,8.2,15.3,AB,1,Excellent
Information Technology,1,Mathematics-1,After Mid-2,84.4,7.4,19.8,0,6.8,14.1,BB,1,Very Good
Computer Engineering,7,Information & Network Security,After Mid-2,91.9,7.94,26.4,0,6.9,12.3,AB,1,Excellent
Electronics & Communication,8,Optical Communication,Before Mid-1,96.3,8.0,19.5,0,,,AB,1,Excellent
Computer Engineering,3,Probability & Statistics,After Mid-1,94.1,7.41,22.1,0,5.6,,BB,1,Very Good
Electrical Engineering,6,Testing & Maintenance of Electrical Equipment,After Mid-1,93.7,7.42,19.2,0,5.1,,BC,1,Good
Electronics & Communication,8,Wireless Communication,After Mid-1,74.3,6.18,18.4,3,5.7,,CD,1,Average
Electronics & Communication,2,Environmental Sciences,After Mid-1,85.2,6.67,19.1,0,6.6,,AB,1,Excellent
Civil Engineering,4,Advanced Surveying,Before Mid-1,89.1,7.85,22.8,0,,,AB,1,Excellent
Civil Engineering,5,Structural Analysis-2,After Mid-1,67.0,5.94,15.5,2,5.1,,CD,1,Average
Electronics & Communication,2,Mathematics-2,After Mid-1,89.4,8.86,21.0,0,9.0,,AB,1,Excellent
Computer Engineering,7,Compiler Design,Before Mid-1,83.9,8.27,23.0,0,,,BB,1,Very Good
Mechanical Engineering,4,Fluid Mechanics & Hydraulic Machines,After Mid-2,84.0,7.94,23.2,2,5.1,11.2,BC,1,Good
Computer Engineering,8,Internet of Things,After Mid-2,94.3,8.35,25.4,0,8.2,16.7,AA,1,Excellent
Civil Engineering,5,Hydrology & Water Resources Engg,After Mid-2,76.9,6.54,24.1,0,5.7,11.3,BB,1,Very Good
Mechanical Engineering,1,Basic Mechanical Engineering,After Mid-2,76.6,7.47,22.8,0,6.5,12.7,BB,1,Very Good
Mechanical Engineering,5,Heat Transfer,After Mid-2,82.8,6.5,22.4,0,4.7,8.4,BC,1,Good
Electrical Engineering,8,Project-2,After Mid-2,71.5,6.53,23.9,0,5.8,11.8,BC,1,Good
Information Technology,4,Operating System Concepts,After Mid-1,84.8,8.4,23.4,0,8.0,,AB,1,Excellent
Electrical Engineering,8,Renewable Energy Sources,After Mid-1,78.9,7.77,26.3,0,6.7,,AB,1,Excellent
Electronics & Communication,8,Radar & Navigational Aids,After Mid-1,84.5,8.3,20.4,0,7.4,,AB,1,Excellent
Civil Engineering,7,Irrigation Engineering,After Mid-1,76.7,6.43,20.2,0,7.0,,BB,1,Very Good
Electrical Engineering,1,Basic Electrical Engineering,After Mid-2,80.2,7.22,24.1,0,5.0,11.5,BB,1,Very Good
Civil Engineering,8,Project-2,Before Mid-1,93.4,8.13,20.2,0,,,AB,1,Excellent
Computer Engineering,2,Mathematics-2,After Mid-1,97.8,10.0,25.6,0,7.8,,AA,1,Excellent
Civil Engineering,1,Mathematics-1,After Mid-2,81.6,5.84,24.2,3,4.3,9.9,CD,1,Average
Information Technology,1,Mathematics-1,Before Mid-1,95.2,8.99,27.8,0,,,AA,1,Excellent
Civil Engineering,7,Irrigation Engineering,After Mid-1,94.3,8.15,32.4,0,8.6,,AA,1,Excellent
Electrical Engineering,6,Power Electronics-1,After Mid-1,79.1,6.06,18.7,1,5.5,,CC,1,Average
Electronics & Communication,8,Project-2,Before Mid-1,85.6,6.49,22.2,1,,,BC,1,Good
Civil Engineering,3,Surveying,After Mid-1,94.0,8.09,30.1,0,7.8,,AB,1,Excellent
Civil Engineering,4,Advanced Surveying,After Mid-1,77.0,7.22,24.6,0,6.9,,BB,1,Very Good
Civil Engineering,2,Environmental Sciences,Before Mid-1,67.6,5.93,24.9,2,,,CC,1,Average
Electrical Engineering,3,Electrical Circuit Analysis,After Mid-2,82.5,8.08,26.1,0,6.4,12.9,BB,1,Very Good
Information Technology,8,Big Data Analytics,After Mid-2,82.0,7.35,19.6,0,6.1,11.6,BC,1,Good
Civil Engineering,8,Project-2,After Mid-2,66.2,5.74,14.2,1,5.2,7.6,CC,1,Average
Electronics & Communication,1,Basic Electronics,After Mid-2,80.4,6.75,20.8,1,6.3,13.0,BC,1,Good
Mechanical Engineering,3,Kinematics of Machines,Before Mid-1,86.9,7.79,26.4,0,,,BC,1,Good
Computer Engineering,4,Object Oriented Programming - C++,After Mid-2,94.7,8.16,26.7,0,8.1,17.7,AB,1,Excellent
Mechanical Engineering,7,Refrigeration & Air Conditioning,After Mid-2,72.7,5.61,19.3,1,4.4,8.4,CC,1,Average
Computer Engineering,1,Mathematics-1,After Mid-1,92.0,8.14,23.6,1,7.6,,AB,1,Excellent
Information Technology,3,Effective Technical Communication,Before Mid-1,82.8,6.89,19.2,0,,,BB,1,Very Good
Electrical Engineering,2,Engineering Graphics & Design,After Mid-1,78.3,7.35,27.4,2,6.6,,BC,1,Good
Computer Engineering,6,Agile Software Development,After Mid-2,74.6,7.1,22.0,0,6.4,13.6,BB,1,Very Good
Computer Engineering,1,Engineering Graphics & Design,After Mid-2,93.9,9.75,27.6,0,9.2,18.9,AA,1,Excellent
Civil Engineering,7,Project-1,After Mid-1,85.8,8.13,19.8,0,8.3,,AB,1,Excellent
Information Technology,5,Python Programming,After Mid-1,76.4,5.23,23.7,1,5.9,,BC,1,Good
Electrical Engineering,5,Electrical Machines-2,Before Mid-1,85.2,6.89,22.0,0,,,BC,1,Good
Information Technology,5,Software Engineering,After Mid-1,87.5,7.8,27.2,0,7.6,,AB,1,Excellent
Civil Engineering,1,Engineering Graphics & Design,Before Mid-1,81.5,5.45,14.7,0,,,BC,1,Good
Civil Engineering,6,Environmental Engineering,After Mid-2,83.9,5.1,12.5,1,5.6,10.3,CC,1,Average
Mechanical Engineering,7,Project-1,Before Mid-1,80.6,6.42,19.0,1,,,CC,1,Average
Computer Engineering,1,Engineering Graphics & Design,Before Mid-1,85.4,5.58,15.3,3,,,DD,1,At Risk
Mechanical Engineering,4,Fluid Mechanics & Hydraulic Machines,After Mid-2,78.9,5.9,13.2,0,5.1,8.2,CC,1,Average
Electronics & Communication,2,Mathematics-2,Before Mid-1,68.2,7.22,23.1,0,,,BC,1,Good
Information Technology,4,Object Oriented Programming - Java,After Mid-2,93.5,8.65,29.5,0,8.6,16.5,AA,1,Excellent
Computer Engineering,3,Database Management Systems,Before Mid-1,74.4,5.0,16.6,1,,,CC,1,Average
Computer Engineering,6,Web Technology,After Mid-1,83.8,9.12,22.7,0,8.4,,AB,1,Excellent
Electronics & Communication,2,Mathematics-2,Before Mid-1,78.8,6.26,25.0,3,,,DD,1,At Risk
Electronics & Communication,4,Analog Communication,Before Mid-1,94.1,8.05,24.6,0,,,AA,1,Excellent
Computer Engineering,1,Mathematics-1,After Mid-2,68.6,6.71,21.2,0,6.0,13.6,BB,1,Very Good
Electronics & Communication,1,Mathematics-1,Before Mid-1,99.0,9.12,20.1,0,,,AA,1,Excellent
Electronics & Communication,8,Radar & Navigational Aids,After Mid-2,81.6,6.3,17.3,0,5.4,9.7,BC,1,Good
Information Technology,2,English,After Mid-2,92.3,8.06,19.4,0,6.7,15.4,AB,1,Excellent
Electronics & Communication,1,Basic Electrical Engineering,Before Mid-1,76.6,7.22,16.3,0,,,AB,1,Excellent
Electronics & Communication,7,Project-1,Before Mid-1,70.2,6.09,21.7,1,,,BC,1,Good
Electronics & Communication,8,Radar & Navigational Aids,After Mid-1,94.7,7.59,26.1,1,7.0,,BB,1,Very Good
Information Technology,7,Project-1,After Mid-2,90.0,9.61,25.4,0,9.1,16.5,AA,1,Excellent
Computer Engineering,1,Physics,Before Mid-1,90.7,7.98,24.8,0,,,AB,1,Excellent
Mechanical Engineering,4,Fluid Mechanics & Hydraulic Machines,After Mid-2,81.8,7.59,17.7,2,5.9,6.9,CC,1,Average
Information Technology,1,Environmental Sciences,After Mid-1,63.7,7.41,25.3,0,7.6,,AB,1,Excellent
Civil Engineering,2,Workshop Practices,Before Mid-1,85.6,5.89,25.4,1,,,BC,1,Good
Mechanical Engineering,3,Kinematics of Machines,After Mid-2,73.8,6.67,19.2,0,4.7,8.1,BC,1,Good
Civil Engineering,4,Structural Analysis-1,Before Mid-1,90.1,6.03,32.1,1,,,CC,1,Average
Mechanical Engineering,5,Heat Transfer,Before Mid-1,86.4,8.05,27.4,0,,,AB,1,Excellent
Mechanical Engineering,4,Applied Thermodynamics,After Mid-2,78.3,5.53,11.4,0,5.7,10.5,CC,1,Average
Information Technology,5,Computer Networks,After Mid-1,95.9,7.14,18.7,0,6.8,,BB,1,Very Good
Computer Engineering,1,Physics,After Mid-1,82.7,6.25,18.6,1,6.7,,BC,1,Good
Mechanical Engineering,3,Material Science & Metallurgy,Before Mid-1,73.3,5.45,15.0,0,,,BC,1,Good
Electronics & Communication,4,Analog Communication,Before Mid-1,90.0,9.9,34.1,0,,,AA,1,Excellent
Electrical Engineering,3,Analog Electronics,After Mid-2,74.0,4.0,13.9,4,1.6,2.4,FF,0,At Risk
